id,canonical_name,normalized_name,website,category,quality_status,quality_score,source_count,evidence_count,agency_count,first_party_evidence_count,travel_fit_score,licensing_readiness_score,preliminary_opportunity_score,score_basis,generated_at
1142,Van Gogh Museum,van gogh museum,https://imglicensing.com/brands/van-gogh-museum/,heritage_history,high_confidence,0.99,3,21,3,6,89.0,96.0,93.2,deterministic_triage_not_ai_ranked,2026-08-30T13:28:01+00:00
543,Laura Ashley,laura ashley,https://imglicensing.com/brands/laura-ashley/,art_design,high_confidence,0.99,3,14,2,4,82.0,94.3,89.3,deterministic_triage_not_ai_ranked,2026-08-30T13:28:01+00:00
26,Gap,gap,https://imglicensing.com/brands/gap/,art_design,high_confidence,0.987,2,15,2,4,82.0,91.1,88.3,deterministic_triage_not_ai_ranked,2026-08-30T13:28:01+00:00
894,Gola,gola,https://imglicensing.com/brands/gola/,art_design,high_confidence,0.987,2,7,2,4,82.0,91.1,88.3,deterministic_triage_not_ai_ranked,2026-08-30T13:28:01+00:00
1565,Ocean Pacific,ocean pacific,https://www.glg-brands.com/brand-licensing4/ocean-pacific,nature_wildlife,high_confidence,0.97,1,2,1,2,91.0,78.9,88.3,deterministic_triage_not_ai_ranked,2026-08-30T13:28:01+00:00
482,Skechers,skechers,https://imglicensing.com/brands/skechers/,art_design,high_confidence,0.987,2,8,2,4,82.0,91.1,88.3,deterministic_triage_not_ai_ranked,2026-08-30T13:28:01+00:00
1636,Zoo york,zoo york,https://www.glg-brands.com/brand-licensing5/zoo-york,nature_wildlife,high_confidence,0.97,1,2,1,2,91.0,78.9,88.3,deterministic_triage_not_ai_ranked,2026-08-30T13:28:01+00:00
23,McDonald’s,mcdonalds,https://imglicensing.com/brands/mcdonalds/,food_drink,high_confidence,0.972,2,8,3,3,80.0,94.0,87.9,deterministic_triage_not_ai_ranked,2026-08-30T13:28:01+00:00
1433,British Motor Heritage,british motor heritage,https://www.glg-brands.com/brand-licensing2/british-motor-heritage,heritage_history,high_confidence,0.97,1,2,1,2,89.0,78.9,87.4,deterministic_triage_not_ai_ranked,2026-08-30T13:28:01+00:00
1590,Royal Velvet,royal velvet,https://www.glg-brands.com/brand-licensing4/royal-velvet,heritage_history,high_confidence,0.97,1,2,1,2,89.0,78.9,87.4,deterministic_triage_not_ai_ranked,2026-08-30T13:28:01+00:00
627,National Wildlife Federation,national wildlife federation,https://www.jewelbranding.com/client/national-wildlife-federation/,nature_wildlife,high_confidence,0.922,2,4,1,2,91.0,78.5,87.2,deterministic_triage_not_ai_ranked,2026-08-30T13:28:01+00:00
622,New York Botanical Garden,new york botanical garden,https://www.jewelbranding.com/client/new-york-botanical-garden/,nature_wildlife,high_confidence,0.922,2,3,1,1,91.0,78.5,87.2,deterministic_triage_not_ai_ranked,2026-08-30T13:28:01+00:00
588,Ducati,ducati,https://imglicensing.com/brands/ducati/,transport_automotive,high_confidence,0.99,3,16,2,4,77.0,94.3,86.9,deterministic_triage_not_ai_ranked,2026-08-30T13:28:01+00:00
602,MV Agusta,mv agusta,https://imglicensing.com/brands/mv-agusta/,transport_automotive,high_confidence,0.99,3,8,2,4,77.0,94.3,86.9,deterministic_triage_not_ai_ranked,2026-08-30T13:28:01+00:00
601,Maserati,maserati,https://imglicensing.com/brands/maserati/,transport_automotive,high_confidence,0.99,3,12,2,6,77.0,94.3,86.9,deterministic_triage_not_ai_ranked,2026-08-30T13:28:01+00:00
1187,Royal Air Force,royal air force,https://imglicensing.com/brands/royal-air-force/,heritage_history,high_confidence,0.95,1,8,1,4,89.0,77.5,86.5,deterministic_triage_not_ai_ranked,2026-08-30T13:28:01+00:00
1188,Royal Navy,royal navy,https://imglicensing.com/brands/royal-navy/,heritage_history,high_confidence,0.95,1,4,1,4,89.0,77.5,86.5,deterministic_triage_not_ai_ranked,2026-08-30T13:28:01+00:00
625,Natural History Museum,natural history museum,https://www.jewelbranding.com/client/natural-history-museum/,heritage_history,high_confidence,0.922,2,4,1,2,89.0,78.5,86.3,deterministic_triage_not_ai_ranked,2026-08-30T13:28:01+00:00
221,Ford,ford,https://www.glg-brands.com/brand-licensing3/ford,transport_automotive,high_confidence,0.99,2,3,2,2,77.0,91.3,86.0,deterministic_triage_not_ai_ranked,2026-08-30T13:28:01+00:00
605,Pininfarina,pininfarina,https://imglicensing.com/brands/pininfarina/,transport_automotive,high_confidence,0.987,2,14,2,4,77.0,91.1,85.9,deterministic_triage_not_ai_ranked,2026-08-30T13:28:01+00:00
1358,Carl Karin Larsson Carl Larsson Garden Sundborn,carl karin larsson carl larsson garden sundborn,https://rightsandbrands.com/brands/carl-karin-larsson-carl-larsson-garden-sundborn/,nature_wildlife,high_confidence,0.91,1,2,1,2,91.0,74.7,85.8,deterministic_triage_not_ai_ranked,2026-08-30T13:28:01+00:00
1320,Ocean Spray,ocean spray,https://brandgenuity.com/clients/ocean-spray,nature_wildlife,high_confidence,0.91,1,2,1,2,91.0,74.7,85.8,deterministic_triage_not_ai_ranked,2026-08-30T13:28:01+00:00
204,Care Bears,care bears,https://imglicensing.com/brands/care-bears/,media_publishing,high_confidence,0.99,3,15,4,4,72.0,96.0,85.1,deterministic_triage_not_ai_ranked,2026-08-30T13:28:01+00:00
1335,Country Music Hall Of Fame And Museum,country music hall of fame and museum,https://www.jewelbranding.com/client/country-music-hall-of-fame-and-museum/,heritage_history,high_confidence,0.91,1,3,1,2,89.0,74.7,84.8,deterministic_triage_not_ai_ranked,2026-08-30T13:28:01+00:00
1323,Royal Shakespeare Company,royal shakespeare company,https://brandgenuity.com/clients/royal-shakespeare-company,heritage_history,high_confidence,0.91,1,2,1,2,89.0,74.7,84.8,deterministic_triage_not_ai_ranked,2026-08-30T13:28:01+00:00
540,Superdry,superdry,https://imglicensing.com/brands/superdry/,art_design,high_confidence,0.962,2,9,1,4,82.0,81.3,84.6,deterministic_triage_not_ai_ranked,2026-08-30T13:28:01+00:00
542,THEME,theme,https://imglicensing.com/brands/theme/,art_design,high_confidence,0.962,2,11,1,4,82.0,81.3,84.6,deterministic_triage_not_ai_ranked,2026-08-30T13:28:01+00:00
547,Vera Bradley,vera bradley,https://imglicensing.com/brands/vera-bradley/,art_design,high_confidence,0.962,2,13,1,4,82.0,81.3,84.6,deterministic_triage_not_ai_ranked,2026-08-30T13:28:01+00:00
583,Big League Chew,big league chew,https://imglicensing.com/brands/big-league-chew/,food_drink,high_confidence,0.962,2,11,1,4,80.0,81.3,83.7,deterministic_triage_not_ai_ranked,2026-08-30T13:28:01+00:00
593,HARIBO,haribo,https://imglicensing.com/brands/haribo/,food_drink,high_confidence,0.962,2,16,1,4,80.0,81.3,83.7,deterministic_triage_not_ai_ranked,2026-08-30T13:28:01+00:00
596,Jolt Cola,jolt cola,https://imglicensing.com/brands/jolt-cola/,food_drink,high_confidence,0.962,2,9,1,4,80.0,81.3,83.7,deterministic_triage_not_ai_ranked,2026-08-30T13:28:01+00:00
600,Martini,martini,https://imglicensing.com/brands/martini/,food_drink,high_confidence,0.962,2,7,1,4,80.0,81.3,83.7,deterministic_triage_not_ai_ranked,2026-08-30T13:28:01+00:00
1294,Like Nastya,like nastya,https://www.glg-brands.com/brand-licensing3/like-nastya,media_publishing,high_confidence,0.99,2,6,2,2,72.0,91.3,83.6,deterministic_triage_not_ai_ranked,2026-08-30T13:28:01+00:00
1217,Shinola,shinola,https://imglicensing.com/brands/shinola/,art_design,high_confidence,0.95,1,6,1,4,82.0,77.5,83.2,deterministic_triage_not_ai_ranked,2026-08-30T13:28:01+00:00
1218,Vilebrequin,vilebrequin,https://imglicensing.com/brands/vilebrequin/,art_design,high_confidence,0.95,1,10,1,4,82.0,77.5,83.2,deterministic_triage_not_ai_ranked,2026-08-30T13:28:01+00:00
432,Garden,garden,,nature_wildlife,documented,0.84,1,1,1,0,91.0,69.8,82.8,deterministic_triage_not_ai_ranked,2026-08-30T13:28:01+00:00
1007,Hong Kong Ocean Park,hong kong ocean park,,nature_wildlife,documented,0.84,1,1,1,0,91.0,69.8,82.8,deterministic_triage_not_ai_ranked,2026-08-30T13:28:01+00:00
145,"Spectrum Brands (Cutter, Repel, Spectracide, Ecologic, Garden Safe, Hot Shot and Black Flag)",spectrum brands cutter repel spectracide ecologic garden safe hot shot and black flag,,nature_wildlife,documented,0.84,1,1,1,0,91.0,69.8,82.8,deterministic_triage_not_ai_ranked,2026-08-30T13:28:01+00:00
522,British & Irish Lions,british and irish lions,https://imglicensing.com/brands/british-and-irish-lions/,outdoor_sport,high_confidence,0.962,2,11,1,4,78.0,81.3,82.7,deterministic_triage_not_ai_ranked,2026-08-30T13:28:01+00:00
527,Football Greats Alliance,football greats alliance,https://imglicensing.com/brands/football-greats-alliance/,outdoor_sport,high_confidence,0.962,2,9,1,4,78.0,81.3,82.7,deterministic_triage_not_ai_ranked,2026-08-30T13:28:01+00:00
576,Abarth,abarth,https://imglicensing.com/brands/abarth/,transport_automotive,high_confidence,0.962,2,11,1,4,77.0,81.3,82.2,deterministic_triage_not_ai_ranked,2026-08-30T13:28:01+00:00
1152,Delish,delish,https://imglicensing.com/brands/delish/,food_drink,high_confidence,0.95,1,6,1,4,80.0,77.5,82.2,deterministic_triage_not_ai_ranked,2026-08-30T13:28:01+00:00
587,Dodge,dodge,https://imglicensing.com/brands/dodge/,transport_automotive,high_confidence,0.962,2,9,1,4,77.0,81.3,82.2,deterministic_triage_not_ai_ranked,2026-08-30T13:28:01+00:00
592,Goodyear,goodyear,https://imglicensing.com/brands/goodyear/,transport_automotive,high_confidence,0.962,2,19,1,4,77.0,81.3,82.2,deterministic_triage_not_ai_ranked,2026-08-30T13:28:01+00:00
594,Harley-Davidson,harley davidson,https://imglicensing.com/brands/harley-davidson/,transport_automotive,high_confidence,0.962,2,8,1,3,77.0,81.3,82.2,deterministic_triage_not_ai_ranked,2026-08-30T13:28:01+00:00
595,Jeep,jeep,https://imglicensing.com/brands/jeep/,transport_automotive,high_confidence,0.962,2,29,1,4,77.0,81.3,82.2,deterministic_triage_not_ai_ranked,2026-08-30T13:28:01+00:00
597,Lancia,lancia,https://imglicensing.com/brands/lancia/,transport_automotive,high_confidence,0.962,2,7,1,4,77.0,81.3,82.2,deterministic_triage_not_ai_ranked,2026-08-30T13:28:01+00:00
1157,Pepsi,pepsi,https://imglicensing.com/brands/pepsi/,food_drink,high_confidence,0.95,1,10,1,4,80.0,77.5,82.2,deterministic_triage_not_ai_ranked,2026-08-30T13:28:01+00:00
1158,TABASCO Brand,tabasco brand,https://imglicensing.com/brands/tabasco/,food_drink,high_confidence,0.95,1,8,1,4,80.0,77.5,82.2,deterministic_triage_not_ai_ranked,2026-08-30T13:28:01+00:00
1159,Walkers,walkers,https://imglicensing.com/brands/walkers/,food_drink,high_confidence,0.95,1,8,1,4,80.0,77.5,82.2,deterministic_triage_not_ai_ranked,2026-08-30T13:28:01+00:00
1424,Beverly hills & hollywood cricket club,beverly hills and hollywood cricket club,https://www.glg-brands.com/brand-licensing7/beverly-hills-and-hollywood-cricket-club,outdoor_sport,high_confidence,0.97,1,2,1,2,78.0,78.9,82.1,deterministic_triage_not_ai_ranked,2026-08-30T13:28:01+00:00
1059,American Folk Art Museum,american folk art museum,,heritage_history,documented,0.84,1,1,1,0,89.0,69.8,81.9,deterministic_triage_not_ai_ranked,2026-08-30T13:28:01+00:00
656,Blvck Paris and Royal Enfield,blvck paris and royal enfield,,heritage_history,documented,0.84,1,1,1,0,89.0,69.8,81.9,deterministic_triage_not_ai_ranked,2026-08-30T13:28:01+00:00
353,British Motors Heritage and Tarzan,british motors heritage and tarzan,,heritage_history,documented,0.84,1,1,1,0,89.0,69.8,81.9,deterministic_triage_not_ai_ranked,2026-08-30T13:28:01+00:00
48,Crown Royal,crown royal,,heritage_history,documented,0.84,1,1,1,0,89.0,69.8,81.9,deterministic_triage_not_ai_ranked,2026-08-30T13:28:01+00:00
933,Foundation Media Partners,foundation media partners,,heritage_history,documented,0.84,1,1,1,0,89.0,69.8,81.9,deterministic_triage_not_ai_ranked,2026-08-30T13:28:01+00:00
626,Georgia O'Keeffe Museum,georgia o keeffe museum,,heritage_history,documented,0.84,1,1,1,0,89.0,69.8,81.9,deterministic_triage_not_ai_ranked,2026-08-30T13:28:01+00:00
614,Jackie Robinson Foundation,jackie robinson foundation,,heritage_history,documented,0.84,1,1,1,0,89.0,69.8,81.9,deterministic_triage_not_ai_ranked,2026-08-30T13:28:01+00:00
616,Museum of Modern Art,museum of modern art,,heritage_history,documented,0.84,1,1,1,0,89.0,69.8,81.9,deterministic_triage_not_ai_ranked,2026-08-30T13:28:01+00:00
983,National Parks Foundation,national parks foundation,,heritage_history,documented,0.84,1,1,1,0,89.0,69.8,81.9,deterministic_triage_not_ai_ranked,2026-08-30T13:28:01+00:00
243,Royal Berkshire Polo Club,royal berkshire polo club,,heritage_history,documented,0.84,1,1,1,0,89.0,69.8,81.9,deterministic_triage_not_ai_ranked,2026-08-30T13:28:01+00:00
169,Royal Shakespeare Company and NFL Players Association (Europe only),royal shakespeare company and nfl players association europe only,,heritage_history,documented,0.84,1,1,1,0,89.0,69.8,81.9,deterministic_triage_not_ai_ranked,2026-08-30T13:28:01+00:00
345,Sky Castle Toys,sky castle toys,,heritage_history,documented,0.84,1,1,1,0,89.0,69.8,81.9,deterministic_triage_not_ai_ranked,2026-08-30T13:28:01+00:00
107,The Metropolitan Museum of Art,the metropolitan museum of art,,heritage_history,documented,0.84,1,1,1,0,89.0,69.8,81.9,deterministic_triage_not_ai_ranked,2026-08-30T13:28:01+00:00
1443,Car Culture,car culture,https://www.glg-brands.com/brand-licensing2/car-culture,transport_automotive,high_confidence,0.97,1,2,1,2,77.0,78.9,81.6,deterministic_triage_not_ai_ranked,2026-08-30T13:28:01+00:00
1348,Art Influencers,art influencers,https://www.jewelbranding.com/portfolio/art-influencers/,art_design,high_confidence,0.91,1,1,1,1,82.0,74.7,81.5,deterministic_triage_not_ai_ranked,2026-08-30T13:28:01+00:00
1669,Gallery,gallery,https://www.licensingmattersglobal.com/portfolio/gallery/,art_design,high_confidence,0.91,1,1,1,1,82.0,74.7,81.5,deterministic_triage_not_ai_ranked,2026-08-30T13:28:01+00:00
1351,High Design,high design,https://www.jewelbranding.com/portfolio/high-design/,art_design,high_confidence,0.91,1,1,1,1,82.0,74.7,81.5,deterministic_triage_not_ai_ranked,2026-08-30T13:28:01+00:00
1352,Lifestyle Fashion,lifestyle fashion,https://www.jewelbranding.com/portfolio/lifestyle-fashion/,art_design,high_confidence,0.91,1,1,1,1,82.0,74.7,81.5,deterministic_triage_not_ai_ranked,2026-08-30T13:28:01+00:00
1341,Loveall Design Co,loveall design co,https://www.jewelbranding.com/client/loveall-design-co/,art_design,high_confidence,0.91,1,3,1,2,82.0,74.7,81.5,deterministic_triage_not_ai_ranked,2026-08-30T13:28:01+00:00
693,Minolta and Discovery Zone,minolta and discovery zone,,science_space,documented,0.84,1,1,1,0,88.0,69.8,81.4,deterministic_triage_not_ai_ranked,2026-08-30T13:28:01+00:00
955,The European Space Agency (ESA),the european space agency esa,,science_space,documented,0.84,1,1,1,0,88.0,69.8,81.4,deterministic_triage_not_ai_ranked,2026-08-30T13:28:01+00:00
272,Warner Bros. Discovery,warner bros discovery,,science_space,documented,0.84,1,1,1,0,88.0,69.8,81.4,deterministic_triage_not_ai_ranked,2026-08-30T13:28:01+00:00
1160,Aston Martin F1,aston martin f1,https://imglicensing.com/brands/aston-martin-f1/,outdoor_sport,high_confidence,0.95,1,8,1,4,78.0,77.5,81.2,deterministic_triage_not_ai_ranked,2026-08-30T13:28:01+00:00
214,Bugatti,bugatti,,transport_automotive,high_confidence,0.877,2,8,2,0,77.0,83.4,81.2,deterministic_triage_not_ai_ranked,2026-08-30T13:28:01+00:00
1193,France Rugby,france rugby,https://imglicensing.com/brands/france-rugby/,outdoor_sport,high_confidence,0.95,1,6,1,4,78.0,77.5,81.2,deterministic_triage_not_ai_ranked,2026-08-30T13:28:01+00:00
1196,Mayweather Boxing & Fitness,mayweather boxing and fitness,https://imglicensing.com/brands/mayweather-boxing-and-fitness/,outdoor_sport,high_confidence,0.95,1,4,1,4,78.0,77.5,81.2,deterministic_triage_not_ai_ranked,2026-08-30T13:28:01+00:00
1197,NFL,nfl,https://imglicensing.com/brands/nfl/,outdoor_sport,high_confidence,0.95,1,16,1,4,78.0,77.5,81.2,deterministic_triage_not_ai_ranked,2026-08-30T13:28:01+00:00
1201,UFC,ufc,https://imglicensing.com/brands/ufc/,outdoor_sport,high_confidence,0.95,1,77,1,4,78.0,77.5,81.2,deterministic_triage_not_ai_ranked,2026-08-30T13:28:01+00:00
497,Volkswagen,volkswagen,,transport_automotive,high_confidence,0.877,2,11,2,0,77.0,83.4,81.2,deterministic_triage_not_ai_ranked,2026-08-30T13:28:01+00:00
215,California Pizza Kitchen,california pizza kitchen,,food_drink,documented,0.865,1,2,2,0,80.0,79.5,81.1,deterministic_triage_not_ai_ranked,2026-08-30T13:28:01+00:00
218,Coca-Cola,coca cola,,food_drink,documented,0.865,1,2,2,0,80.0,79.5,81.1,deterministic_triage_not_ai_ranked,2026-08-30T13:28:01+00:00
1166,Fiat 500,fiat 500,https://imglicensing.com/brands/fiat-500/,transport_automotive,high_confidence,0.95,1,13,1,4,77.0,77.5,80.8,deterministic_triage_not_ai_ranked,2026-08-30T13:28:01+00:00
1169,Ram,ram,https://imglicensing.com/brands/ram/,transport_automotive,high_confidence,0.95,1,10,1,4,77.0,77.5,80.8,deterministic_triage_not_ai_ranked,2026-08-30T13:28:01+00:00
1171,Scout,scout,https://imglicensing.com/brands/scout/,transport_automotive,high_confidence,0.95,1,6,1,4,77.0,77.5,80.8,deterministic_triage_not_ai_ranked,2026-08-30T13:28:01+00:00
551,BRZRKR,brzrkr,https://imglicensing.com/brands/brzrkr/,media_publishing,high_confidence,0.962,2,11,1,4,72.0,81.3,79.8,deterministic_triage_not_ai_ranked,2026-08-30T13:28:01+00:00
549,Booba,booba,https://imglicensing.com/brands/booba/,media_publishing,high_confidence,0.962,2,9,1,4,72.0,81.3,79.8,deterministic_triage_not_ai_ranked,2026-08-30T13:28:01+00:00
524,ESPN,espn,https://imglicensing.com/brands/espn/,media_publishing,high_confidence,0.962,2,9,1,4,72.0,81.3,79.8,deterministic_triage_not_ai_ranked,2026-08-30T13:28:01+00:00
555,Flavortown,flavortown,https://imglicensing.com/brands/flavortown/,media_publishing,high_confidence,0.962,2,19,1,4,72.0,81.3,79.8,deterministic_triage_not_ai_ranked,2026-08-30T13:28:01+00:00
553,Fortnite,fortnite,https://imglicensing.com/brands/fortnite/,media_publishing,high_confidence,0.962,2,39,1,4,72.0,81.3,79.8,deterministic_triage_not_ai_ranked,2026-08-30T13:28:01+00:00
528,Harlem Globetrotters,harlem globetrotters,https://imglicensing.com/brands/harlem-globetrotters/,media_publishing,high_confidence,0.962,2,35,1,4,72.0,81.3,79.8,deterministic_triage_not_ai_ranked,2026-08-30T13:28:01+00:00
554,Rocket League,rocket league,https://imglicensing.com/brands/rocket-league/,media_publishing,high_confidence,0.962,2,15,1,4,72.0,81.3,79.8,deterministic_triage_not_ai_ranked,2026-08-30T13:28:01+00:00
562,San Diego Comic Con,san diego comic con,https://imglicensing.com/brands/san-diego-comic-con/,media_publishing,high_confidence,0.962,2,11,1,4,72.0,81.3,79.8,deterministic_triage_not_ai_ranked,2026-08-30T13:28:01+00:00
563,Severance,severance,https://imglicensing.com/brands/severance/,media_publishing,high_confidence,0.962,2,9,1,4,72.0,81.3,79.8,deterministic_triage_not_ai_ranked,2026-08-30T13:28:01+00:00
1191,24H Le Mans,24h le mans,https://imglicensing.com/brands/24h-le-mans/,outdoor_sport,high_confidence,0.91,1,43,1,3,78.0,74.7,79.5,deterministic_triage_not_ai_ranked,2026-08-30T13:28:01+00:00
1751,Bill And Teds Excellent Adventure And Walmart,bill and teds excellent adventure and walmart,https://bornlicensing.com/portfolio/bill-and-teds-excellent-adventure-and-walmart,outdoor_sport,high_confidence,0.91,1,1,1,1,78.0,74.7,79.5,deterministic_triage_not_ai_ranked,2026-08-30T13:28:01+00:00
1427,Billboard,billboard,https://www.glg-brands.com/brand-licensing5/billboard,media_publishing,high_confidence,0.97,1,2,1,2,72.0,78.9,79.2,deterministic_triage_not_ai_ranked,2026-08-30T13:28:01+00:00
1531,Ladies Home Journal,ladies home journal,https://www.glg-brands.com/brand-licensing6/ladies-home-journal,media_publishing,high_confidence,0.97,1,2,1,2,72.0,78.9,79.2,deterministic_triage_not_ai_ranked,2026-08-30T13:28:01+00:00
1726,Ford Aloha Wanderwell,ford aloha wanderwell,https://bornlicensing.com/portfolio/ford-aloha-wanderwell,transport_automotive,high_confidence,0.91,1,1,1,1,77.0,74.7,79.1,deterministic_triage_not_ai_ranked,2026-08-30T13:28:01+00:00
1724,Ford And Brannigan,ford and brannigan,https://bornlicensing.com/portfolio/ford-and-brannigan,transport_automotive,high_confidence,0.91,1,1,1,1,77.0,74.7,79.1,deterministic_triage_not_ai_ranked,2026-08-30T13:28:01+00:00
608,Tabasco,tabasco,,food_drink,high_confidence,0.852,2,3,1,0,80.0,73.6,79.0,deterministic_triage_not_ai_ranked,2026-08-30T13:28:01+00:00
275,Ubisoft,ubisoft,,media_publishing,high_confidence,0.877,2,4,2,0,72.0,83.4,78.8,deterministic_triage_not_ai_ranked,2026-08-30T13:28:01+00:00
797,Accent Art Studio,accent art studio,,art_design,documented,0.84,1,1,1,0,82.0,69.8,78.5,deterministic_triage_not_ai_ranked,2026-08-30T13:28:01+00:00
653,Elle Decor,elle decor,,art_design,documented,0.84,1,1,1,0,82.0,69.8,78.5,deterministic_triage_not_ai_ranked,2026-08-30T13:28:01+00:00
341,Fashion Angels,fashion angels,,art_design,documented,0.84,1,1,1,0,82.0,69.8,78.5,deterministic_triage_not_ai_ranked,2026-08-30T13:28:01+00:00
828,JJ Design House,jj design house,,art_design,documented,0.84,1,1,1,0,82.0,69.8,78.5,deterministic_triage_not_ai_ranked,2026-08-30T13:28:01+00:00
67,Matthew Williamson Design,matthew williamson design,,art_design,documented,0.84,1,1,1,0,82.0,69.8,78.5,deterministic_triage_not_ai_ranked,2026-08-30T13:28:01+00:00
841,Mehu Art,mehu art,,art_design,documented,0.84,1,1,1,0,82.0,69.8,78.5,deterministic_triage_not_ai_ranked,2026-08-30T13:28:01+00:00
517,Mulga the Artist and The Doodle Boy,mulga the artist and the doodle boy,,art_design,documented,0.84,1,1,1,0,82.0,69.8,78.5,deterministic_triage_not_ai_ranked,2026-08-30T13:28:01+00:00
1053,Pavarini Design,pavarini design,,art_design,documented,0.84,1,1,1,0,82.0,69.8,78.5,deterministic_triage_not_ai_ranked,2026-08-30T13:28:01+00:00
949,Stig Lindberg Design,stig lindberg design,,art_design,documented,0.84,1,1,1,0,82.0,69.8,78.5,deterministic_triage_not_ai_ranked,2026-08-30T13:28:01+00:00
1233,Assassin's Creed,assassin s creed,https://imglicensing.com/brands/assassins-creed/,media_publishing,high_confidence,0.95,1,10,1,4,72.0,77.5,78.4,deterministic_triage_not_ai_ranked,2026-08-30T13:28:01+00:00
1213,Cosmopolitan,cosmopolitan,https://imglicensing.com/brands/cosmopolitan/,media_publishing,high_confidence,0.95,1,16,1,4,72.0,77.5,78.4,deterministic_triage_not_ai_ranked,2026-08-30T13:28:01+00:00
1215,Esquire,esquire,https://imglicensing.com/brands/esquire/,media_publishing,high_confidence,0.95,1,8,1,4,72.0,77.5,78.4,deterministic_triage_not_ai_ranked,2026-08-30T13:28:01+00:00
1240,Foundation,foundation,https://imglicensing.com/brands/foundation/,media_publishing,high_confidence,0.95,1,8,1,4,72.0,77.5,78.4,deterministic_triage_not_ai_ranked,2026-08-30T13:28:01+00:00
1242,John Wick,john wick,https://imglicensing.com/brands/john-wick/,media_publishing,high_confidence,0.95,1,9,1,3,72.0,77.5,78.4,deterministic_triage_not_ai_ranked,2026-08-30T13:28:01+00:00
1194,L'Equipe,l equipe,https://imglicensing.com/brands/lequipe/,media_publishing,high_confidence,0.95,1,8,1,4,72.0,77.5,78.4,deterministic_triage_not_ai_ranked,2026-08-30T13:28:01+00:00
1205,Michael Jackson,michael jackson,https://imglicensing.com/brands/michael-jackson/,media_publishing,high_confidence,0.95,1,8,1,4,72.0,77.5,78.4,deterministic_triage_not_ai_ranked,2026-08-30T13:28:01+00:00
1222,Minions,minions,https://imglicensing.com/brands/minions/,media_publishing,high_confidence,0.95,1,6,1,4,72.0,77.5,78.4,deterministic_triage_not_ai_ranked,2026-08-30T13:28:01+00:00
1198,PBR,pbr,https://imglicensing.com/brands/professional-bull-riders/,media_publishing,high_confidence,0.95,1,18,1,4,72.0,77.5,78.4,deterministic_triage_not_ai_ranked,2026-08-30T13:28:01+00:00
1224,Peppa Pig,peppa pig,https://imglicensing.com/brands/peppa-pig/,media_publishing,high_confidence,0.95,1,6,1,4,72.0,77.5,78.4,deterministic_triage_not_ai_ranked,2026-08-30T13:28:01+00:00
690,RCA,rca,https://www.glg-brands.com/brand-licensing4/rca,other,high_confidence,0.99,3,6,4,2,58.0,96.0,78.4,deterministic_triage_not_ai_ranked,2026-08-30T13:28:01+00:00
1249,Rainbow 6,rainbow 6,https://imglicensing.com/brands/rainbow-6/,media_publishing,high_confidence,0.95,1,6,1,4,72.0,77.5,78.4,deterministic_triage_not_ai_ranked,2026-08-30T13:28:01+00:00
1251,Sarah J. Maas,sarah j maas,https://imglicensing.com/brands/sarah-j-maas/,media_publishing,high_confidence,0.95,1,10,1,4,72.0,77.5,78.4,deterministic_triage_not_ai_ranked,2026-08-30T13:28:01+00:00
1334,Skip to Content,skip to content,,other,high_confidence,0.99,11,20,11,0,58.0,96.0,78.4,deterministic_triage_not_ai_ranked,2026-08-30T13:28:01+00:00
1259,The Hunger Games,the hunger games,https://imglicensing.com/brands/the-hunger-games/,media_publishing,high_confidence,0.95,1,6,1,4,72.0,77.5,78.4,deterministic_triage_not_ai_ranked,2026-08-30T13:28:01+00:00
1209,The Little Prince,the little prince,https://imglicensing.com/brands/the-little-prince/,media_publishing,high_confidence,0.95,1,6,1,4,72.0,77.5,78.4,deterministic_triage_not_ai_ranked,2026-08-30T13:28:01+00:00
1262,Twilight,twilight,https://imglicensing.com/brands/twilight/,media_publishing,high_confidence,0.95,1,12,1,4,72.0,77.5,78.4,deterministic_triage_not_ai_ranked,2026-08-30T13:28:01+00:00
1203,WWE,wwe,https://imglicensing.com/brands/wwe/,media_publishing,high_confidence,0.95,1,58,1,4,72.0,77.5,78.4,deterministic_triage_not_ai_ranked,2026-08-30T13:28:01+00:00
1635,Yale University,yale university,https://www.glg-brands.com/brand-licensing7/yale-university,education,high_confidence,0.97,1,2,1,2,70.0,78.9,78.2,deterministic_triage_not_ai_ranked,2026-08-30T13:28:01+00:00
787,KIKKOMAN,kikkoman,https://www.glg-brands.com/brand-licensing7/kikkoman,other,high_confidence,0.99,2,4,3,2,58.0,95.3,78.1,deterministic_triage_not_ai_ranked,2026-08-30T13:28:01+00:00
523,Bundesliga,bundesliga,,outdoor_sport,high_confidence,0.852,2,7,1,0,78.0,73.6,78.0,deterministic_triage_not_ai_ranked,2026-08-30T13:28:01+00:00
1078,Bench,bench,https://www.glg-brands.com/brand-licensing1/bench,other,high_confidence,0.99,3,4,2,2,58.0,94.3,77.8,deterministic_triage_not_ai_ranked,2026-08-30T13:28:01+00:00
11,Our Services,our services,,other,high_confidence,0.962,7,12,7,0,58.0,96.0,77.8,deterministic_triage_not_ai_ranked,2026-08-30T13:28:01+00:00
566,Zorro,zorro,https://imglicensing.com/brands/zorro/,other,high_confidence,0.99,3,7,2,6,58.0,94.3,77.8,deterministic_triage_not_ai_ranked,2026-08-30T13:28:01+00:00
1694,Heritage Home Group,heritage home group,,heritage_history,review,0.74,1,2,1,0,89.0,62.8,77.6,deterministic_triage_not_ai_ranked,2026-08-30T13:28:01+00:00
1285,"Royal Navy, British Army, Royal Air Force",royal navy british army royal air force,,heritage_history,review,0.74,1,2,1,0,89.0,62.8,77.6,deterministic_triage_not_ai_ranked,2026-08-30T13:28:01+00:00
152,Boston Beer Company and Calypso Lemonade,boston beer company and calypso lemonade,,food_drink,documented,0.84,1,1,1,0,80.0,69.8,77.5,deterministic_triage_not_ai_ranked,2026-08-30T13:28:01+00:00
298,Camp Chef,camp chef,,food_drink,documented,0.84,1,1,1,0,80.0,69.8,77.5,deterministic_triage_not_ai_ranked,2026-08-30T13:28:01+00:00
43,Chef Eric Adjepong,chef eric adjepong,,food_drink,documented,0.84,1,1,1,0,80.0,69.8,77.5,deterministic_triage_not_ai_ranked,2026-08-30T13:28:01+00:00
784,Cola-Cola Company,cola cola company,,food_drink,documented,0.84,1,1,1,0,80.0,69.8,77.5,deterministic_triage_not_ai_ranked,2026-08-30T13:28:01+00:00
1062,French Culinary Institute and Natural Gourmet Institute,french culinary institute and natural gourmet institute,,food_drink,documented,0.84,1,1,1,0,80.0,69.8,77.5,deterministic_triage_not_ai_ranked,2026-08-30T13:28:01+00:00
271,Sauz and Smash Kitchen,sauz and smash kitchen,,food_drink,documented,0.84,1,1,1,0,80.0,69.8,77.5,deterministic_triage_not_ai_ranked,2026-08-30T13:28:01+00:00
28,luckin coffee,luckin coffee,,food_drink,documented,0.84,1,1,1,0,80.0,69.8,77.5,deterministic_triage_not_ai_ranked,2026-08-30T13:28:01+00:00
1162,CLC- American College Brands,clc american college brands,https://imglicensing.com/brands/clc/,education,high_confidence,0.95,1,6,1,4,70.0,77.5,77.4,deterministic_triage_not_ai_ranked,2026-08-30T13:28:01+00:00
22,KFC,kfc,https://brandgenuity.com/clients/kfc,other,high_confidence,0.972,2,5,3,2,58.0,94.0,77.4,deterministic_triage_not_ai_ranked,2026-08-30T13:28:01+00:00
65,Line Friends,line friends,https://www.joesterloriagroup.com/portfolio/project-three-sng7y-jkgxx-kmlk5-64gk3-28jj6-whllz-628j9-wrfjk-lw89h-2swne-p255j-d2dde-cyaj6-jgdfh,other,high_confidence,0.972,2,4,3,2,58.0,94.0,77.4,deterministic_triage_not_ai_ranked,2026-08-30T13:28:01+00:00
203,Popeye,popeye,https://rightsandbrands.com/brands/popeye/,other,high_confidence,0.972,2,3,3,1,58.0,94.0,77.4,deterministic_triage_not_ai_ranked,2026-08-30T13:28:01+00:00
213,Bobcat,bobcat,https://www.glg-brands.com/brand-licensing2/bobcat,other,high_confidence,0.99,2,3,2,2,58.0,91.3,76.9,deterministic_triage_not_ai_ranked,2026-08-30T13:28:01+00:00
1026,Brookstone,brookstone,https://www.glg-brands.com/brand-licensing5/brookstone,other,high_confidence,0.99,2,3,2,2,58.0,91.3,76.9,deterministic_triage_not_ai_ranked,2026-08-30T13:28:01+00:00
134,Cherokee,cherokee,https://www.glg-brands.com/brand-licensing5/cherokee,other,high_confidence,0.99,2,3,2,2,58.0,91.3,76.9,deterministic_triage_not_ai_ranked,2026-08-30T13:28:01+00:00
1451,Conte of Florence,conte of florence,https://www.glg-brands.com/brand-licensing1/conte-of-florence,other,high_confidence,0.99,2,3,2,2,58.0,91.3,76.9,deterministic_triage_not_ai_ranked,2026-08-30T13:28:01+00:00
347,Daewoo,daewoo,https://www.glg-brands.com/brand-licensing2/daewoo,other,high_confidence,0.99,2,3,2,2,58.0,91.3,76.9,deterministic_triage_not_ai_ranked,2026-08-30T13:28:01+00:00
348,Edison,edison,https://www.glg-brands.com/brand-licensing5/edison,other,high_confidence,0.99,2,3,2,2,58.0,91.3,76.9,deterministic_triage_not_ai_ranked,2026-08-30T13:28:01+00:00
1022,Express,express,https://www.glg-brands.com/brand-licensing2/express,other,high_confidence,0.99,2,3,2,2,58.0,91.3,76.9,deterministic_triage_not_ai_ranked,2026-08-30T13:28:01+00:00
893,Fiorucci,fiorucci,https://www.glg-brands.com/brand-licensing3/fiorucci,other,high_confidence,0.99,2,3,2,2,58.0,91.3,76.9,deterministic_triage_not_ai_ranked,2026-08-30T13:28:01+00:00
887,G-STAR RAW,g star raw,https://www.glg-brands.com/brand-licensing3/g-star-raw,other,high_confidence,0.99,2,3,2,2,58.0,91.3,76.9,deterministic_triage_not_ai_ranked,2026-08-30T13:28:01+00:00
1017,Hurley,hurley,https://www.glg-brands.com/brand-licensing3/hurley,other,high_confidence,0.99,2,3,2,2,58.0,91.3,76.9,deterministic_triage_not_ai_ranked,2026-08-30T13:28:01+00:00
691,Kelvinator,kelvinator,https://www.glg-brands.com/brand-licensing3/kelvinator,other,high_confidence,0.99,2,3,2,2,58.0,91.3,76.9,deterministic_triage_not_ai_ranked,2026-08-30T13:28:01+00:00
1021,Original Penguin,original penguin,https://www.glg-brands.com/brand-licensing1/original-penguin,other,high_confidence,0.99,2,3,2,2,58.0,91.3,76.9,deterministic_triage_not_ai_ranked,2026-08-30T13:28:01+00:00
1111,Perry Ellis,perry ellis,https://www.glg-brands.com/brand-licensing1/perry-ellis,other,high_confidence,0.99,2,3,2,2,58.0,91.3,76.9,deterministic_triage_not_ai_ranked,2026-08-30T13:28:01+00:00
687,Philco,philco,https://www.glg-brands.com/brand-licensing4/philco,other,high_confidence,0.99,2,3,2,2,58.0,91.3,76.9,deterministic_triage_not_ai_ranked,2026-08-30T13:28:01+00:00
692,Thomson,thomson,https://www.glg-brands.com/brand-licensing5/thomson,other,high_confidence,0.99,2,3,2,2,58.0,91.3,76.9,deterministic_triage_not_ai_ranked,2026-08-30T13:28:01+00:00
545,Ann Taylor,ann taylor,https://imglicensing.com/brands/ann-taylor/,other,high_confidence,0.987,2,6,2,4,58.0,91.1,76.7,deterministic_triage_not_ai_ranked,2026-08-30T13:28:01+00:00
1245,MGM,mgm,https://imglicensing.com/brands/mgm/,other,high_confidence,0.987,2,5,2,4,58.0,91.1,76.7,deterministic_triage_not_ai_ranked,2026-08-30T13:28:01+00:00
303,Bushnell Golf,bushnell golf,,outdoor_sport,documented,0.84,1,1,1,0,78.0,69.8,76.6,deterministic_triage_not_ai_ranked,2026-08-30T13:28:01+00:00
299,Fox Racing,fox racing,,outdoor_sport,documented,0.84,1,1,1,0,78.0,69.8,76.6,deterministic_triage_not_ai_ranked,2026-08-30T13:28:01+00:00
526,Fédération Française de Rugby,federation francaise de rugby,,outdoor_sport,documented,0.84,1,1,1,0,78.0,69.8,76.6,deterministic_triage_not_ai_ranked,2026-08-30T13:28:01+00:00
1068,Hoonigan Racing,hoonigan racing,,outdoor_sport,documented,0.84,1,1,1,0,78.0,69.8,76.6,deterministic_triage_not_ai_ranked,2026-08-30T13:28:01+00:00
535,Manchester City Football Club,manchester city football club,,outdoor_sport,documented,0.84,1,1,1,0,78.0,69.8,76.6,deterministic_triage_not_ai_ranked,2026-08-30T13:28:01+00:00
530,Mayweather Fitness,mayweather fitness,,outdoor_sport,documented,0.84,1,1,1,0,78.0,69.8,76.6,deterministic_triage_not_ai_ranked,2026-08-30T13:28:01+00:00
392,McLaren Racing,mclaren racing,,outdoor_sport,documented,0.84,1,1,1,0,78.0,69.8,76.6,deterministic_triage_not_ai_ranked,2026-08-30T13:28:01+00:00
235,Outdoor Voices,outdoor voices,,outdoor_sport,documented,0.84,1,1,1,0,78.0,69.8,76.6,deterministic_triage_not_ai_ranked,2026-08-30T13:28:01+00:00
241,Red Bull Racing,red bull racing,,outdoor_sport,documented,0.84,1,1,1,0,78.0,69.8,76.6,deterministic_triage_not_ai_ranked,2026-08-30T13:28:01+00:00
254,the College Football Playoff,the college football playoff,,outdoor_sport,documented,0.84,1,1,1,0,78.0,69.8,76.6,deterministic_triage_not_ai_ranked,2026-08-30T13:28:01+00:00
572,Hasbro,hasbro,,other,high_confidence,0.952,2,6,5,0,58.0,92.6,76.5,deterministic_triage_not_ai_ranked,2026-08-30T13:28:01+00:00
240,Porsche,porsche,,transport_automotive,documented,0.84,1,1,1,0,77.0,69.8,76.1,deterministic_triage_not_ai_ranked,2026-08-30T13:28:01+00:00
729,” Honkai Star Rail,honkai star rail,,transport_automotive,documented,0.84,1,1,1,0,77.0,69.8,76.1,deterministic_triage_not_ai_ranked,2026-08-30T13:28:01+00:00
510,Paramount,paramount,,other,high_confidence,0.927,2,5,4,0,58.0,90.9,75.5,deterministic_triage_not_ai_ranked,2026-08-30T13:28:01+00:00
525,L’Équipe,lequipe,,media_publishing,high_confidence,0.852,2,3,1,0,72.0,73.6,75.2,deterministic_triage_not_ai_ranked,2026-08-30T13:28:01+00:00
564,Toikido,toikido,,media_publishing,high_confidence,0.852,2,3,1,0,72.0,73.6,75.2,deterministic_triage_not_ai_ranked,2026-08-30T13:28:01+00:00
349,Acer,acer,https://www.glg-brands.com/brand-licensing1/acer,other,high_confidence,0.947,2,2,2,1,58.0,88.3,75.0,deterministic_triage_not_ai_ranked,2026-08-30T13:28:01+00:00
60,Eggo,eggo,https://www.joesterloriagroup.com/portfolio/project-three-sng7y-jkgxx-kmlk5-64gk3-28jj6-whllz-628j9-wrfjk-lw89h-2swne-p255j-d2dde-cyaj6-wtjy9-sm384-zbh6p,other,high_confidence,0.947,2,3,2,2,58.0,88.3,75.0,deterministic_triage_not_ai_ranked,2026-08-30T13:28:01+00:00
3,Kellanova,kellanova,https://www.beanstalk.com/client/kellanova,other,high_confidence,0.947,2,2,2,1,58.0,88.3,75.0,deterministic_triage_not_ai_ranked,2026-08-30T13:28:01+00:00
230,Miffy,miffy,https://www.joesterloriagroup.com/portfolio/project-three-sng7y-jkgxx-kmlk5-64gk3-28jj6-whllz-628j9,other,high_confidence,0.947,2,4,2,2,58.0,88.3,75.0,deterministic_triage_not_ai_ranked,2026-08-30T13:28:01+00:00
63,Pringles,pringles,https://www.joesterloriagroup.com/portfolio/project-three-sng7y-jkgxx-kmlk5-64gk3-28jj6-whllz-628j9-wrfjk-lw89h-2swne-p255j-d2dde-cyaj6-wtjy9-sm384,other,high_confidence,0.947,2,3,2,2,58.0,88.3,75.0,deterministic_triage_not_ai_ranked,2026-08-30T13:28:01+00:00
64,Rice Krispies Treats,rice krispies treats,https://www.joesterloriagroup.com/portfolio/project-three-sng7y-jkgxx-kmlk5-64gk3-28jj6-whllz-628j9-wrfjk-lw89h-2swne-p255j-d2dde-cyaj6-wtjy9,other,high_confidence,0.947,2,3,2,2,58.0,88.3,75.0,deterministic_triage_not_ai_ranked,2026-08-30T13:28:01+00:00
9,Stanley Black & Decker,stanley black and decker,https://www.beanstalk.com/client/stanley-black-decker,other,high_confidence,0.947,2,2,2,1,58.0,88.3,75.0,deterministic_triage_not_ai_ranked,2026-08-30T13:28:01+00:00
8,The Met,the met,https://www.beanstalk.com/client/the-met,other,high_confidence,0.947,2,2,2,1,58.0,88.3,75.0,deterministic_triage_not_ai_ranked,2026-08-30T13:28:01+00:00
1389,The Smurfs,the smurfs,https://rightsandbrands.com/brands/the-smurfs/,other,high_confidence,0.947,2,3,2,1,58.0,88.3,75.0,deterministic_triage_not_ai_ranked,2026-08-30T13:28:01+00:00
1274,Angry Birds,angry birds,,media_publishing,review,0.777,2,60,2,0,72.0,76.4,74.5,deterministic_triage_not_ai_ranked,2026-08-30T13:28:01+00:00
1299,Been Trill,been trill,,art_design,review,0.74,1,2,1,0,82.0,62.8,74.3,deterministic_triage_not_ai_ranked,2026-08-30T13:28:01+00:00
1298,Killing Eve,killing eve,,art_design,review,0.74,1,6,1,0,82.0,62.8,74.3,deterministic_triage_not_ai_ranked,2026-08-30T13:28:01+00:00
516,Moonbug,moonbug,,other,high_confidence,0.915,1,4,4,0,58.0,87.0,74.0,deterministic_triage_not_ai_ranked,2026-08-30T13:28:01+00:00
24,SEGA,sega,,other,high_confidence,0.915,1,4,4,0,58.0,87.0,74.0,deterministic_triage_not_ai_ranked,2026-08-30T13:28:01+00:00
1058,BleuLife Media,bleulife media,,media_publishing,documented,0.84,1,1,1,0,72.0,69.8,73.7,deterministic_triage_not_ai_ranked,2026-08-30T13:28:01+00:00
1060,Fast Company Magazine,fast company magazine,,media_publishing,documented,0.84,1,1,1,0,72.0,69.8,73.7,deterministic_triage_not_ai_ranked,2026-08-30T13:28:01+00:00
1061,Inc. Magazine,inc magazine,,media_publishing,documented,0.84,1,1,1,0,72.0,69.8,73.7,deterministic_triage_not_ai_ranked,2026-08-30T13:28:01+00:00
1033,Media Rights Capital,media rights capital,,media_publishing,documented,0.84,1,1,1,0,72.0,69.8,73.7,deterministic_triage_not_ai_ranked,2026-08-30T13:28:01+00:00
197,Rolling Stone Magazine,rolling stone magazine,,media_publishing,documented,0.84,1,1,1,0,72.0,69.8,73.7,deterministic_triage_not_ai_ranked,2026-08-30T13:28:01+00:00
1116,VIZ Media,viz media,,media_publishing,documented,0.84,1,1,1,0,72.0,69.8,73.7,deterministic_triage_not_ai_ranked,2026-08-30T13:28:01+00:00
315,” Gaumont Television: “Narcos,gaumont television narcos,,media_publishing,documented,0.84,1,1,1,0,72.0,69.8,73.7,deterministic_triage_not_ai_ranked,2026-08-30T13:28:01+00:00
1267,Announces New Licensing Partners,announces new licensing partners,,food_drink,review,0.74,1,2,1,0,80.0,62.8,73.3,deterministic_triage_not_ai_ranked,2026-08-30T13:28:01+00:00
1269,"Bacardi, Martini",bacardi martini,,food_drink,review,0.74,1,2,1,0,80.0,62.8,73.3,deterministic_triage_not_ai_ranked,2026-08-30T13:28:01+00:00
1293,Budweiser,budweiser,,food_drink,review,0.74,1,4,1,0,80.0,62.8,73.3,deterministic_triage_not_ai_ranked,2026-08-30T13:28:01+00:00
1277,McDonald's,mcdonald s,,food_drink,review,0.74,1,6,1,0,80.0,62.8,73.3,deterministic_triage_not_ai_ranked,2026-08-30T13:28:01+00:00
1271,Randy’s Donuts,randys donuts,,food_drink,review,0.74,1,2,1,0,80.0,62.8,73.3,deterministic_triage_not_ai_ranked,2026-08-30T13:28:01+00:00
574,AAA,aaa,https://imglicensing.com/brands/aaa/,other,high_confidence,0.962,2,5,1,4,58.0,81.3,73.1,deterministic_triage_not_ai_ranked,2026-08-30T13:28:01+00:00
575,Alessi,alessi,https://imglicensing.com/brands/alessi/,other,high_confidence,0.962,2,5,1,4,58.0,81.3,73.1,deterministic_triage_not_ai_ranked,2026-08-30T13:28:01+00:00
577,Alfa Romeo,alfa romeo,https://imglicensing.com/brands/alfa-romeo/,other,high_confidence,0.962,2,5,1,4,58.0,81.3,73.1,deterministic_triage_not_ai_ranked,2026-08-30T13:28:01+00:00
578,Armor All,armor all,https://imglicensing.com/brands/armorall/,other,high_confidence,0.962,2,5,1,4,58.0,81.3,73.1,deterministic_triage_not_ai_ranked,2026-08-30T13:28:01+00:00
581,Automobili Pininfarina,automobili pininfarina,https://imglicensing.com/brands/automobili-pininfarina/,other,high_confidence,0.962,2,5,1,4,58.0,81.3,73.1,deterministic_triage_not_ai_ranked,2026-08-30T13:28:01+00:00
582,Bacardi,bacardi,https://imglicensing.com/brands/bacardi/,other,high_confidence,0.962,2,5,1,4,58.0,81.3,73.1,deterministic_triage_not_ai_ranked,2026-08-30T13:28:01+00:00
584,Chevron,chevron,https://imglicensing.com/brands/chevron/,other,high_confidence,0.962,2,5,1,4,58.0,81.3,73.1,deterministic_triage_not_ai_ranked,2026-08-30T13:28:01+00:00
585,Chrysler,chrysler,https://imglicensing.com/brands/chrysler/,other,high_confidence,0.962,2,5,1,4,58.0,81.3,73.1,deterministic_triage_not_ai_ranked,2026-08-30T13:28:01+00:00
586,Citroën,citroen,https://imglicensing.com/brands/citroen/,other,high_confidence,0.962,2,5,1,4,58.0,81.3,73.1,deterministic_triage_not_ai_ranked,2026-08-30T13:28:01+00:00
537,Claire's,claire s,https://imglicensing.com/brands/claires/,other,high_confidence,0.962,2,7,1,4,58.0,81.3,73.1,deterministic_triage_not_ai_ranked,2026-08-30T13:28:01+00:00
552,Dolly Parton,dolly parton,https://imglicensing.com/brands/dolly-parton/,other,high_confidence,0.962,2,61,1,4,58.0,81.3,73.1,deterministic_triage_not_ai_ranked,2026-08-30T13:28:01+00:00
589,Energizer,energizer,https://imglicensing.com/brands/energizer/,other,high_confidence,0.962,2,5,1,4,58.0,81.3,73.1,deterministic_triage_not_ai_ranked,2026-08-30T13:28:01+00:00
567,Fall Guys,fall guys,https://imglicensing.com/brands/fall-guys/,other,high_confidence,0.962,2,5,1,4,58.0,81.3,73.1,deterministic_triage_not_ai_ranked,2026-08-30T13:28:01+00:00
590,Fiat Professional,fiat professional,https://imglicensing.com/brands/fiat-professional/,other,high_confidence,0.962,2,5,1,4,58.0,81.3,73.1,deterministic_triage_not_ai_ranked,2026-08-30T13:28:01+00:00
538,Georges Marciano,georges marciano,https://imglicensing.com/brands/georges-marciano/,other,high_confidence,0.962,2,5,1,4,58.0,81.3,73.1,deterministic_triage_not_ai_ranked,2026-08-30T13:28:01+00:00
591,Gold's Gym,gold s gym,https://imglicensing.com/brands/golds-gym/,other,high_confidence,0.962,2,5,1,4,58.0,81.3,73.1,deterministic_triage_not_ai_ranked,2026-08-30T13:28:01+00:00
569,Kakao Friends,kakao friends,https://imglicensing.com/brands/kakao-friends/,other,high_confidence,0.962,2,5,1,4,58.0,81.3,73.1,deterministic_triage_not_ai_ranked,2026-08-30T13:28:01+00:00
598,Lamborghini,lamborghini,https://imglicensing.com/brands/lamborghini/,other,high_confidence,0.962,2,5,1,4,58.0,81.3,73.1,deterministic_triage_not_ai_ranked,2026-08-30T13:28:01+00:00
559,Millie Bobby Brown,millie bobby brown,https://imglicensing.com/brands/millie-bobby-brown/,other,high_confidence,0.962,2,7,1,4,58.0,81.3,73.1,deterministic_triage_not_ai_ranked,2026-08-30T13:28:01+00:00
603,Opel,opel,https://imglicensing.com/brands/opel/,other,high_confidence,0.962,2,5,1,4,58.0,81.3,73.1,deterministic_triage_not_ai_ranked,2026-08-30T13:28:01+00:00
606,Polaroid,polaroid,https://imglicensing.com/brands/polaroid/,other,high_confidence,0.962,2,9,1,4,58.0,81.3,73.1,deterministic_triage_not_ai_ranked,2026-08-30T13:28:01+00:00
560,Randy's Donuts,randy s donuts,https://imglicensing.com/brands/randys-donuts/,other,high_confidence,0.962,2,4,1,3,58.0,81.3,73.1,deterministic_triage_not_ai_ranked,2026-08-30T13:28:01+00:00
579,STP,stp,https://imglicensing.com/brands/stp/,other,high_confidence,0.962,2,5,1,4,58.0,81.3,73.1,deterministic_triage_not_ai_ranked,2026-08-30T13:28:01+00:00
546,Talbots,talbots,https://imglicensing.com/brands/talbots/,other,high_confidence,0.962,2,5,1,4,58.0,81.3,73.1,deterministic_triage_not_ai_ranked,2026-08-30T13:28:01+00:00
233,Netflix,netflix,,other,documented,0.89,1,3,3,0,58.0,85.3,72.9,deterministic_triage_not_ai_ranked,2026-08-30T13:28:01+00:00
509,Sanrio,sanrio,,other,documented,0.89,1,3,3,0,58.0,85.3,72.9,deterministic_triage_not_ai_ranked,2026-08-30T13:28:01+00:00
196,Sesame Street,sesame street,,other,documented,0.89,1,3,3,0,58.0,85.3,72.9,deterministic_triage_not_ai_ranked,2026-08-30T13:28:01+00:00
287,Spin Master,spin master,,other,documented,0.89,1,3,3,0,58.0,85.3,72.9,deterministic_triage_not_ai_ranked,2026-08-30T13:28:01+00:00
428,EF Education,ef education,,education,documented,0.84,1,1,1,0,70.0,69.8,72.7,deterministic_triage_not_ai_ranked,2026-08-30T13:28:01+00:00
1145,Harvard,harvard,,education,documented,0.84,1,1,1,0,70.0,69.8,72.7,deterministic_triage_not_ai_ranked,2026-08-30T13:28:01+00:00
108,The Ohio State University,the ohio state university,,education,documented,0.84,1,1,1,0,70.0,69.8,72.7,deterministic_triage_not_ai_ranked,2026-08-30T13:28:01+00:00
1146,Yale,yale,,education,documented,0.84,1,1,1,0,70.0,69.8,72.7,deterministic_triage_not_ai_ranked,2026-08-30T13:28:01+00:00
1407,ALPINE,alpine,https://www.glg-brands.com/brand-licensing5/alpine,other,high_confidence,0.97,1,2,1,2,58.0,78.9,72.5,deterministic_triage_not_ai_ranked,2026-08-30T13:28:01+00:00
1408,ALV by Alviero Martini,alv by alviero martini,https://www.glg-brands.com/brand-licensing1/alv-by-alviero-martini,other,high_confidence,0.97,1,2,1,2,58.0,78.9,72.5,deterministic_triage_not_ai_ranked,2026-08-30T13:28:01+00:00
1417,AVIREX,avirex,https://www.glg-brands.com/brand-licensing6/avirex,other,high_confidence,0.97,1,2,1,2,58.0,78.9,72.5,deterministic_triage_not_ai_ranked,2026-08-30T13:28:01+00:00
1403,Acoustic Research,acoustic research,https://www.glg-brands.com/brand-licensing7/acoustic-research,other,high_confidence,0.97,1,2,1,2,58.0,78.9,72.5,deterministic_triage_not_ai_ranked,2026-08-30T13:28:01+00:00
1404,Admiral,admiral,https://www.glg-brands.com/brand-licensing1/admiral,other,high_confidence,0.97,1,2,1,2,58.0,78.9,72.5,deterministic_triage_not_ai_ranked,2026-08-30T13:28:01+00:00
1405,Akademiks,akademiks,https://www.glg-brands.com/brand-licensing1/akademiks,other,high_confidence,0.97,1,2,1,2,58.0,78.9,72.5,deterministic_triage_not_ai_ranked,2026-08-30T13:28:01+00:00
1406,Alessandro Dell'Acqua,alessandro dell acqua,https://www.glg-brands.com/brand-licensing1/alessandro-dell'acqua,other,high_confidence,0.97,1,2,1,2,58.0,78.9,72.5,deterministic_triage_not_ai_ranked,2026-08-30T13:28:01+00:00
1409,Andrea Alvin Portfolio,andrea alvin portfolio,https://www.glg-brands.com/brand-licensing6/andrea-alvin-portfolio,other,high_confidence,0.97,1,2,1,2,58.0,78.9,72.5,deterministic_triage_not_ai_ranked,2026-08-30T13:28:01+00:00
1410,Anne Klein,anne klein,https://www.glg-brands.com/brand-licensing1/anne-klein,other,high_confidence,0.97,1,2,1,2,58.0,78.9,72.5,deterministic_triage_not_ai_ranked,2026-08-30T13:28:01+00:00
1411,AnziBesson,anzibesson,https://www.glg-brands.com/brand-licensing7/anzibesson,other,high_confidence,0.97,1,2,1,2,58.0,78.9,72.5,deterministic_triage_not_ai_ranked,2026-08-30T13:28:01+00:00
1412,Aquascutum,aquascutum,https://www.glg-brands.com/brand-licensing2/aquascutum,other,high_confidence,0.97,1,2,1,2,58.0,78.9,72.5,deterministic_triage_not_ai_ranked,2026-08-30T13:28:01+00:00
1413,Artful Dodger,artful dodger,https://www.glg-brands.com/brand-licensing1/artful-dodger,other,high_confidence,0.97,1,2,1,2,58.0,78.9,72.5,deterministic_triage_not_ai_ranked,2026-08-30T13:28:01+00:00
1414,Atletico de Madrid,atletico de madrid,https://www.glg-brands.com/brand-licensing2/atletico-de-madrid,other,high_confidence,0.97,1,2,1,2,58.0,78.9,72.5,deterministic_triage_not_ai_ranked,2026-08-30T13:28:01+00:00
1415,August Max Woman,august max woman,https://www.glg-brands.com/brand-licensing1/august-max-woman,other,high_confidence,0.97,1,2,1,2,58.0,78.9,72.5,deterministic_triage_not_ai_ranked,2026-08-30T13:28:01+00:00
1416,Australian,australian,https://www.glg-brands.com/brand-licensing7/australian,other,high_confidence,0.97,1,2,1,2,58.0,78.9,72.5,deterministic_triage_not_ai_ranked,2026-08-30T13:28:01+00:00
1420,BEBE,bebe,https://www.glg-brands.com/brand-licensing2/bebe,other,high_confidence,0.97,1,2,1,2,58.0,78.9,72.5,deterministic_triage_not_ai_ranked,2026-08-30T13:28:01+00:00
1422,BEN de LISI,ben de lisi,https://www.glg-brands.com/brand-licensing2/ben-de-lisi,other,high_confidence,0.97,1,2,1,2,58.0,78.9,72.5,deterministic_triage_not_ai_ranked,2026-08-30T13:28:01+00:00
1426,BIKE,bike,https://www.glg-brands.com/brand-licensing2/bike,other,high_confidence,0.97,1,2,1,2,58.0,78.9,72.5,deterministic_triage_not_ai_ranked,2026-08-30T13:28:01+00:00
1430,BONOBOS,bonobos,https://www.glg-brands.com/brand-licensing2/bonobos,other,high_confidence,0.97,1,2,1,2,58.0,78.9,72.5,deterministic_triage_not_ai_ranked,2026-08-30T13:28:01+00:00
1418,Babies R Us,babies r us,https://www.glg-brands.com/brand-licensing2/babies-r-us,other,high_confidence,0.97,1,2,1,2,58.0,78.9,72.5,deterministic_triage_not_ai_ranked,2026-08-30T13:28:01+00:00
1419,Baldinini,baldinini,https://www.glg-brands.com/brand-licensing2/baldinini,other,high_confidence,0.97,1,2,1,2,58.0,78.9,72.5,deterministic_triage_not_ai_ranked,2026-08-30T13:28:01+00:00
1421,Ben Hogan,ben hogan,https://www.glg-brands.com/brand-licensing1/ben-hogan,other,high_confidence,0.97,1,2,1,2,58.0,78.9,72.5,deterministic_triage_not_ai_ranked,2026-08-30T13:28:01+00:00
1423,Benny Hill,benny hill,https://www.glg-brands.com/brand-licensing7/benny-hill,other,high_confidence,0.97,1,2,1,2,58.0,78.9,72.5,deterministic_triage_not_ai_ranked,2026-08-30T13:28:01+00:00
1425,Biion,biion,https://www.glg-brands.com/brand-licensing2/biion,other,high_confidence,0.97,1,2,1,2,58.0,78.9,72.5,deterministic_triage_not_ai_ranked,2026-08-30T13:28:01+00:00
1428,Blaupunkt,blaupunkt,https://www.glg-brands.com/brand-licensing2/blaupunkt,other,high_confidence,0.97,1,2,1,2,58.0,78.9,72.5,deterministic_triage_not_ai_ranked,2026-08-30T13:28:01+00:00
1429,Bongo,bongo,https://www.glg-brands.com/brand-licensing2/bongo,other,high_confidence,0.97,1,2,1,2,58.0,78.9,72.5,deterministic_triage_not_ai_ranked,2026-08-30T13:28:01+00:00
1431,Boy London,boy london,https://www.glg-brands.com/brand-licensing1/boy-london,other,high_confidence,0.97,1,2,1,2,58.0,78.9,72.5,deterministic_triage_not_ai_ranked,2026-08-30T13:28:01+00:00
1432,British Knights,british knights,https://www.glg-brands.com/brand-licensing2/british-knights,other,high_confidence,0.97,1,2,1,2,58.0,78.9,72.5,deterministic_triage_not_ai_ranked,2026-08-30T13:28:01+00:00
1434,Brough Superior,brough superior,https://www.glg-brands.com/brand-licensing6/brough-superior,other,high_confidence,0.97,1,2,1,2,58.0,78.9,72.5,deterministic_triage_not_ai_ranked,2026-08-30T13:28:01+00:00
1435,Bsa,bsa,https://www.glg-brands.com/brand-licensing2/bsa,other,high_confidence,0.97,1,2,1,2,58.0,78.9,72.5,deterministic_triage_not_ai_ranked,2026-08-30T13:28:01+00:00
1436,Buffalo David Bitton,buffalo david bitton,https://www.glg-brands.com/brand-licensing2/buffalo-david-bitton,other,high_confidence,0.97,1,2,1,2,58.0,78.9,72.5,deterministic_triage_not_ai_ranked,2026-08-30T13:28:01+00:00
1445,CB Sports,cb sports,https://www.glg-brands.com/brand-licensing2/cb-sports,other,high_confidence,0.97,1,2,1,2,58.0,78.9,72.5,deterministic_triage_not_ai_ranked,2026-08-30T13:28:01+00:00
1454,CUBAVERA,cubavera,https://www.glg-brands.com/brand-licensing5/cubavera,other,high_confidence,0.97,1,2,1,2,58.0,78.9,72.5,deterministic_triage_not_ai_ranked,2026-08-30T13:28:01+00:00
1456,CXL by Christian Lacroix,cxl by christian lacroix,https://www.glg-brands.com/brand-licensing1/cxl-by-christian-lacroix,other,high_confidence,0.97,1,2,1,2,58.0,78.9,72.5,deterministic_triage_not_ai_ranked,2026-08-30T13:28:01+00:00
1438,Cacharel,cacharel,https://www.glg-brands.com/brand-licensing7/cacharel,other,high_confidence,0.97,1,2,1,2,58.0,78.9,72.5,deterministic_triage_not_ai_ranked,2026-08-30T13:28:01+00:00
1439,Camaronbrujo,camaronbrujo,https://www.glg-brands.com/brand-licensing7/camaronbrujo,other,high_confidence,0.97,1,2,1,2,58.0,78.9,72.5,deterministic_triage_not_ai_ranked,2026-08-30T13:28:01+00:00
1440,Camelot Music,camelot music,https://www.glg-brands.com/brand-licensing2/camelot-music,other,high_confidence,0.97,1,2,1,2,58.0,78.9,72.5,deterministic_triage_not_ai_ranked,2026-08-30T13:28:01+00:00
1441,Candy's,candy s,https://www.glg-brands.com/brand-licensing2/candys,other,high_confidence,0.97,1,2,1,2,58.0,78.9,72.5,deterministic_triage_not_ai_ranked,2026-08-30T13:28:01+00:00
1442,Cannon Home,cannon home,https://www.glg-brands.com/brand-licensing2/cannon-home,other,high_confidence,0.97,1,2,1,2,58.0,78.9,72.5,deterministic_triage_not_ai_ranked,2026-08-30T13:28:01+00:00
1444,Catherine Malandrino,catherine malandrino,https://www.glg-brands.com/brand-licensing2/catherine-malandrino,other,high_confidence,0.97,1,2,1,2,58.0,78.9,72.5,deterministic_triage_not_ai_ranked,2026-08-30T13:28:01+00:00
1446,Cecile Hubene,cecile hubene,https://www.glg-brands.com/brand-licensing7/cecile-hubene,other,high_confidence,0.97,1,2,1,2,58.0,78.9,72.5,deterministic_triage_not_ai_ranked,2026-08-30T13:28:01+00:00
1447,Charisma,charisma,https://www.glg-brands.com/brand-licensing2/charisma,other,high_confidence,0.97,1,2,1,2,58.0,78.9,72.5,deterministic_triage_not_ai_ranked,2026-08-30T13:28:01+00:00
1448,Christian Lacroix,christian lacroix,https://www.glg-brands.com/brand-licensing2/christian-lacroix,other,high_confidence,0.97,1,2,1,2,58.0,78.9,72.5,deterministic_triage_not_ai_ranked,2026-08-30T13:28:01+00:00
1449,Chuck Wagon,chuck wagon,https://www.glg-brands.com/brand-licensing2/chuck-wagon,other,high_confidence,0.97,1,2,1,2,58.0,78.9,72.5,deterministic_triage_not_ai_ranked,2026-08-30T13:28:01+00:00
1450,Clara Bow,clara bow,https://www.glg-brands.com/brand-licensing2/clara-bow,other,high_confidence,0.97,1,2,1,2,58.0,78.9,72.5,deterministic_triage_not_ai_ranked,2026-08-30T13:28:01+00:00
1452,Cove,cove,https://www.glg-brands.com/brand-licensing5/cove,other,high_confidence,0.97,1,2,1,2,58.0,78.9,72.5,deterministic_triage_not_ai_ranked,2026-08-30T13:28:01+00:00
1453,Crossfire,crossfire,https://www.glg-brands.com/brand-licensing7/crossfire,other,high_confidence,0.97,1,2,1,2,58.0,78.9,72.5,deterministic_triage_not_ai_ranked,2026-08-30T13:28:01+00:00
1455,Cutter&Buck,cutter and buck,https://www.glg-brands.com/brand-licensing7/cutter-and-buck,other,high_confidence,0.97,1,2,1,2,58.0,78.9,72.5,deterministic_triage_not_ai_ranked,2026-08-30T13:28:01+00:00
1457,Daisy Street,daisy street,https://www.glg-brands.com/brand-licensing5/daisy-street,other,high_confidence,0.97,1,2,1,2,58.0,78.9,72.5,deterministic_triage_not_ai_ranked,2026-08-30T13:28:01+00:00
1458,Dan John,dan john,https://www.glg-brands.com/brand-licensing7/dan-john,other,high_confidence,0.97,1,2,1,2,58.0,78.9,72.5,deterministic_triage_not_ai_ranked,2026-08-30T13:28:01+00:00
1459,Danskin,danskin,https://www.glg-brands.com/brand-licensing2/danskin,other,high_confidence,0.97,1,2,1,2,58.0,78.9,72.5,deterministic_triage_not_ai_ranked,2026-08-30T13:28:01+00:00
1460,Dash,dash,https://www.glg-brands.com/brand-licensing2/dash,other,high_confidence,0.97,1,2,1,2,58.0,78.9,72.5,deterministic_triage_not_ai_ranked,2026-08-30T13:28:01+00:00
1461,De Soto,de soto,https://www.glg-brands.com/brand-licensing7/de-soto,other,high_confidence,0.97,1,2,1,2,58.0,78.9,72.5,deterministic_triage_not_ai_ranked,2026-08-30T13:28:01+00:00
1462,DelMonte,delmonte,https://www.glg-brands.com/brand-licensing5/delmonte,other,high_confidence,0.97,1,2,1,2,58.0,78.9,72.5,deterministic_triage_not_ai_ranked,2026-08-30T13:28:01+00:00
1463,Diaper Guard,diaper guard,https://www.glg-brands.com/brand-licensing7/diaper-guard,other,high_confidence,0.97,1,2,1,2,58.0,78.9,72.5,deterministic_triage_not_ai_ranked,2026-08-30T13:28:01+00:00
1464,Dittos,dittos,https://www.glg-brands.com/brand-licensing5/dittos,other,high_confidence,0.97,1,2,1,2,58.0,78.9,72.5,deterministic_triage_not_ai_ranked,2026-08-30T13:28:01+00:00
1465,Dream Phone,dream phone,https://www.glg-brands.com/brand-licensing6/dream-phone,other,high_confidence,0.97,1,2,1,2,58.0,78.9,72.5,deterministic_triage_not_ai_ranked,2026-08-30T13:28:01+00:00
1466,Drive Ya Nuts!,drive ya nuts,https://www.glg-brands.com/brand-licensing6/drive-ya-nuts!,other,high_confidence,0.97,1,2,1,2,58.0,78.9,72.5,deterministic_triage_not_ai_ranked,2026-08-30T13:28:01+00:00
1467,Drixoral,drixoral,https://www.glg-brands.com/brand-licensing6/drixoral,other,high_confidence,0.97,1,2,1,2,58.0,78.9,72.5,deterministic_triage_not_ai_ranked,2026-08-30T13:28:01+00:00
1468,Earl Jean,earl jean,https://www.glg-brands.com/brand-licensing5/earl-jean,other,high_confidence,0.97,1,2,1,2,58.0,78.9,72.5,deterministic_triage_not_ai_ranked,2026-08-30T13:28:01+00:00
1469,Eckó Unltd,ecko unltd,https://www.glg-brands.com/brand-licensing2/ecko-brand,other,high_confidence,0.97,1,2,1,2,58.0,78.9,72.5,deterministic_triage_not_ai_ranked,2026-08-30T13:28:01+00:00
1470,Ecosistema,ecosistema,https://www.glg-brands.com/brand-licensing7/ecosistema,other,high_confidence,0.97,1,2,1,2,58.0,78.9,72.5,deterministic_triage_not_ai_ranked,2026-08-30T13:28:01+00:00
1471,Ed Hardy,ed hardy,https://www.glg-brands.com/brand-licensing2/ed-hardy,other,high_confidence,0.97,1,2,1,2,58.0,78.9,72.5,deterministic_triage_not_ai_ranked,2026-08-30T13:28:01+00:00
1473,Emerica,emerica,https://www.glg-brands.com/brand-licensing7/emerica,other,high_confidence,0.97,1,2,1,2,58.0,78.9,72.5,deterministic_triage_not_ai_ranked,2026-08-30T13:28:01+00:00
1474,Emmanuel Sqvil,emmanuel sqvil,https://www.glg-brands.com/brand-licensing7/emmanuel-sqvil,other,high_confidence,0.97,1,2,1,2,58.0,78.9,72.5,deterministic_triage_not_ai_ranked,2026-08-30T13:28:01+00:00
1475,Encaprin,encaprin,https://www.glg-brands.com/brand-licensing6/encaprin,other,high_confidence,0.97,1,2,1,2,58.0,78.9,72.5,deterministic_triage_not_ai_ranked,2026-08-30T13:28:01+00:00
1476,English Laundry,english laundry,https://www.glg-brands.com/brand-licensing2/english-laundry,other,high_confidence,0.97,1,2,1,2,58.0,78.9,72.5,deterministic_triage_not_ai_ranked,2026-08-30T13:28:01+00:00
1477,Enrico Coveri,enrico coveri,https://www.glg-brands.com/brand-licensing2/enrico-coveri,other,high_confidence,0.97,1,2,1,2,58.0,78.9,72.5,deterministic_triage_not_ai_ranked,2026-08-30T13:28:01+00:00
1478,Eskimo Pie,eskimo pie,https://www.glg-brands.com/brand-licensing6/eskimo-pie,other,high_confidence,0.97,1,2,1,2,58.0,78.9,72.5,deterministic_triage_not_ai_ranked,2026-08-30T13:28:01+00:00
1480,Evander Holyfield,evander holyfield,https://www.glg-brands.com/brand-licensing2/evander-holyfield,other,high_confidence,0.97,1,2,1,2,58.0,78.9,72.5,deterministic_triage_not_ai_ranked,2026-08-30T13:28:01+00:00
1482,FARAH,farah,https://www.glg-brands.com/brand-licensing1/farah,other,high_confidence,0.97,1,2,1,2,58.0,78.9,72.5,deterministic_triage_not_ai_ranked,2026-08-30T13:28:01+00:00
1481,Fabergé,faberge,https://www.glg-brands.com/brand-licensing2/faberge,other,high_confidence,0.97,1,2,1,2,58.0,78.9,72.5,deterministic_triage_not_ai_ranked,2026-08-30T13:28:01+00:00
1483,FashionTV,fashiontv,https://www.glg-brands.com/brand-licensing1/fashiontv,other,high_confidence,0.97,1,2,1,2,58.0,78.9,72.5,deterministic_triage_not_ai_ranked,2026-08-30T13:28:01+00:00
1484,Feather Craft,feather craft,https://www.glg-brands.com/brand-licensing6/feather-craft,other,high_confidence,0.97,1,2,1,2,58.0,78.9,72.5,deterministic_triage_not_ai_ranked,2026-08-30T13:28:01+00:00
1485,Ferald,ferald,https://www.glg-brands.com/brand-licensing7/ferald,other,high_confidence,0.97,1,2,1,2,58.0,78.9,72.5,deterministic_triage_not_ai_ranked,2026-08-30T13:28:01+00:00
1486,Ferguson,ferguson,https://www.glg-brands.com/brand-licensing3/ferguson,other,high_confidence,0.97,1,2,1,2,58.0,78.9,72.5,deterministic_triage_not_ai_ranked,2026-08-30T13:28:01+00:00
1487,Fieldcrest,fieldcrest,https://www.glg-brands.com/brand-licensing3/fieldcrest,other,high_confidence,0.97,1,2,1,2,58.0,78.9,72.5,deterministic_triage_not_ai_ranked,2026-08-30T13:28:01+00:00
1488,Firestone,firestone,https://www.glg-brands.com/brand-licensing7/firestone,other,high_confidence,0.97,1,2,1,2,58.0,78.9,72.5,deterministic_triage_not_ai_ranked,2026-08-30T13:28:01+00:00
1489,Freestyle Trampoline,freestyle trampoline,https://www.glg-brands.com/brand-licensing5/freestyle-trampoline,other,high_confidence,0.97,1,2,1,2,58.0,78.9,72.5,deterministic_triage_not_ai_ranked,2026-08-30T13:28:01+00:00
1490,Freshen Up,freshen up,https://www.glg-brands.com/brand-licensing6/freshen-up,other,high_confidence,0.97,1,2,1,2,58.0,78.9,72.5,deterministic_triage_not_ai_ranked,2026-08-30T13:28:01+00:00
1491,GAS,gas,https://www.glg-brands.com/brand-licensing2/gas,other,high_confidence,0.97,1,2,1,2,58.0,78.9,72.5,deterministic_triage_not_ai_ranked,2026-08-30T13:28:01+00:00
1499,GOTCHA,gotcha,https://www.glg-brands.com/brand-licensing1/gotcha,other,high_confidence,0.97,1,2,1,2,58.0,78.9,72.5,deterministic_triage_not_ai_ranked,2026-08-30T13:28:01+00:00
1492,Gateway,gateway,https://www.glg-brands.com/brand-licensing3/gateway,other,high_confidence,0.97,1,2,1,2,58.0,78.9,72.5,deterministic_triage_not_ai_ranked,2026-08-30T13:28:01+00:00
1493,Gattinoni,gattinoni,https://www.glg-brands.com/brand-licensing7/gattinoni,other,high_confidence,0.97,1,2,1,2,58.0,78.9,72.5,deterministic_triage_not_ai_ranked,2026-08-30T13:28:01+00:00
1494,Gentlemen's Tonic,gentlemen s tonic,https://www.glg-brands.com/brand-licensing3/gentlemen's-tonic,other,high_confidence,0.97,1,2,1,2,58.0,78.9,72.5,deterministic_triage_not_ai_ranked,2026-08-30T13:28:01+00:00
1495,Geoffrey Giraffe,geoffrey giraffe,https://www.glg-brands.com/brand-licensing3/geoffrey-giraffe,other,high_confidence,0.97,1,2,1,2,58.0,78.9,72.5,deterministic_triage_not_ai_ranked,2026-08-30T13:28:01+00:00
1496,Gianfranco Ferré,gianfranco ferre,https://www.glg-brands.com/brand-licensing3/gianfranco-ferre,other,high_confidence,0.97,1,2,1,2,58.0,78.9,72.5,deterministic_triage_not_ai_ranked,2026-08-30T13:28:01+00:00
1497,Gibson,gibson,https://www.glg-brands.com/brand-licensing3/gibson,other,high_confidence,0.97,1,2,1,2,58.0,78.9,72.5,deterministic_triage_not_ai_ranked,2026-08-30T13:28:01+00:00
1498,Golfsmith,golfsmith,https://www.glg-brands.com/brand-licensing6/golfsmith,other,high_confidence,0.97,1,2,1,2,58.0,78.9,72.5,deterministic_triage_not_ai_ranked,2026-08-30T13:28:01+00:00
1500,Grand Slam,grand slam,https://www.glg-brands.com/brand-licensing1/grand-slam,other,high_confidence,0.97,1,2,1,2,58.0,78.9,72.5,deterministic_triage_not_ai_ranked,2026-08-30T13:28:01+00:00
1501,Gulf,gulf,https://www.glg-brands.com/brand-licensing3/gulf,other,high_confidence,0.97,1,2,1,2,58.0,78.9,72.5,deterministic_triage_not_ai_ranked,2026-08-30T13:28:01+00:00
1502,Guru,guru,https://www.glg-brands.com/brand-licensing6/guru,other,high_confidence,0.97,1,2,1,2,58.0,78.9,72.5,deterministic_triage_not_ai_ranked,2026-08-30T13:28:01+00:00
1503,HPC Polo,hpc polo,https://www.glg-brands.com/brand-licensing3/hpc-polo,other,high_confidence,0.97,1,2,1,2,58.0,78.9,72.5,deterministic_triage_not_ai_ranked,2026-08-30T13:28:01+00:00
1504,Hai Karate,hai karate,https://www.glg-brands.com/brand-licensing7/hai-karate,other,high_confidence,0.97,1,2,1,2,58.0,78.9,72.5,deterministic_triage_not_ai_ranked,2026-08-30T13:28:01+00:00
1505,Hang Ten,hang ten,https://www.glg-brands.com/brand-licensing3/hang-ten,other,high_confidence,0.97,1,2,1,2,58.0,78.9,72.5,deterministic_triage_not_ai_ranked,2026-08-30T13:28:01+00:00
1506,Hard Rock Cafe,hard rock cafe,https://www.glg-brands.com/brand-licensing7/hard-rock-cafe,other,high_confidence,0.97,1,2,1,2,58.0,78.9,72.5,deterministic_triage_not_ai_ranked,2026-08-30T13:28:01+00:00
1507,Helene Curtis,helene curtis,https://www.glg-brands.com/brand-licensing6/helene-curtis,other,high_confidence,0.97,1,2,1,2,58.0,78.9,72.5,deterministic_triage_not_ai_ranked,2026-08-30T13:28:01+00:00
1508,Hi-Q,hi q,https://www.glg-brands.com/brand-licensing6/hi-q,other,high_confidence,0.97,1,2,1,2,58.0,78.9,72.5,deterministic_triage_not_ai_ranked,2026-08-30T13:28:01+00:00
1509,Hip Hedz,hip hedz,https://www.glg-brands.com/brand-licensing6/hip-hedz,other,high_confidence,0.97,1,2,1,2,58.0,78.9,72.5,deterministic_triage_not_ai_ranked,2026-08-30T13:28:01+00:00
1510,Holley,holley,https://www.glg-brands.com/brand-licensing6/holley,other,high_confidence,0.97,1,2,1,2,58.0,78.9,72.5,deterministic_triage_not_ai_ranked,2026-08-30T13:28:01+00:00
1511,Hydraulic,hydraulic,https://www.glg-brands.com/brand-licensing3/hydraulic,other,high_confidence,0.97,1,2,1,2,58.0,78.9,72.5,deterministic_triage_not_ai_ranked,2026-08-30T13:28:01+00:00
1512,ICEBERG,iceberg,https://www.glg-brands.com/brand-licensing5/iceberg,other,high_confidence,0.97,1,2,1,2,58.0,78.9,72.5,deterministic_triage_not_ai_ranked,2026-08-30T13:28:01+00:00
1514,ISA,isa,https://www.glg-brands.com/brand-licensing1/isa,other,high_confidence,0.97,1,2,1,2,58.0,78.9,72.5,deterministic_triage_not_ai_ranked,2026-08-30T13:28:01+00:00
1513,Invicta,invicta,https://www.glg-brands.com/brand-licensing6/invicta,other,high_confidence,0.97,1,2,1,2,58.0,78.9,72.5,deterministic_triage_not_ai_ranked,2026-08-30T13:28:01+00:00
1515,Isaac Mizrahi,isaac mizrahi,https://www.glg-brands.com/brand-licensing3/isaac-mizrahi,other,high_confidence,0.97,1,2,1,2,58.0,78.9,72.5,deterministic_triage_not_ai_ranked,2026-08-30T13:28:01+00:00
1516,Jen Selter,jen selter,https://www.glg-brands.com/brand-licensing7/jen-selter,other,high_confidence,0.97,1,2,1,2,58.0,78.9,72.5,deterministic_triage_not_ai_ranked,2026-08-30T13:28:01+00:00
1517,Jewel Tankard,jewel tankard,https://www.glg-brands.com/brand-licensing7/jewel-tankard,other,high_confidence,0.97,1,2,1,2,58.0,78.9,72.5,deterministic_triage_not_ai_ranked,2026-08-30T13:28:01+00:00
1518,Joan Vass,joan vass,https://www.glg-brands.com/brand-licensing3/joan-vass,other,high_confidence,0.97,1,2,1,2,58.0,78.9,72.5,deterministic_triage_not_ai_ranked,2026-08-30T13:28:01+00:00
1519,Joe Boxer,joe boxer,https://www.glg-brands.com/brand-licensing3/joe-boxer,other,high_confidence,0.97,1,2,1,2,58.0,78.9,72.5,deterministic_triage_not_ai_ranked,2026-08-30T13:28:01+00:00
1520,Joe's Jeans,joe s jeans,https://www.glg-brands.com/brand-licensing3/joe's-jeans,other,high_confidence,0.97,1,2,1,2,58.0,78.9,72.5,deterministic_triage_not_ai_ranked,2026-08-30T13:28:01+00:00
1521,John Henry,john henry,https://www.glg-brands.com/brand-licensing5/john-henry,other,high_confidence,0.97,1,2,1,2,58.0,78.9,72.5,deterministic_triage_not_ai_ranked,2026-08-30T13:28:01+00:00
1522,Jordache,jordache,https://www.glg-brands.com/brand-licensing3/jordache,other,high_confidence,0.97,1,2,1,2,58.0,78.9,72.5,deterministic_triage_not_ai_ranked,2026-08-30T13:28:01+00:00
1523,Joseph Abboud,joseph abboud,https://www.glg-brands.com/brand-licensing3/joseph-abboud,other,high_confidence,0.97,1,2,1,2,58.0,78.9,72.5,deterministic_triage_not_ai_ranked,2026-08-30T13:28:01+00:00
1524,Justice,justice,https://www.glg-brands.com/brand-licensing5/justice,other,high_confidence,0.97,1,2,1,2,58.0,78.9,72.5,deterministic_triage_not_ai_ranked,2026-08-30T13:28:01+00:00
1529,KEVINGSTON,kevingston,https://www.glg-brands.com/brand-licensing7/kevingston,other,high_confidence,0.97,1,2,1,2,58.0,78.9,72.5,deterministic_triage_not_ai_ranked,2026-08-30T13:28:01+00:00
1525,Kareem Abdul Jabbar,kareem abdul jabbar,https://www.glg-brands.com/brand-licensing3/kareem-abdul-jabbar,other,high_confidence,0.97,1,2,1,2,58.0,78.9,72.5,deterministic_triage_not_ai_ranked,2026-08-30T13:28:01+00:00
1526,Ken L Ration,ken l ration,https://www.glg-brands.com/brand-licensing5/ken-l-ration,other,high_confidence,0.97,1,2,1,2,58.0,78.9,72.5,deterministic_triage_not_ai_ranked,2026-08-30T13:28:01+00:00
1527,Kenneth Cole,kenneth cole,https://www.glg-brands.com/brand-licensing1/kenneth-cole,other,high_confidence,0.97,1,2,1,2,58.0,78.9,72.5,deterministic_triage_not_ai_ranked,2026-08-30T13:28:01+00:00
1528,Kensie Girl,kensie girl,https://www.glg-brands.com/brand-licensing3/kensie-girl,other,high_confidence,0.97,1,2,1,2,58.0,78.9,72.5,deterministic_triage_not_ai_ranked,2026-08-30T13:28:01+00:00
1530,LA Gear,la gear,https://www.glg-brands.com/brand-licensing1/la-gear,other,high_confidence,0.97,1,2,1,2,58.0,78.9,72.5,deterministic_triage_not_ai_ranked,2026-08-30T13:28:01+00:00
1540,LOTTO,lotto,https://www.glg-brands.com/brand-licensing3/lotto,other,high_confidence,0.97,1,2,1,2,58.0,78.9,72.5,deterministic_triage_not_ai_ranked,2026-08-30T13:28:01+00:00
1532,Larry Levine,larry levine,https://www.glg-brands.com/brand-licensing3/larry-levine,other,high_confidence,0.97,1,2,1,2,58.0,78.9,72.5,deterministic_triage_not_ai_ranked,2026-08-30T13:28:01+00:00
1533,Laundry by Shelli Segal,laundry by shelli segal,https://www.glg-brands.com/brand-licensing1/laundry-by-shelli-segal,other,high_confidence,0.97,1,2,1,2,58.0,78.9,72.5,deterministic_triage_not_ai_ranked,2026-08-30T13:28:01+00:00
1534,Lee Cooper,lee cooper,https://www.glg-brands.com/brand-licensing3/lee-cooper,other,high_confidence,0.97,1,2,1,2,58.0,78.9,72.5,deterministic_triage_not_ai_ranked,2026-08-30T13:28:01+00:00
1535,Leonard,leonard,https://www.glg-brands.com/brand-licensing3/leonard,other,high_confidence,0.97,1,2,1,2,58.0,78.9,72.5,deterministic_triage_not_ai_ranked,2026-08-30T13:28:01+00:00
1536,Leonardo da Vinci,leonardo da vinci,https://www.glg-brands.com/brand-licensing3/leonardo-da-vinci,other,high_confidence,0.97,1,2,1,2,58.0,78.9,72.5,deterministic_triage_not_ai_ranked,2026-08-30T13:28:01+00:00
1537,Limited Too,limited too,https://www.glg-brands.com/brand-licensing3/limited-too,other,high_confidence,0.97,1,2,1,2,58.0,78.9,72.5,deterministic_triage_not_ai_ranked,2026-08-30T13:28:01+00:00
1538,Little Toot,little toot,https://www.glg-brands.com/brand-licensing6/little-toot,other,high_confidence,0.97,1,2,1,2,58.0,78.9,72.5,deterministic_triage_not_ai_ranked,2026-08-30T13:28:01+00:00
1539,London fog,london fog,https://www.glg-brands.com/brand-licensing3/london-fog,other,high_confidence,0.97,1,2,1,2,58.0,78.9,72.5,deterministic_triage_not_ai_ranked,2026-08-30T13:28:01+00:00
1541,Louis Féraud,louis feraud,https://www.glg-brands.com/brand-licensing3/louis-feraud,other,high_confidence,0.97,1,2,1,2,58.0,78.9,72.5,deterministic_triage_not_ai_ranked,2026-08-30T13:28:01+00:00
1546,MATCH 7,match 7,https://www.glg-brands.com/brand-licensing7/match-7,other,high_confidence,0.97,1,2,1,2,58.0,78.9,72.5,deterministic_triage_not_ai_ranked,2026-08-30T13:28:01+00:00
1548,MCD,mcd,https://www.glg-brands.com/brand-licensing1/mcd,other,high_confidence,0.97,1,2,1,2,58.0,78.9,72.5,deterministic_triage_not_ai_ranked,2026-08-30T13:28:01+00:00
1542,Manhattan,manhattan,https://www.glg-brands.com/brand-licensing7/manhattan,other,high_confidence,0.97,1,2,1,2,58.0,78.9,72.5,deterministic_triage_not_ai_ranked,2026-08-30T13:28:01+00:00
1543,Marc Eckó,marc ecko,https://www.glg-brands.com/brand-licensing3/marc-ecko,other,high_confidence,0.97,1,2,1,2,58.0,78.9,72.5,deterministic_triage_not_ai_ranked,2026-08-30T13:28:01+00:00
1544,Maria Callas,maria callas,https://www.glg-brands.com/brand-licensing3/maria-callas,other,high_confidence,0.97,1,2,1,2,58.0,78.9,72.5,deterministic_triage_not_ai_ranked,2026-08-30T13:28:01+00:00
1545,Markus Lupfer,markus lupfer,https://www.glg-brands.com/brand-licensing3/markus-lupfer,other,high_confidence,0.97,1,2,1,2,58.0,78.9,72.5,deterministic_triage_not_ai_ranked,2026-08-30T13:28:01+00:00
1547,Material Girl,material girl,https://www.glg-brands.com/brand-licensing3/material-girl,other,high_confidence,0.97,1,2,1,2,58.0,78.9,72.5,deterministic_triage_not_ai_ranked,2026-08-30T13:28:01+00:00
1549,Mercedes EQ,mercedes eq,https://www.glg-brands.com/brand-licensing3/mercedes-eq,other,high_confidence,0.97,1,2,1,2,58.0,78.9,72.5,deterministic_triage_not_ai_ranked,2026-08-30T13:28:01+00:00
1550,Mexican Hats,mexican hats,https://www.glg-brands.com/brand-licensing6/mexican-hats,other,high_confidence,0.97,1,2,1,2,58.0,78.9,72.5,deterministic_triage_not_ai_ranked,2026-08-30T13:28:01+00:00
1551,Michael Bastian,michael bastian,https://www.glg-brands.com/brand-licensing4/michael-bastian,other,high_confidence,0.97,1,2,1,2,58.0,78.9,72.5,deterministic_triage_not_ai_ranked,2026-08-30T13:28:01+00:00
1553,Modern Amusement,modern amusement,https://www.glg-brands.com/brand-licensing4/modern-amusement,other,high_confidence,0.97,1,2,1,2,58.0,78.9,72.5,deterministic_triage_not_ai_ranked,2026-08-30T13:28:01+00:00
1554,Momodesign,momodesign,https://www.glg-brands.com/brand-licensing2/momodesign,other,high_confidence,0.97,1,2,1,2,58.0,78.9,72.5,deterministic_triage_not_ai_ranked,2026-08-30T13:28:01+00:00
1555,Mossimo,mossimo,https://www.glg-brands.com/brand-licensing4/mossimo,other,high_confidence,0.97,1,2,1,2,58.0,78.9,72.5,deterministic_triage_not_ai_ranked,2026-08-30T13:28:01+00:00
1556,Mr. Goodwrench,mr goodwrench,https://www.glg-brands.com/brand-licensing4/mr.-goodwrench,other,high_confidence,0.97,1,2,1,2,58.0,78.9,72.5,deterministic_triage_not_ai_ranked,2026-08-30T13:28:01+00:00
1557,Mr. Microphone,mr microphone,https://www.glg-brands.com/brand-licensing6/mr.-microphone,other,high_confidence,0.97,1,2,1,2,58.0,78.9,72.5,deterministic_triage_not_ai_ranked,2026-08-30T13:28:01+00:00
1558,Mudd,mudd,https://www.glg-brands.com/brand-licensing4/mudd,other,high_confidence,0.97,1,2,1,2,58.0,78.9,72.5,deterministic_triage_not_ai_ranked,2026-08-30T13:28:01+00:00
1561,NICCE,nicce,https://www.glg-brands.com/brand-licensing5/nicce,other,high_confidence,0.97,1,2,1,2,58.0,78.9,72.5,deterministic_triage_not_ai_ranked,2026-08-30T13:28:01+00:00
1559,Nanette Lepore,nanette lepore,https://www.glg-brands.com/brand-licensing4/nanette-lepore,other,high_confidence,0.97,1,2,1,2,58.0,78.9,72.5,deterministic_triage_not_ai_ranked,2026-08-30T13:28:01+00:00
1560,Nara Milano,nara milano,https://www.glg-brands.com/brand-licensing1/nara-milano,other,high_confidence,0.97,1,2,1,2,58.0,78.9,72.5,deterministic_triage_not_ai_ranked,2026-08-30T13:28:01+00:00
1562,Nipper & Chipper,nipper and chipper,https://www.glg-brands.com/brand-licensing4/nipper-and-chipper,other,high_confidence,0.97,1,2,1,2,58.0,78.9,72.5,deterministic_triage_not_ai_ranked,2026-08-30T13:28:01+00:00
1563,No Stress,no stress,https://www.glg-brands.com/brand-licensing7/no-stress,other,high_confidence,0.97,1,2,1,2,58.0,78.9,72.5,deterministic_triage_not_ai_ranked,2026-08-30T13:28:01+00:00
1564,NordMende,nordmende,https://www.glg-brands.com/brand-licensing4/nordmende,other,high_confidence,0.97,1,2,1,2,58.0,78.9,72.5,deterministic_triage_not_ai_ranked,2026-08-30T13:28:01+00:00
1566,Osiris,osiris,https://www.glg-brands.com/brand-licensing4/osiris,other,high_confidence,0.97,1,2,1,2,58.0,78.9,72.5,deterministic_triage_not_ai_ranked,2026-08-30T13:28:01+00:00
1567,PGA,pga,https://www.glg-brands.com/brand-licensing4/pga,other,high_confidence,0.97,1,2,1,2,58.0,78.9,72.5,deterministic_triage_not_ai_ranked,2026-08-30T13:28:01+00:00
1568,Packard Bell,packard bell,https://www.glg-brands.com/brand-licensing4/packard-bell,other,high_confidence,0.97,1,2,1,2,58.0,78.9,72.5,deterministic_triage_not_ai_ranked,2026-08-30T13:28:01+00:00
1569,Park Lane,park lane,https://www.glg-brands.com/brand-licensing4/park-lane,other,high_confidence,0.97,1,2,1,2,58.0,78.9,72.5,deterministic_triage_not_ai_ranked,2026-08-30T13:28:01+00:00
1570,Perry Ellis America,perry ellis america,https://www.glg-brands.com/brand-licensing1/perry-ellis-america,other,high_confidence,0.97,1,2,1,2,58.0,78.9,72.5,deterministic_triage_not_ai_ranked,2026-08-30T13:28:01+00:00
1571,Petite Sophisticate,petite sophisticate,https://www.glg-brands.com/brand-licensing6/petite-sophisticate,other,high_confidence,0.97,1,2,1,2,58.0,78.9,72.5,deterministic_triage_not_ai_ranked,2026-08-30T13:28:01+00:00
1572,Pierre Cardin,pierre cardin,https://www.glg-brands.com/brand-licensing7/pierre-cardin,other,high_confidence,0.97,1,2,1,2,58.0,78.9,72.5,deterministic_triage_not_ai_ranked,2026-08-30T13:28:01+00:00
1573,Pony,pony,https://www.glg-brands.com/brand-licensing4/pony,other,high_confidence,0.97,1,2,1,2,58.0,78.9,72.5,deterministic_triage_not_ai_ranked,2026-08-30T13:28:01+00:00
1574,Predator,predator,https://www.glg-brands.com/brand-licensing4/predator,other,high_confidence,0.97,1,2,1,2,58.0,78.9,72.5,deterministic_triage_not_ai_ranked,2026-08-30T13:28:01+00:00
1575,Proline by Pro Player,proline by pro player,https://www.glg-brands.com/brand-licensing4/proline-by-pro-player,other,high_confidence,0.97,1,2,1,2,58.0,78.9,72.5,deterministic_triage_not_ai_ranked,2026-08-30T13:28:01+00:00
1576,Proscan,proscan,https://www.glg-brands.com/brand-licensing4/proscan,other,high_confidence,0.97,1,2,1,2,58.0,78.9,72.5,deterministic_triage_not_ai_ranked,2026-08-30T13:28:01+00:00
1577,Puss n Boots,puss n boots,https://www.glg-brands.com/brand-licensing6/puss-n-boots,other,high_confidence,0.97,1,2,1,2,58.0,78.9,72.5,deterministic_triage_not_ai_ranked,2026-08-30T13:28:01+00:00
1578,Quasar,quasar,https://www.glg-brands.com/brand-licensing5/quasar,other,high_confidence,0.97,1,2,1,2,58.0,78.9,72.5,deterministic_triage_not_ai_ranked,2026-08-30T13:28:01+00:00
1580,RAFAELLA,rafaella,https://www.glg-brands.com/brand-licensing1/rafaella,other,high_confidence,0.97,1,2,1,2,58.0,78.9,72.5,deterministic_triage_not_ai_ranked,2026-08-30T13:28:01+00:00
1584,REDSAND,redsand,https://www.glg-brands.com/brand-licensing1/redsand,other,high_confidence,0.97,1,3,1,3,58.0,78.9,72.5,deterministic_triage_not_ai_ranked,2026-08-30T13:28:01+00:00
1591,RYDER CUP,ryder cup,https://www.glg-brands.com/brand-licensing7/ryder-cup,other,high_confidence,0.97,1,2,1,2,58.0,78.9,72.5,deterministic_triage_not_ai_ranked,2026-08-30T13:28:01+00:00
1579,Radiola,radiola,https://www.glg-brands.com/brand-licensing6/radiola,other,high_confidence,0.97,1,2,1,2,58.0,78.9,72.5,deterministic_triage_not_ai_ranked,2026-08-30T13:28:01+00:00
1581,Rag&Bone,rag and bone,https://www.glg-brands.com/brand-licensing4/rag-and-bone,other,high_confidence,0.97,1,2,1,2,58.0,78.9,72.5,deterministic_triage_not_ai_ranked,2026-08-30T13:28:01+00:00
1582,Rampage,rampage,https://www.glg-brands.com/brand-licensing4/rampage,other,high_confidence,0.97,1,2,1,2,58.0,78.9,72.5,deterministic_triage_not_ai_ranked,2026-08-30T13:28:01+00:00
1583,Red Nose,red nose,https://www.glg-brands.com/brand-licensing7/red-nose,other,high_confidence,0.97,1,2,1,2,58.0,78.9,72.5,deterministic_triage_not_ai_ranked,2026-08-30T13:28:01+00:00
1585,Rifle,rifle,https://www.glg-brands.com/brand-licensing6/rifle,other,high_confidence,0.97,1,2,1,2,58.0,78.9,72.5,deterministic_triage_not_ai_ranked,2026-08-30T13:28:01+00:00
1587,Rocky Horror Show,rocky horror show,https://www.glg-brands.com/brand-licensing5/rocky-horror-show,other,high_confidence,0.97,1,2,1,2,58.0,78.9,72.5,deterministic_triage_not_ai_ranked,2026-08-30T13:28:01+00:00
1588,Rocwear,rocwear,https://www.glg-brands.com/brand-licensing4/rocwear,other,high_confidence,0.97,1,2,1,2,58.0,78.9,72.5,deterministic_triage_not_ai_ranked,2026-08-30T13:28:01+00:00
1589,Rolling Stone,rolling stone,https://www.glg-brands.com/brand-licensing5/rolling-stone,other,high_confidence,0.97,1,2,1,2,58.0,78.9,72.5,deterministic_triage_not_ai_ranked,2026-08-30T13:28:01+00:00
1592,SABA,saba,https://www.glg-brands.com/brand-licensing4/saba,other,high_confidence,0.97,1,2,1,2,58.0,78.9,72.5,deterministic_triage_not_ai_ranked,2026-08-30T13:28:01+00:00
1593,Sabrina Soto,sabrina soto,https://www.glg-brands.com/brand-licensing4/sabrina-soto,other,high_confidence,0.97,1,2,1,2,58.0,78.9,72.5,deterministic_triage_not_ai_ranked,2026-08-30T13:28:01+00:00
1594,Sani-Flush,sani flush,https://www.glg-brands.com/brand-licensing6/sani-flush,other,high_confidence,0.97,1,2,1,2,58.0,78.9,72.5,deterministic_triage_not_ai_ranked,2026-08-30T13:28:01+00:00
1595,Save the Earth,save the earth,https://www.glg-brands.com/brand-licensing4/save-the-earth,other,high_confidence,0.97,1,2,1,2,58.0,78.9,72.5,deterministic_triage_not_ai_ranked,2026-08-30T13:28:01+00:00
1596,Schneider,schneider,https://www.glg-brands.com/brand-licensing6/schneider,other,high_confidence,0.97,1,2,1,2,58.0,78.9,72.5,deterministic_triage_not_ai_ranked,2026-08-30T13:28:01+00:00
1597,Scotch & Soda,scotch and soda,https://www.glg-brands.com/brand-licensing4/scotch-and-soda,other,high_confidence,0.97,1,2,1,2,58.0,78.9,72.5,deterministic_triage_not_ai_ranked,2026-08-30T13:28:01+00:00
1598,Screaming Yellow Zonkers,screaming yellow zonkers,https://www.glg-brands.com/brand-licensing6/screaming-yellow-zonkers,other,high_confidence,0.97,1,2,1,2,58.0,78.9,72.5,deterministic_triage_not_ai_ranked,2026-08-30T13:28:01+00:00
1599,Sergio Valente,sergio valente,https://www.glg-brands.com/brand-licensing4/sergio-valente,other,high_confidence,0.97,1,2,1,2,58.0,78.9,72.5,deterministic_triage_not_ai_ranked,2026-08-30T13:28:01+00:00
1600,Sesa living,sesa living,https://www.glg-brands.com/brand-licensing5/sesa-living,other,high_confidence,0.97,1,2,1,2,58.0,78.9,72.5,deterministic_triage_not_ai_ranked,2026-08-30T13:28:01+00:00
1601,Shabby Chic,shabby chic,https://www.glg-brands.com/brand-licensing4/shabby-chic,other,high_confidence,0.97,1,2,1,2,58.0,78.9,72.5,deterministic_triage_not_ai_ranked,2026-08-30T13:28:01+00:00
1602,Sharper Image,sharper image,https://www.glg-brands.com/brand-licensing4/sharper-image,other,high_confidence,0.97,1,2,1,2,58.0,78.9,72.5,deterministic_triage_not_ai_ranked,2026-08-30T13:28:01+00:00
1603,Short & Sassy,short and sassy,https://www.glg-brands.com/brand-licensing6/short-and-sassy,other,high_confidence,0.97,1,2,1,2,58.0,78.9,72.5,deterministic_triage_not_ai_ranked,2026-08-30T13:28:01+00:00
1604,Smash-Up Derby,smash up derby,https://www.glg-brands.com/brand-licensing6/smash-up-derby,other,high_confidence,0.97,1,2,1,2,58.0,78.9,72.5,deterministic_triage_not_ai_ranked,2026-08-30T13:28:01+00:00
1605,Soltam,soltam,https://www.glg-brands.com/brand-licensing4/soltam,other,high_confidence,0.97,1,2,1,2,58.0,78.9,72.5,deterministic_triage_not_ai_ranked,2026-08-30T13:28:01+00:00
1607,Stormtrooper,stormtrooper,https://www.glg-brands.com/brand-licensing4/stormtrooper,other,high_confidence,0.97,1,2,1,2,58.0,78.9,72.5,deterministic_triage_not_ai_ranked,2026-08-30T13:28:01+00:00
1608,Swissbrand,swissbrand,https://www.glg-brands.com/brand-licensing4/swissbrand,other,high_confidence,0.97,1,2,1,2,58.0,78.9,72.5,deterministic_triage_not_ai_ranked,2026-08-30T13:28:01+00:00
1609,Swoops,swoops,https://www.glg-brands.com/brand-licensing6/swoops,other,high_confidence,0.97,1,2,1,2,58.0,78.9,72.5,deterministic_triage_not_ai_ranked,2026-08-30T13:28:01+00:00
1610,Tahari,tahari,https://www.glg-brands.com/brand-licensing4/tahari,other,high_confidence,0.97,1,2,1,2,58.0,78.9,72.5,deterministic_triage_not_ai_ranked,2026-08-30T13:28:01+00:00
1611,Tappan,tappan,https://www.glg-brands.com/brand-licensing4/tappan,other,high_confidence,0.97,1,2,1,2,58.0,78.9,72.5,deterministic_triage_not_ai_ranked,2026-08-30T13:28:01+00:00
1612,Tarzan,tarzan,https://www.glg-brands.com/brand-licensing4/tarzan,other,high_confidence,0.97,1,2,1,2,58.0,78.9,72.5,deterministic_triage_not_ai_ranked,2026-08-30T13:28:01+00:00
1613,Technicolor,technicolor,https://www.glg-brands.com/brand-licensing2/technicolor,other,high_confidence,0.97,1,2,1,2,58.0,78.9,72.5,deterministic_triage_not_ai_ranked,2026-08-30T13:28:01+00:00
1614,Tender Vittles,tender vittles,https://www.glg-brands.com/brand-licensing6/tender-vittles,other,high_confidence,0.97,1,2,1,2,58.0,78.9,72.5,deterministic_triage_not_ai_ranked,2026-08-30T13:28:01+00:00
1665,The american collection,the american collection,https://www.glg-brands.com/brand-licensing7/the-american-collection,other,high_confidence,0.97,1,1,1,1,58.0,78.9,72.5,deterministic_triage_not_ai_ranked,2026-08-30T13:28:01+00:00
1615,Tidalwave,tidalwave,https://www.glg-brands.com/brand-licensing4/tidalwave,other,high_confidence,0.97,1,2,1,2,58.0,78.9,72.5,deterministic_triage_not_ai_ranked,2026-08-30T13:28:01+00:00
1616,TopGun,topgun,https://www.glg-brands.com/brand-licensing7/topgun,other,high_confidence,0.97,1,2,1,2,58.0,78.9,72.5,deterministic_triage_not_ai_ranked,2026-08-30T13:28:01+00:00
1618,Ultraman,ultraman,https://www.glg-brands.com/brand-licensing5/ultraman,other,high_confidence,0.97,1,2,1,2,58.0,78.9,72.5,deterministic_triage_not_ai_ranked,2026-08-30T13:28:01+00:00
1619,Umbro,umbro,https://www.glg-brands.com/brand-licensing5/umbro,other,high_confidence,0.97,1,2,1,2,58.0,78.9,72.5,deterministic_triage_not_ai_ranked,2026-08-30T13:28:01+00:00
1620,Unit,unit,https://www.glg-brands.com/brand-licensing5/unit,other,high_confidence,0.97,1,2,1,2,58.0,78.9,72.5,deterministic_triage_not_ai_ranked,2026-08-30T13:28:01+00:00
1627,VONZIPPER,vonzipper,https://www.glg-brands.com/brand-licensing6/vonzipper,other,high_confidence,0.97,1,2,1,2,58.0,78.9,72.5,deterministic_triage_not_ai_ranked,2026-08-30T13:28:01+00:00
1621,Valentina Epale,valentina epale,https://www.glg-brands.com/brand-licensing6/valentina-epale,other,high_confidence,0.97,1,2,1,2,58.0,78.9,72.5,deterministic_triage_not_ai_ranked,2026-08-30T13:28:01+00:00
1622,Vera Wang,vera wang,https://www.glg-brands.com/brand-licensing5/vera-wang,other,high_confidence,0.97,1,2,1,2,58.0,78.9,72.5,deterministic_triage_not_ai_ranked,2026-08-30T13:28:01+00:00
1623,Victor,victor,https://www.glg-brands.com/brand-licensing5/victor,other,high_confidence,0.97,1,2,1,2,58.0,78.9,72.5,deterministic_triage_not_ai_ranked,2026-08-30T13:28:01+00:00
1624,Victrola,victrola,https://www.glg-brands.com/brand-licensing5/victrola,other,high_confidence,0.97,1,2,1,2,58.0,78.9,72.5,deterministic_triage_not_ai_ranked,2026-08-30T13:28:01+00:00
1625,Vincent Van Gogh,vincent van gogh,https://www.glg-brands.com/brand-licensing5/vincent-van-gogh,other,high_confidence,0.97,1,2,1,2,58.0,78.9,72.5,deterministic_triage_not_ai_ranked,2026-08-30T13:28:01+00:00
1626,Virtus Palestre,virtus palestre,https://www.glg-brands.com/brand-licensing5/virtus-palestre,other,high_confidence,0.97,1,2,1,2,58.0,78.9,72.5,deterministic_triage_not_ai_ranked,2026-08-30T13:28:01+00:00
1628,Warners,warners,https://www.glg-brands.com/brand-licensing5/warners,other,high_confidence,0.97,1,2,1,2,58.0,78.9,72.5,deterministic_triage_not_ai_ranked,2026-08-30T13:28:01+00:00
1629,Waverly,waverly,https://www.glg-brands.com/brand-licensing5/waverly,other,high_confidence,0.97,1,2,1,2,58.0,78.9,72.5,deterministic_triage_not_ai_ranked,2026-08-30T13:28:01+00:00
1630,Wellington Polo Club,wellington polo club,https://www.glg-brands.com/brand-licensing5/wellington-polo-club,other,high_confidence,0.97,1,2,1,2,58.0,78.9,72.5,deterministic_triage_not_ai_ranked,2026-08-30T13:28:01+00:00
1631,Westinghouse,westinghouse,https://www.glg-brands.com/brand-licensing5/westinghouse,other,high_confidence,0.97,1,2,1,2,58.0,78.9,72.5,deterministic_triage_not_ai_ranked,2026-08-30T13:28:01+00:00
1632,William Rast,william rast,https://www.glg-brands.com/brand-licensing5/william-rast,other,high_confidence,0.97,1,2,1,2,58.0,78.9,72.5,deterministic_triage_not_ai_ranked,2026-08-30T13:28:01+00:00
1633,XOXO,xoxo,https://www.glg-brands.com/brand-licensing5/xoxo,other,high_confidence,0.97,1,2,1,2,58.0,78.9,72.5,deterministic_triage_not_ai_ranked,2026-08-30T13:28:01+00:00
1634,Yak Pak,yak pak,https://www.glg-brands.com/brand-licensing6/yak-pak,other,high_confidence,0.97,1,2,1,2,58.0,78.9,72.5,deterministic_triage_not_ai_ranked,2026-08-30T13:28:01+00:00
1472,eMachines,emachines,https://www.glg-brands.com/brand-licensing2/emachines,other,high_confidence,0.97,1,2,1,2,58.0,78.9,72.5,deterministic_triage_not_ai_ranked,2026-08-30T13:28:01+00:00
1479,etnies,etnies,https://www.glg-brands.com/brand-licensing7/etnies,other,high_confidence,0.97,1,2,1,2,58.0,78.9,72.5,deterministic_triage_not_ai_ranked,2026-08-30T13:28:01+00:00
1692,Brown Jordan Outdoor Kitchens,brown jordan outdoor kitchens,,outdoor_sport,review,0.74,1,2,1,0,78.0,62.8,72.3,deterministic_triage_not_ai_ranked,2026-08-30T13:28:01+00:00
1297,FC Barcelona,fc barcelona,,outdoor_sport,review,0.74,1,4,1,0,78.0,62.8,72.3,deterministic_triage_not_ai_ranked,2026-08-30T13:28:01+00:00
1275,FGA,fga,,outdoor_sport,review,0.74,1,2,1,0,78.0,62.8,72.3,deterministic_triage_not_ai_ranked,2026-08-30T13:28:01+00:00
1296,FIBA,fiba,,outdoor_sport,review,0.74,1,2,1,0,78.0,62.8,72.3,deterministic_triage_not_ai_ranked,2026-08-30T13:28:01+00:00
1295,Royal Ascot,royal ascot,,outdoor_sport,review,0.74,1,6,1,0,78.0,62.8,72.3,deterministic_triage_not_ai_ranked,2026-08-30T13:28:01+00:00
1689,Trex Outdoor Furniture,trex outdoor furniture,,outdoor_sport,review,0.74,1,2,1,0,78.0,62.8,72.3,deterministic_triage_not_ai_ranked,2026-08-30T13:28:01+00:00
1690,Trex Outdoor Pergolas,trex outdoor pergolas,,outdoor_sport,review,0.74,1,2,1,0,78.0,62.8,72.3,deterministic_triage_not_ai_ranked,2026-08-30T13:28:01+00:00
1287,World Rugby,world rugby,,outdoor_sport,review,0.74,1,6,1,0,78.0,62.8,72.3,deterministic_triage_not_ai_ranked,2026-08-30T13:28:01+00:00
1095,B Duck,b duck,,other,high_confidence,0.877,2,2,2,0,58.0,83.4,72.1,deterministic_triage_not_ai_ranked,2026-08-30T13:28:01+00:00
358,Betty Boop,betty boop,,other,high_confidence,0.877,2,3,2,0,58.0,83.4,72.1,deterministic_triage_not_ai_ranked,2026-08-30T13:28:01+00:00
879,Cardio Bunny,cardio bunny,,other,high_confidence,0.877,2,3,2,0,58.0,83.4,72.1,deterministic_triage_not_ai_ranked,2026-08-30T13:28:01+00:00
1027,Disney,disney,,other,high_confidence,0.877,2,2,2,0,58.0,83.4,72.1,deterministic_triage_not_ai_ranked,2026-08-30T13:28:01+00:00
947,King Features,king features,,other,high_confidence,0.877,2,3,2,0,58.0,83.4,72.1,deterministic_triage_not_ai_ranked,2026-08-30T13:28:01+00:00
192,Me to You,me to you,,other,high_confidence,0.877,2,2,2,0,58.0,83.4,72.1,deterministic_triage_not_ai_ranked,2026-08-30T13:28:01+00:00
1139,Miraculous,miraculous,,other,high_confidence,0.877,2,3,2,0,58.0,83.4,72.1,deterministic_triage_not_ai_ranked,2026-08-30T13:28:01+00:00
1028,Nickelodeon,nickelodeon,,other,high_confidence,0.877,2,2,2,0,58.0,83.4,72.1,deterministic_triage_not_ai_ranked,2026-08-30T13:28:01+00:00
1140,Penguin Ventures,penguin ventures,,other,high_confidence,0.877,2,3,2,0,58.0,83.4,72.1,deterministic_triage_not_ai_ranked,2026-08-30T13:28:01+00:00
604,PepsiCo,pepsico,,other,high_confidence,0.877,2,4,2,0,58.0,83.4,72.1,deterministic_triage_not_ai_ranked,2026-08-30T13:28:01+00:00
244,Sesame Workshop,sesame workshop,,other,high_confidence,0.877,2,3,2,0,58.0,83.4,72.1,deterministic_triage_not_ai_ranked,2026-08-30T13:28:01+00:00
1276,"Energizer, Jeep",energizer jeep,,transport_automotive,review,0.74,1,2,1,0,77.0,62.8,71.9,deterministic_triage_not_ai_ranked,2026-08-30T13:28:01+00:00
1281,FIAT,fiat,,transport_automotive,review,0.74,1,2,1,0,77.0,62.8,71.9,deterministic_triage_not_ai_ranked,2026-08-30T13:28:01+00:00
1283,Lionsgate - Lancia,lionsgate lancia,,transport_automotive,review,0.74,1,2,1,0,77.0,62.8,71.9,deterministic_triage_not_ai_ranked,2026-08-30T13:28:01+00:00
1268,"RAM, UFC",ram ufc,,transport_automotive,review,0.74,1,2,1,0,77.0,62.8,71.9,deterministic_triage_not_ai_ranked,2026-08-30T13:28:01+00:00
1272,Stellantis,stellantis,,transport_automotive,review,0.74,1,4,1,0,77.0,62.8,71.9,deterministic_triage_not_ai_ranked,2026-08-30T13:28:01+00:00
1288,Yamaha,yamaha,,transport_automotive,review,0.74,1,2,1,0,77.0,62.8,71.9,deterministic_triage_not_ai_ranked,2026-08-30T13:28:01+00:00
1149,7UP,7up,https://imglicensing.com/brands/7up/,other,high_confidence,0.95,1,4,1,4,58.0,77.5,71.6,deterministic_triage_not_ai_ranked,2026-08-30T13:28:01+00:00
1179,America's Cup,america s cup,https://imglicensing.com/brands/americas-cup/,other,high_confidence,0.95,1,4,1,4,58.0,77.5,71.6,deterministic_triage_not_ai_ranked,2026-08-30T13:28:01+00:00
1210,American Freshman,american freshman,https://imglicensing.com/brands/american-freshman/,other,high_confidence,0.95,1,4,1,4,58.0,77.5,71.6,deterministic_triage_not_ai_ranked,2026-08-30T13:28:01+00:00
1207,Andy Kaufman,andy kaufman,https://imglicensing.com/brands/andy-kaufman/,other,high_confidence,0.95,1,4,1,4,58.0,77.5,71.6,deterministic_triage_not_ai_ranked,2026-08-30T13:28:01+00:00
1192,Arnold Palmer,arnold palmer,https://imglicensing.com/brands/arnold-palmer/,other,high_confidence,0.95,1,8,1,4,58.0,77.5,71.6,deterministic_triage_not_ai_ranked,2026-08-30T13:28:01+00:00
1219,Baby Gap,baby gap,https://imglicensing.com/brands/baby-gap/,other,high_confidence,0.95,1,4,1,4,58.0,77.5,71.6,deterministic_triage_not_ai_ranked,2026-08-30T13:28:01+00:00
1211,Banana Republic,banana republic,https://imglicensing.com/brands/banana-republic/,other,high_confidence,0.95,1,4,1,4,58.0,77.5,71.6,deterministic_triage_not_ai_ranked,2026-08-30T13:28:01+00:00
1161,Barrett-Jackson,barrett jackson,https://imglicensing.com/brands/barrett-jackson/,other,high_confidence,0.95,1,4,1,4,58.0,77.5,71.6,deterministic_triage_not_ai_ranked,2026-08-30T13:28:01+00:00
1212,Beyond Closet,beyond closet,https://imglicensing.com/brands/beyond-closet/,other,high_confidence,0.95,1,4,1,4,58.0,77.5,71.6,deterministic_triage_not_ai_ranked,2026-08-30T13:28:01+00:00
1234,Breaking Bad,breaking bad,https://imglicensing.com/brands/breaking-bad/,other,high_confidence,0.95,1,4,1,4,58.0,77.5,71.6,deterministic_triage_not_ai_ranked,2026-08-30T13:28:01+00:00
1208,Brigitte Bardot,brigitte bardot,https://imglicensing.com/brands/brigitte-bardot/,other,high_confidence,0.95,1,14,1,4,58.0,77.5,71.6,deterministic_triage_not_ai_ranked,2026-08-30T13:28:01+00:00
1180,British Army,british army,https://imglicensing.com/brands/british-army/,other,high_confidence,0.95,1,6,1,4,58.0,77.5,71.6,deterministic_triage_not_ai_ranked,2026-08-30T13:28:01+00:00
1150,Cap'n Crunch,cap n crunch,https://imglicensing.com/brands/capn-crunch/,other,high_confidence,0.95,1,4,1,4,58.0,77.5,71.6,deterministic_triage_not_ai_ranked,2026-08-30T13:28:01+00:00
1151,Cheetos,cheetos,https://imglicensing.com/brands/cheetos/,other,high_confidence,0.95,1,4,1,4,58.0,77.5,71.6,deterministic_triage_not_ai_ranked,2026-08-30T13:28:01+00:00
1163,DS Automobiles,ds automobiles,https://imglicensing.com/brands/ds-automobiles/,other,high_confidence,0.95,1,4,1,4,58.0,77.5,71.6,deterministic_triage_not_ai_ranked,2026-08-30T13:28:01+00:00
1214,Dee & Ricky,dee and ricky,https://imglicensing.com/brands/dee-and-ricky/,other,high_confidence,0.95,1,4,1,4,58.0,77.5,71.6,deterministic_triage_not_ai_ranked,2026-08-30T13:28:01+00:00
1235,Dirty Dancing,dirty dancing,https://imglicensing.com/brands/dirty-dancing/,other,high_confidence,0.95,1,4,1,4,58.0,77.5,71.6,deterministic_triage_not_ai_ranked,2026-08-30T13:28:01+00:00
1153,Doritos,doritos,https://imglicensing.com/brands/doritos/,other,high_confidence,0.95,1,4,1,4,58.0,77.5,71.6,deterministic_triage_not_ai_ranked,2026-08-30T13:28:01+00:00
1236,E.T. The Extra-Terrestrial,e t the extra terrestrial,https://imglicensing.com/brands/e-t-the-extra-terrestrial/,other,high_confidence,0.95,1,4,1,4,58.0,77.5,71.6,deterministic_triage_not_ai_ranked,2026-08-30T13:28:01+00:00
1164,Eveready,eveready,https://imglicensing.com/brands/eveready/,other,high_confidence,0.95,1,4,1,4,58.0,77.5,71.6,deterministic_triage_not_ai_ranked,2026-08-30T13:28:01+00:00
1165,F. Scott Fitzgerald,f scott fitzgerald,https://imglicensing.com/brands/f-scott-fitzgerald/,other,high_confidence,0.95,1,4,1,4,58.0,77.5,71.6,deterministic_triage_not_ai_ranked,2026-08-30T13:28:01+00:00
1238,Fast & Furious,fast and furious,https://imglicensing.com/brands/fast-and-furious/,other,high_confidence,0.95,1,4,1,4,58.0,77.5,71.6,deterministic_triage_not_ai_ranked,2026-08-30T13:28:01+00:00
1220,Furby,furby,https://imglicensing.com/brands/furby/,other,high_confidence,0.95,1,4,1,4,58.0,77.5,71.6,deterministic_triage_not_ai_ranked,2026-08-30T13:28:01+00:00
1221,Gabby's Dollhouse,gabby s dollhouse,https://imglicensing.com/brands/gabbys-dollhouse/,other,high_confidence,0.95,1,4,1,4,58.0,77.5,71.6,deterministic_triage_not_ai_ranked,2026-08-30T13:28:01+00:00
1181,Jackie Robinson,jackie robinson,https://imglicensing.com/brands/jackie-robinson/,other,high_confidence,0.95,1,10,1,4,58.0,77.5,71.6,deterministic_triage_not_ai_ranked,2026-08-30T13:28:01+00:00
1241,Jaws,jaws,https://imglicensing.com/brands/jaws/,other,high_confidence,0.95,1,4,1,4,58.0,77.5,71.6,deterministic_triage_not_ai_ranked,2026-08-30T13:28:01+00:00
1243,Jurassic World,jurassic world,https://imglicensing.com/brands/jurassic-world/,other,high_confidence,0.95,1,4,1,4,58.0,77.5,71.6,deterministic_triage_not_ai_ranked,2026-08-30T13:28:01+00:00
1216,Kirsh,kirsh,https://imglicensing.com/brands/kirsh/,other,high_confidence,0.95,1,4,1,4,58.0,77.5,71.6,deterministic_triage_not_ai_ranked,2026-08-30T13:28:01+00:00
1244,Kung Fu Panda,kung fu panda,https://imglicensing.com/brands/kung-fu-panda/,other,high_confidence,0.95,1,4,1,4,58.0,77.5,71.6,deterministic_triage_not_ai_ranked,2026-08-30T13:28:01+00:00
1182,LAPD,lapd,https://imglicensing.com/brands/lapd/,other,high_confidence,0.95,1,4,1,4,58.0,77.5,71.6,deterministic_triage_not_ai_ranked,2026-08-30T13:28:01+00:00
1154,Lay's,lay s,https://imglicensing.com/brands/lays/,other,high_confidence,0.95,1,4,1,4,58.0,77.5,71.6,deterministic_triage_not_ai_ranked,2026-08-30T13:28:01+00:00
1204,Li Na,li na,https://imglicensing.com/brands/li-na/,other,high_confidence,0.95,1,4,1,4,58.0,77.5,71.6,deterministic_triage_not_ai_ranked,2026-08-30T13:28:01+00:00
1184,MTA,mta,https://imglicensing.com/brands/mta/,other,high_confidence,0.95,1,10,1,4,58.0,77.5,71.6,deterministic_triage_not_ai_ranked,2026-08-30T13:28:01+00:00
1195,Manchester City,manchester city,https://imglicensing.com/brands/manchester-city/,other,high_confidence,0.95,1,4,1,4,58.0,77.5,71.6,deterministic_triage_not_ai_ranked,2026-08-30T13:28:01+00:00
1183,MoMA,moma,https://imglicensing.com/brands/moma/,other,high_confidence,0.95,1,6,1,4,58.0,77.5,71.6,deterministic_triage_not_ai_ranked,2026-08-30T13:28:01+00:00
1246,Monopoly,monopoly,https://imglicensing.com/brands/monopoly/,other,high_confidence,0.95,1,4,1,4,58.0,77.5,71.6,deterministic_triage_not_ai_ranked,2026-08-30T13:28:01+00:00
1167,Mopar,mopar,https://imglicensing.com/brands/mopar/,other,high_confidence,0.95,1,6,1,6,58.0,77.5,71.6,deterministic_triage_not_ai_ranked,2026-08-30T13:28:01+00:00
1155,Mountain Dew,mountain dew,https://imglicensing.com/brands/mountain-dew/,other,high_confidence,0.95,1,4,1,4,58.0,77.5,71.6,deterministic_triage_not_ai_ranked,2026-08-30T13:28:01+00:00
1156,Mug,mug,https://imglicensing.com/brands/mug/,other,high_confidence,0.95,1,4,1,4,58.0,77.5,71.6,deterministic_triage_not_ai_ranked,2026-08-30T13:28:01+00:00
1223,My Little Pony,my little pony,https://imglicensing.com/brands/my-little-pony/,other,high_confidence,0.95,1,4,1,4,58.0,77.5,71.6,deterministic_triage_not_ai_ranked,2026-08-30T13:28:01+00:00
1247,Nerf,nerf,https://imglicensing.com/brands/nerf/,other,high_confidence,0.95,1,4,1,4,58.0,77.5,71.6,deterministic_triage_not_ai_ranked,2026-08-30T13:28:01+00:00
1248,Newmoji,newmoji,https://imglicensing.com/brands/newmoji/,other,high_confidence,0.95,1,4,1,4,58.0,77.5,71.6,deterministic_triage_not_ai_ranked,2026-08-30T13:28:01+00:00
1206,Nikki Lund,nikki lund,https://imglicensing.com/brands/nikki-lund/,other,high_confidence,0.95,1,4,1,4,58.0,77.5,71.6,deterministic_triage_not_ai_ranked,2026-08-30T13:28:01+00:00
1168,Nitro Circus,nitro circus,https://imglicensing.com/brands/nitro-circus/,other,high_confidence,0.95,1,4,1,4,58.0,77.5,71.6,deterministic_triage_not_ai_ranked,2026-08-30T13:28:01+00:00
1185,Norman Rockwell,norman rockwell,https://imglicensing.com/brands/norman-rockwell/,other,high_confidence,0.95,1,12,1,4,58.0,77.5,71.6,deterministic_triage_not_ai_ranked,2026-08-30T13:28:01+00:00
1227,PJ Masks,pj masks,https://imglicensing.com/brands/pj-masks/,other,high_confidence,0.95,1,4,1,4,58.0,77.5,71.6,deterministic_triage_not_ai_ranked,2026-08-30T13:28:01+00:00
1226,Pink Panther,pink panther,https://imglicensing.com/brands/pink-panther/,other,high_confidence,0.95,1,4,1,4,58.0,77.5,71.6,deterministic_triage_not_ai_ranked,2026-08-30T13:28:01+00:00
1225,Piñata Smashlings,pinata smashlings,https://imglicensing.com/brands/pinata-smashlings/,other,high_confidence,0.95,1,4,1,4,58.0,77.5,71.6,deterministic_triage_not_ai_ranked,2026-08-30T13:28:01+00:00
1228,Play-Doh,play doh,https://imglicensing.com/brands/play-doh/,other,high_confidence,0.95,1,4,1,4,58.0,77.5,71.6,deterministic_triage_not_ai_ranked,2026-08-30T13:28:01+00:00
1170,RAYOVAC,rayovac,https://imglicensing.com/brands/rayovac/,other,high_confidence,0.95,1,4,1,4,58.0,77.5,71.6,deterministic_triage_not_ai_ranked,2026-08-30T13:28:01+00:00
1250,Rambo,rambo,https://imglicensing.com/brands/rambo/,other,high_confidence,0.95,1,4,1,4,58.0,77.5,71.6,deterministic_triage_not_ai_ranked,2026-08-30T13:28:01+00:00
1186,Red Arrows,red arrows,https://imglicensing.com/brands/red-arrows/,other,high_confidence,0.95,1,4,1,4,58.0,77.5,71.6,deterministic_triage_not_ai_ranked,2026-08-30T13:28:01+00:00
1229,Ricky Zoom,ricky zoom,https://imglicensing.com/brands/ricky-zoom/,other,high_confidence,0.95,1,4,1,4,58.0,77.5,71.6,deterministic_triage_not_ai_ranked,2026-08-30T13:28:01+00:00
1173,SLS,sls,https://imglicensing.com/brands/sls/,other,high_confidence,0.95,1,4,1,4,58.0,77.5,71.6,deterministic_triage_not_ai_ranked,2026-08-30T13:28:01+00:00
1252,Saw,saw,https://imglicensing.com/brands/saw/,other,high_confidence,0.95,1,4,1,4,58.0,77.5,71.6,deterministic_triage_not_ai_ranked,2026-08-30T13:28:01+00:00
1172,Sealy,sealy,https://imglicensing.com/brands/sealy/,other,high_confidence,0.95,1,4,1,4,58.0,77.5,71.6,deterministic_triage_not_ai_ranked,2026-08-30T13:28:01+00:00
1253,Shrek,shrek,https://imglicensing.com/brands/shrek/,other,high_confidence,0.95,1,4,1,4,58.0,77.5,71.6,deterministic_triage_not_ai_ranked,2026-08-30T13:28:01+00:00
1189,Smithsonian,smithsonian,https://imglicensing.com/brands/smithsonian/,other,high_confidence,0.95,1,6,1,4,58.0,77.5,71.6,deterministic_triage_not_ai_ranked,2026-08-30T13:28:01+00:00
1174,Stearns & Foster,stearns and foster,https://imglicensing.com/brands/stearns-and-foster/,other,high_confidence,0.95,1,4,1,4,58.0,77.5,71.6,deterministic_triage_not_ai_ranked,2026-08-30T13:28:01+00:00
1254,StudioCanal Classics,studiocanal classics,https://imglicensing.com/brands/studiocanal-classics/,other,high_confidence,0.95,1,4,1,4,58.0,77.5,71.6,deterministic_triage_not_ai_ranked,2026-08-30T13:28:01+00:00
1255,TALKING TOM & FRIENDS,talking tom and friends,https://imglicensing.com/brands/talking-tom-and-friends/,other,high_confidence,0.95,1,4,1,4,58.0,77.5,71.6,deterministic_triage_not_ai_ranked,2026-08-30T13:28:01+00:00
1256,Ted 2,ted 2,https://imglicensing.com/brands/ted-2/,other,high_confidence,0.95,1,4,1,4,58.0,77.5,71.6,deterministic_triage_not_ai_ranked,2026-08-30T13:28:01+00:00
1175,Tempur,tempur,https://imglicensing.com/brands/tempur/,other,high_confidence,0.95,1,4,1,4,58.0,77.5,71.6,deterministic_triage_not_ai_ranked,2026-08-30T13:28:01+00:00
1257,Terminator 2,terminator 2,https://imglicensing.com/brands/terminator-2/,other,high_confidence,0.95,1,4,1,4,58.0,77.5,71.6,deterministic_triage_not_ai_ranked,2026-08-30T13:28:01+00:00
1176,TfL,tfl,https://imglicensing.com/brands/tfl/,other,high_confidence,0.95,1,19,1,4,58.0,77.5,71.6,deterministic_triage_not_ai_ranked,2026-08-30T13:28:01+00:00
1258,The Housemaid,the housemaid,https://imglicensing.com/brands/the-housemaid/,other,high_confidence,0.95,1,3,1,3,58.0,77.5,71.6,deterministic_triage_not_ai_ranked,2026-08-30T13:28:01+00:00
1260,The Hunting Wives,the hunting wives,https://imglicensing.com/brands/the-hunting-wives/,other,high_confidence,0.95,1,4,1,4,58.0,77.5,71.6,deterministic_triage_not_ai_ranked,2026-08-30T13:28:01+00:00
1200,The Open,the open,https://imglicensing.com/brands/the-open/,other,high_confidence,0.95,1,4,1,4,58.0,77.5,71.6,deterministic_triage_not_ai_ranked,2026-08-30T13:28:01+00:00
1261,Tokidoki,tokidoki,https://imglicensing.com/brands/tokidoki/,other,high_confidence,0.95,1,4,1,4,58.0,77.5,71.6,deterministic_triage_not_ai_ranked,2026-08-30T13:28:01+00:00
1230,Transformers,transformers,https://imglicensing.com/brands/transformers/,other,high_confidence,0.95,1,4,1,4,58.0,77.5,71.6,deterministic_triage_not_ai_ranked,2026-08-30T13:28:01+00:00
1231,Trolls,trolls,https://imglicensing.com/brands/trolls/,other,high_confidence,0.95,1,4,1,4,58.0,77.5,71.6,deterministic_triage_not_ai_ranked,2026-08-30T13:28:01+00:00
1177,Vail Resorts,vail resorts,https://imglicensing.com/brands/vail-resorts/,other,high_confidence,0.95,1,4,1,4,58.0,77.5,71.6,deterministic_triage_not_ai_ranked,2026-08-30T13:28:01+00:00
1178,Vauxhall,vauxhall,https://imglicensing.com/brands/vauxhall/,other,high_confidence,0.95,1,4,1,4,58.0,77.5,71.6,deterministic_triage_not_ai_ranked,2026-08-30T13:28:01+00:00
1263,Where's Wally?,where s wally,https://imglicensing.com/brands/wheres-wally/,other,high_confidence,0.95,1,4,1,4,58.0,77.5,71.6,deterministic_triage_not_ai_ranked,2026-08-30T13:28:01+00:00
1190,World Trade Center,world trade center,https://imglicensing.com/brands/world-trade-center/,other,high_confidence,0.95,1,4,1,4,58.0,77.5,71.6,deterministic_triage_not_ai_ranked,2026-08-30T13:28:01+00:00
1202,World's Strongest Man,world s strongest man,https://imglicensing.com/brands/worlds-strongest-man/,other,high_confidence,0.95,1,4,1,4,58.0,77.5,71.6,deterministic_triage_not_ai_ranked,2026-08-30T13:28:01+00:00
1237,evil dead,evil dead,https://imglicensing.com/brands/evil-dead/,other,high_confidence,0.95,1,4,1,4,58.0,77.5,71.6,deterministic_triage_not_ai_ranked,2026-08-30T13:28:01+00:00
157,BMW,bmw,https://brandgenuity.com/clients/bmw,other,high_confidence,0.922,2,3,1,2,58.0,78.5,71.4,deterministic_triage_not_ai_ranked,2026-08-30T13:28:01+00:00
639,Chiquita,chiquita,https://www.joesterloriagroup.com/portfolio/project-three-sng7y-jkgxx-kmlk5-64gk3-28jj6-whllz-628j9-wrfjk-lw89h-2swne,other,high_confidence,0.922,2,3,1,2,58.0,78.5,71.4,deterministic_triage_not_ai_ranked,2026-08-30T13:28:01+00:00
4,Dole,dole,https://www.beanstalk.com/client/dole,other,high_confidence,0.922,2,2,1,1,58.0,78.5,71.4,deterministic_triage_not_ai_ranked,2026-08-30T13:28:01+00:00
634,EttaVee,ettavee,https://www.jewelbranding.com/client/ettavee/,other,high_confidence,0.922,2,3,1,1,58.0,78.5,71.4,deterministic_triage_not_ai_ranked,2026-08-30T13:28:01+00:00
623,Frank Lloyd Wright,frank lloyd wright,https://www.jewelbranding.com/client/frank-lloyd-wright/,other,high_confidence,0.922,2,4,1,2,58.0,78.5,71.4,deterministic_triage_not_ai_ranked,2026-08-30T13:28:01+00:00
165,Kona Ice,kona ice,https://brandgenuity.com/clients/kona-ice,other,high_confidence,0.922,2,3,1,2,58.0,78.5,71.4,deterministic_triage_not_ai_ranked,2026-08-30T13:28:01+00:00
636,Krissy Mast,krissy mast,https://www.jewelbranding.com/client/krissy-mast/,other,high_confidence,0.922,2,3,1,1,58.0,78.5,71.4,deterministic_triage_not_ai_ranked,2026-08-30T13:28:01+00:00
624,MFA Boston,mfa boston,https://www.jewelbranding.com/client/mfa-boston/,other,high_confidence,0.922,2,3,1,1,58.0,78.5,71.4,deterministic_triage_not_ai_ranked,2026-08-30T13:28:01+00:00
635,Mia Charro,mia charro,https://www.jewelbranding.com/client/mia-charro/,other,high_confidence,0.922,2,3,1,1,58.0,78.5,71.4,deterministic_triage_not_ai_ranked,2026-08-30T13:28:01+00:00
160,Mike’s Hot Honey,mikes hot honey,https://brandgenuity.com/clients/mikes-hot-honey,other,high_confidence,0.922,2,3,1,2,58.0,78.5,71.4,deterministic_triage_not_ai_ranked,2026-08-30T13:28:01+00:00
629,Morris & Co,morris and co,https://www.jewelbranding.com/client/the-sanderson-design-group/,other,high_confidence,0.922,2,3,1,1,58.0,78.5,71.4,deterministic_triage_not_ai_ranked,2026-08-30T13:28:01+00:00
631,Nikki Chu,nikki chu,https://www.jewelbranding.com/client/nikki-chu/,other,high_confidence,0.922,2,4,1,2,58.0,78.5,71.4,deterministic_triage_not_ai_ranked,2026-08-30T13:28:01+00:00
643,Papyrus,papyrus,https://www.joesterloriagroup.com/portfolio/project-three-sng7y-jkgxx-kmlk5-64gk3-28jj6-whllz-628j9-wrfjk-lw89h-2swne-p255j,other,high_confidence,0.922,2,3,1,2,58.0,78.5,71.4,deterministic_triage_not_ai_ranked,2026-08-30T13:28:01+00:00
632,Plum Pretty Sugar,plum pretty sugar,https://www.jewelbranding.com/client/plum-pretty-sugar/,other,high_confidence,0.922,2,3,1,1,58.0,78.5,71.4,deterministic_triage_not_ai_ranked,2026-08-30T13:28:01+00:00
164,Purple,purple,https://brandgenuity.com/clients/purple,other,high_confidence,0.922,2,3,1,2,58.0,78.5,71.4,deterministic_triage_not_ai_ranked,2026-08-30T13:28:01+00:00
633,Rachael Hale,rachael hale,https://www.jewelbranding.com/client/rachael-hale/,other,high_confidence,0.922,2,4,1,2,58.0,78.5,71.4,deterministic_triage_not_ai_ranked,2026-08-30T13:28:01+00:00
948,Sam Wilde,sam wilde,https://rightsandbrands.com/brands/sam-wilde/,other,high_confidence,0.922,2,4,1,3,58.0,78.5,71.4,deterministic_triage_not_ai_ranked,2026-08-30T13:28:01+00:00
630,Simplified by Emily Ley,simplified by emily ley,https://www.jewelbranding.com/client/simplified-by-emily-ley/,other,high_confidence,0.922,2,3,1,1,58.0,78.5,71.4,deterministic_triage_not_ai_ranked,2026-08-30T13:28:01+00:00
607,St‑Germain,stgermain,https://imglicensing.com/brands/st-germain/,other,high_confidence,0.922,2,4,1,3,58.0,78.5,71.4,deterministic_triage_not_ai_ranked,2026-08-30T13:28:01+00:00
642,Toyota,toyota,https://www.joesterloriagroup.com/portfolio/project-three-sng7y-jkgxx-kmlk5-64gk3-28jj6-whllz-628j9-wrfjk-lw89h-2swne-p255j-d2dde-mexdz,other,high_confidence,0.922,2,3,1,2,58.0,78.5,71.4,deterministic_triage_not_ai_ranked,2026-08-30T13:28:01+00:00
10,U.S. Army,u s army,https://www.beanstalk.com/client/us-army,other,high_confidence,0.922,2,2,1,1,58.0,78.5,71.4,deterministic_triage_not_ai_ranked,2026-08-30T13:28:01+00:00
952,Amazon MGM Studios,amazon mgm studios,,other,documented,0.865,1,2,2,0,58.0,79.5,70.6,deterministic_triage_not_ai_ranked,2026-08-30T13:28:01+00:00
356,Automobili Lamborghini,automobili lamborghini,,other,documented,0.865,1,2,2,0,58.0,79.5,70.6,deterministic_triage_not_ai_ranked,2026-08-30T13:28:01+00:00
647,BBC,bbc,,other,documented,0.865,1,2,2,0,58.0,79.5,70.6,deterministic_triage_not_ai_ranked,2026-08-30T13:28:01+00:00
41,BT21,bt21,,other,documented,0.865,1,2,2,0,58.0,79.5,70.6,deterministic_triage_not_ai_ranked,2026-08-30T13:28:01+00:00
890,Ben Sherman,ben sherman,,other,documented,0.865,1,2,2,0,58.0,79.5,70.6,deterministic_triage_not_ai_ranked,2026-08-30T13:28:01+00:00
702,Bravado,bravado,,other,documented,0.865,1,2,2,0,58.0,79.5,70.6,deterministic_triage_not_ai_ranked,2026-08-30T13:28:01+00:00
415,Chow Tai Fook,chow tai fook,,other,documented,0.865,1,2,2,0,58.0,79.5,70.6,deterministic_triage_not_ai_ranked,2026-08-30T13:28:01+00:00
45,Cinnabon,cinnabon,,other,documented,0.865,1,2,2,0,58.0,79.5,70.6,deterministic_triage_not_ai_ranked,2026-08-30T13:28:01+00:00
291,Cloudco Entertainment,cloudco entertainment,,other,documented,0.865,1,2,2,0,58.0,79.5,70.6,deterministic_triage_not_ai_ranked,2026-08-30T13:28:01+00:00
512,Dr Seuss Enterprises,dr seuss enterprises,,other,documented,0.865,1,2,2,0,58.0,79.5,70.6,deterministic_triage_not_ai_ranked,2026-08-30T13:28:01+00:00
223,Frida Kahlo,frida kahlo,,other,documented,0.865,1,2,2,0,58.0,79.5,70.6,deterministic_triage_not_ai_ranked,2026-08-30T13:28:01+00:00
135,Gaiam,gaiam,,other,documented,0.865,1,2,2,0,58.0,79.5,70.6,deterministic_triage_not_ai_ranked,2026-08-30T13:28:01+00:00
153,General Mills,general mills,,other,documented,0.865,1,2,2,0,58.0,79.5,70.6,deterministic_triage_not_ai_ranked,2026-08-30T13:28:01+00:00
224,Genshin Impact,genshin impact,,other,documented,0.865,1,2,2,0,58.0,79.5,70.6,deterministic_triage_not_ai_ranked,2026-08-30T13:28:01+00:00
1099,Head,head,,other,documented,0.865,1,2,2,0,58.0,79.5,70.6,deterministic_triage_not_ai_ranked,2026-08-30T13:28:01+00:00
56,Iron Maiden,iron maiden,,other,documented,0.865,1,2,2,0,58.0,79.5,70.6,deterministic_triage_not_ai_ranked,2026-08-30T13:28:01+00:00
36,JD.com,jd com,,other,documented,0.865,1,2,2,0,58.0,79.5,70.6,deterministic_triage_not_ai_ranked,2026-08-30T13:28:01+00:00
140,Kappa,kappa,,other,documented,0.865,1,2,2,0,58.0,79.5,70.6,deterministic_triage_not_ai_ranked,2026-08-30T13:28:01+00:00
654,Kodak,kodak,,other,documented,0.865,1,2,2,0,58.0,79.5,70.6,deterministic_triage_not_ai_ranked,2026-08-30T13:28:01+00:00
772,Legendary Entertainment,legendary entertainment,,other,documented,0.865,1,2,2,0,58.0,79.5,70.6,deterministic_triage_not_ai_ranked,2026-08-30T13:28:01+00:00
21,MINISO,miniso,,other,documented,0.865,1,2,2,0,58.0,79.5,70.6,deterministic_triage_not_ai_ranked,2026-08-30T13:28:01+00:00
459,McCormick,mccormick,,other,documented,0.865,1,2,2,0,58.0,79.5,70.6,deterministic_triage_not_ai_ranked,2026-08-30T13:28:01+00:00
972,Miracle-Gro,miracle gro,,other,documented,0.865,1,2,2,0,58.0,79.5,70.6,deterministic_triage_not_ai_ranked,2026-08-30T13:28:01+00:00
199,Mr Bean,mr bean,,other,documented,0.865,1,2,2,0,58.0,79.5,70.6,deterministic_triage_not_ai_ranked,2026-08-30T13:28:01+00:00
74,Ozzy Osbourne,ozzy osbourne,,other,documented,0.865,1,2,2,0,58.0,79.5,70.6,deterministic_triage_not_ai_ranked,2026-08-30T13:28:01+00:00
20,POP MART,pop mart,,other,documented,0.865,1,2,2,0,58.0,79.5,70.6,deterministic_triage_not_ai_ranked,2026-08-30T13:28:01+00:00
514,Penguin,penguin,,other,documented,0.865,1,2,2,0,58.0,79.5,70.6,deterministic_triage_not_ai_ranked,2026-08-30T13:28:01+00:00
790,Perfetti Van Melle,perfetti van melle,,other,documented,0.865,1,2,2,0,58.0,79.5,70.6,deterministic_triage_not_ai_ranked,2026-08-30T13:28:01+00:00
701,Perryscope,perryscope,,other,documented,0.865,1,2,2,0,58.0,79.5,70.6,deterministic_triage_not_ai_ranked,2026-08-30T13:28:01+00:00
580,Peugeot,peugeot,,other,documented,0.865,1,2,2,0,58.0,79.5,70.6,deterministic_triage_not_ai_ranked,2026-08-30T13:28:01+00:00
971,Scotts,scotts,,other,documented,0.865,1,2,2,0,58.0,79.5,70.6,deterministic_triage_not_ai_ranked,2026-08-30T13:28:01+00:00
246,Sony Pictures,sony pictures,,other,documented,0.865,1,2,2,0,58.0,79.5,70.6,deterministic_triage_not_ai_ranked,2026-08-30T13:28:01+00:00
247,Spalding,spalding,,other,documented,0.865,1,2,2,0,58.0,79.5,70.6,deterministic_triage_not_ai_ranked,2026-08-30T13:28:01+00:00
181,Subway,subway,,other,documented,0.865,1,2,2,0,58.0,79.5,70.6,deterministic_triage_not_ai_ranked,2026-08-30T13:28:01+00:00
105,TED,ted,,other,documented,0.865,1,2,2,0,58.0,79.5,70.6,deterministic_triage_not_ai_ranked,2026-08-30T13:28:01+00:00
27,THERMOS,thermos,,other,documented,0.865,1,2,2,0,58.0,79.5,70.6,deterministic_triage_not_ai_ranked,2026-08-30T13:28:01+00:00
128,The Hershey Company,the hershey company,,other,documented,0.865,1,2,2,0,58.0,79.5,70.6,deterministic_triage_not_ai_ranked,2026-08-30T13:28:01+00:00
109,Tonino Lamborghini,tonino lamborghini,,other,documented,0.865,1,2,2,0,58.0,79.5,70.6,deterministic_triage_not_ai_ranked,2026-08-30T13:28:01+00:00
891,True Religion,true religion,,other,documented,0.865,1,2,2,0,58.0,79.5,70.6,deterministic_triage_not_ai_ranked,2026-08-30T13:28:01+00:00
501,Watsons,watsons,,other,documented,0.865,1,2,2,0,58.0,79.5,70.6,deterministic_triage_not_ai_ranked,2026-08-30T13:28:01+00:00
978,Zippo,zippo,,other,documented,0.865,1,2,2,0,58.0,79.5,70.6,deterministic_triage_not_ai_ranked,2026-08-30T13:28:01+00:00
705,emoji,emoji,,other,documented,0.865,1,2,2,0,58.0,79.5,70.6,deterministic_triage_not_ai_ranked,2026-08-30T13:28:01+00:00
1402,808 Audio,808 audio,https://www.glg-brands.com/brand-licensing6/808-audio,other,high_confidence,0.91,1,1,1,1,58.0,74.7,69.9,deterministic_triage_not_ai_ranked,2026-08-30T13:28:01+00:00
1649,9Lives,9lives,https://www.joesterloriagroup.com/portfolio/project-three-sng7y-jkgxx-kmlk5-64gk3-28jj6-whllz-628j9-wrfjk-lw89h-2swne-p255j-d2dde-rslw5-tyw7z,other,high_confidence,0.91,1,2,1,2,58.0,74.7,69.9,deterministic_triage_not_ai_ranked,2026-08-30T13:28:01+00:00
1738,Action Man And Moneysupermarket,action man and moneysupermarket,https://bornlicensing.com/portfolio/action-man-and-moneysupermarket,other,high_confidence,0.91,1,1,1,1,58.0,74.7,69.9,deterministic_triage_not_ai_ranked,2026-08-30T13:28:01+00:00
1354,Alfie Atkins,alfie atkins,https://rightsandbrands.com/brands/alfie-atkins/,other,high_confidence,0.91,1,1,1,1,58.0,74.7,69.9,deterministic_triage_not_ai_ranked,2026-08-30T13:28:01+00:00
1305,Arm And Hammer,arm and hammer,https://brandgenuity.com/clients/arm-and-hammer,other,high_confidence,0.91,1,2,1,2,58.0,74.7,69.9,deterministic_triage_not_ai_ranked,2026-08-30T13:28:01+00:00
1356,Arnie Alligator,arnie alligator,https://rightsandbrands.com/brands/arnie-alligator/,other,high_confidence,0.91,1,1,1,1,58.0,74.7,69.9,deterministic_triage_not_ai_ranked,2026-08-30T13:28:01+00:00
1349,Artists Illustrators,artists illustrators,https://www.jewelbranding.com/portfolio/artists-illustrators/,other,high_confidence,0.91,1,1,1,1,58.0,74.7,69.9,deterministic_triage_not_ai_ranked,2026-08-30T13:28:01+00:00
1355,Astrid Lindgren,astrid lindgren,https://rightsandbrands.com/brands/astrid-lindgren/,other,high_confidence,0.91,1,1,1,1,58.0,74.7,69.9,deterministic_triage_not_ai_ranked,2026-08-30T13:28:01+00:00
6,Baileys,baileys,https://www.beanstalk.com/client/baileys,other,high_confidence,0.91,1,1,1,1,58.0,74.7,69.9,deterministic_triage_not_ai_ranked,2026-08-30T13:28:01+00:00
1357,Bamse,bamse,https://rightsandbrands.com/brands/bamse/,other,high_confidence,0.91,1,1,1,1,58.0,74.7,69.9,deterministic_triage_not_ai_ranked,2026-08-30T13:28:01+00:00
1306,Banana Boat,banana boat,https://brandgenuity.com/clients/banana-boat,other,high_confidence,0.91,1,2,1,2,58.0,74.7,69.9,deterministic_triage_not_ai_ranked,2026-08-30T13:28:01+00:00
1339,Bouffants And Broken Hearts,bouffants and broken hearts,https://www.jewelbranding.com/client/bouffants-and-broken-hearts/,other,high_confidence,0.91,1,2,1,1,58.0,74.7,69.9,deterministic_triage_not_ai_ranked,2026-08-30T13:28:01+00:00
1264,Brand Studio,brand studio,https://www.caa.com/brands/brand-studio,other,high_confidence,0.91,1,2,1,2,58.0,74.7,69.9,deterministic_triage_not_ai_ranked,2026-08-30T13:28:01+00:00
1749,Bridget Jones And Marks And Spencer,bridget jones and marks and spencer,https://bornlicensing.com/portfolio/bridget-jones-and-marks-and-spencer,other,high_confidence,0.91,1,1,1,1,58.0,74.7,69.9,deterministic_triage_not_ai_ranked,2026-08-30T13:28:01+00:00
1745,Bruce Lee Boost,bruce lee boost,https://bornlicensing.com/portfolio/bruce-lee-boost,other,high_confidence,0.91,1,1,1,1,58.0,74.7,69.9,deterministic_triage_not_ai_ranked,2026-08-30T13:28:01+00:00
1714,Buddy The Elf Asda Christmas,buddy the elf asda christmas,https://bornlicensing.com/portfolio/buddy-the-elf-asda-christmas,other,high_confidence,0.91,1,1,1,1,58.0,74.7,69.9,deterministic_triage_not_ai_ranked,2026-08-30T13:28:01+00:00
1307,Buffalo Trace,buffalo trace,https://brandgenuity.com/clients/buffalo-trace,other,high_confidence,0.91,1,2,1,2,58.0,74.7,69.9,deterministic_triage_not_ai_ranked,2026-08-30T13:28:01+00:00
1740,Bumblebee And Direct Line Were On It,bumblebee and direct line were on it,https://bornlicensing.com/portfolio/bumblebee-and-direct-line-were-on-it,other,high_confidence,0.91,1,1,1,1,58.0,74.7,69.9,deterministic_triage_not_ai_ranked,2026-08-30T13:28:01+00:00
1266,Caa Brand Studio,caa brand studio,https://www.caa.com/brands/caa-brand-studio,other,high_confidence,0.91,1,2,1,2,58.0,74.7,69.9,deterministic_triage_not_ai_ranked,2026-08-30T13:28:01+00:00
1752,Candy Crush And Samsung,candy crush and samsung,https://bornlicensing.com/portfolio/candy-crush-and-samsung,other,high_confidence,0.91,1,1,1,1,58.0,74.7,69.9,deterministic_triage_not_ai_ranked,2026-08-30T13:28:01+00:00
1650,CaptainUnderpants,captainunderpants,https://www.joesterloriagroup.com/portfolio/project-three-sng7y-jkgxx-kmlk5-64gk3-28jj6-whllz-628j9-wrfjk-lw89h-2swne-p255j-d2dde-ew3r5-jwrmk-jrzdj,other,high_confidence,0.91,1,2,1,2,58.0,74.7,69.9,deterministic_triage_not_ai_ranked,2026-08-30T13:28:01+00:00
1744,Care Bears In Google Advert,care bears in google advert,https://bornlicensing.com/portfolio/care-bears-in-google-advert,other,high_confidence,0.91,1,1,1,1,58.0,74.7,69.9,deterministic_triage_not_ai_ranked,2026-08-30T13:28:01+00:00
1651,CatKid,catkid,https://www.joesterloriagroup.com/portfolio/project-three-sng7y-jkgxx-kmlk5-64gk3-28jj6-whllz-628j9-wrfjk-lw89h-2swne-p255j-d2dde-ew3r5,other,high_confidence,0.91,1,2,1,2,58.0,74.7,69.9,deterministic_triage_not_ai_ranked,2026-08-30T13:28:01+00:00
1346,Catcoq,catcoq,https://www.jewelbranding.com/client/catcoq/,other,high_confidence,0.91,1,3,1,2,58.0,74.7,69.9,deterministic_triage_not_ai_ranked,2026-08-30T13:28:01+00:00
1337,Ceci New York,ceci new york,https://www.jewelbranding.com/client/ceci-new-york/,other,high_confidence,0.91,1,3,1,2,58.0,74.7,69.9,deterministic_triage_not_ai_ranked,2026-08-30T13:28:01+00:00
1652,CheezIt,cheezit,https://www.joesterloriagroup.com/portfolio/project-three-sng7y-jkgxx-kmlk5-64gk3-28jj6-whllz-628j9-wrfjk-lw89h-2swne-p255j-d2dde-3k8jk,other,high_confidence,0.91,1,2,1,2,58.0,74.7,69.9,deterministic_triage_not_ai_ranked,2026-08-30T13:28:01+00:00
1653,Corona,corona,https://www.joesterloriagroup.com/portfolio/project-three-sng7y-jkgxx-kmlk5-64gk3-28jj6-whllz-628j9-wrfjk-cj4lk,other,high_confidence,0.91,1,2,1,2,58.0,74.7,69.9,deterministic_triage_not_ai_ranked,2026-08-30T13:28:01+00:00
1308,Cremo,cremo,https://brandgenuity.com/clients/cremo,other,high_confidence,0.91,1,2,1,2,58.0,74.7,69.9,deterministic_triage_not_ai_ranked,2026-08-30T13:28:01+00:00
1350,Cultural Institutions,cultural institutions,https://www.jewelbranding.com/portfolio/cultural-institutions/,other,high_confidence,0.91,1,1,1,1,58.0,74.7,69.9,deterministic_triage_not_ai_ranked,2026-08-30T13:28:01+00:00
1309,Diaper Genie,diaper genie,https://brandgenuity.com/clients/diaper-genie,other,high_confidence,0.91,1,2,1,2,58.0,74.7,69.9,deterministic_triage_not_ai_ranked,2026-08-30T13:28:01+00:00
1654,DogMan,dogman,https://www.joesterloriagroup.com/portfolio/project-three-sng7y-jkgxx-kmlk5-64gk3-28jj6-whllz-628j9-wrfjk-lw89h-2swne-p255j-d2dde-ew3r5-jwrmk,other,high_confidence,0.91,1,2,1,2,58.0,74.7,69.9,deterministic_triage_not_ai_ranked,2026-08-30T13:28:01+00:00
1729,Donatello And Direct Line,donatello and direct line,https://bornlicensing.com/portfolio/donatello-and-direct-line,other,high_confidence,0.91,1,1,1,1,58.0,74.7,69.9,deterministic_triage_not_ai_ranked,2026-08-30T13:28:01+00:00
1359,Emil In Lonneberga,emil in lonneberga,https://rightsandbrands.com/brands/emil-in-lonneberga/,other,high_confidence,0.91,1,1,1,1,58.0,74.7,69.9,deterministic_triage_not_ai_ranked,2026-08-30T13:28:01+00:00
1655,EricCarle,ericcarle,https://www.joesterloriagroup.com/portfolio/project-three-sng7y-jkgxx-kmlk5-64gk3-28jj6-whllz-628j9-wrfjk-lw89h-2swne-p255j-d2dde-mexdz-phmz4-s8l84,other,high_confidence,0.91,1,2,1,2,58.0,74.7,69.9,deterministic_triage_not_ai_ranked,2026-08-30T13:28:01+00:00
1310,Fireball,fireball,https://brandgenuity.com/clients/fireball,other,high_confidence,0.91,1,2,1,2,58.0,74.7,69.9,deterministic_triage_not_ai_ranked,2026-08-30T13:28:01+00:00
1360,Flaklypa,flaklypa,https://rightsandbrands.com/brands/flaklypa/,other,high_confidence,0.91,1,1,1,1,58.0,74.7,69.9,deterministic_triage_not_ai_ranked,2026-08-30T13:28:01+00:00
1311,Flawless,flawless,https://brandgenuity.com/clients/flawless,other,high_confidence,0.91,1,2,1,2,58.0,74.7,69.9,deterministic_triage_not_ai_ranked,2026-08-30T13:28:01+00:00
1732,Furby In Natwest Tv Ad,furby in natwest tv ad,https://bornlicensing.com/portfolio/furby-in-natwest-tv-ad,other,high_confidence,0.91,1,1,1,1,58.0,74.7,69.9,deterministic_triage_not_ai_ranked,2026-08-30T13:28:01+00:00
1727,Geico And Angry Birds,geico and angry birds,https://bornlicensing.com/portfolio/geico-and-angry-birds,other,high_confidence,0.91,1,1,1,1,58.0,74.7,69.9,deterministic_triage_not_ai_ranked,2026-08-30T13:28:01+00:00
1723,Geico And Furby,geico and furby,https://bornlicensing.com/portfolio/geico-and-furby,other,high_confidence,0.91,1,1,1,1,58.0,74.7,69.9,deterministic_triage_not_ai_ranked,2026-08-30T13:28:01+00:00
1720,Ghirardelli And Spongebob Squarepants,ghirardelli and spongebob squarepants,https://bornlicensing.com/portfolio/ghirardelli-and-spongebob-squarepants,other,high_confidence,0.91,1,1,1,1,58.0,74.7,69.9,deterministic_triage_not_ai_ranked,2026-08-30T13:28:01+00:00
1743,Gi Joe And Subaru,gi joe and subaru,https://bornlicensing.com/portfolio/gi-joe-and-subaru,other,high_confidence,0.91,1,1,1,1,58.0,74.7,69.9,deterministic_triage_not_ai_ranked,2026-08-30T13:28:01+00:00
1362,Halge,halge,https://rightsandbrands.com/brands/halge/,other,high_confidence,0.91,1,1,1,1,58.0,74.7,69.9,deterministic_triage_not_ai_ranked,2026-08-30T13:28:01+00:00
1361,Hans Arnold,hans arnold,https://rightsandbrands.com/brands/hans-arnold/,other,high_confidence,0.91,1,1,1,1,58.0,74.7,69.9,deterministic_triage_not_ai_ranked,2026-08-30T13:28:01+00:00
1312,Hawaiian Tropic,hawaiian tropic,https://brandgenuity.com/clients/hawaiian-tropic,other,high_confidence,0.91,1,2,1,2,58.0,74.7,69.9,deterministic_triage_not_ai_ranked,2026-08-30T13:28:01+00:00
1345,Heirloomed,heirloomed,https://www.jewelbranding.com/client/heirloomed/,other,high_confidence,0.91,1,3,1,2,58.0,74.7,69.9,deterministic_triage_not_ai_ranked,2026-08-30T13:28:01+00:00
1656,HoneyBunchesofOats,honeybunchesofoats,https://www.joesterloriagroup.com/portfolio/project-three-sng7y-jkgxx-kmlk5-64gk3-28jj6-whllz-628j9-wrfjk-lw89h-2swne-p255j-d2dde-rslw5,other,high_confidence,0.91,1,2,1,2,58.0,74.7,69.9,deterministic_triage_not_ai_ranked,2026-08-30T13:28:01+00:00
1363,Ilon Wikland,ilon wikland,https://rightsandbrands.com/brands/ilon-wikland/,other,high_confidence,0.91,1,3,1,3,58.0,74.7,69.9,deterministic_triage_not_ai_ranked,2026-08-30T13:28:01+00:00
1754,Inspira Health And Operation,inspira health and operation,https://bornlicensing.com/portfolio/inspira-health-and-operation,other,high_confidence,0.91,1,1,1,1,58.0,74.7,69.9,deterministic_triage_not_ai_ranked,2026-08-30T13:28:01+00:00
1716,Invesco And The Joy Of Painting,invesco and the joy of painting,https://bornlicensing.com/portfolio/invesco-and-the-joy-of-painting,other,high_confidence,0.91,1,1,1,1,58.0,74.7,69.9,deterministic_triage_not_ai_ranked,2026-08-30T13:28:01+00:00
1364,Jean Sibelius,jean sibelius,https://rightsandbrands.com/brands/jean-sibelius/,other,high_confidence,0.91,1,1,1,1,58.0,74.7,69.9,deterministic_triage_not_ai_ranked,2026-08-30T13:28:01+00:00
1313,Jergens,jergens,https://brandgenuity.com/clients/jergens,other,high_confidence,0.91,1,2,1,2,58.0,74.7,69.9,deterministic_triage_not_ai_ranked,2026-08-30T13:28:01+00:00
1314,John Frieda,john frieda,https://brandgenuity.com/clients/john-frieda,other,high_confidence,0.91,1,2,1,2,58.0,74.7,69.9,deterministic_triage_not_ai_ranked,2026-08-30T13:28:01+00:00
1722,Johnsonville Foods And Popeye And Rockem Sockem,johnsonville foods and popeye and rockem sockem,https://bornlicensing.com/portfolio/johnsonville-foods-and-popeye-and-rockem-sockem,other,high_confidence,0.91,1,1,1,1,58.0,74.7,69.9,deterministic_triage_not_ai_ranked,2026-08-30T13:28:01+00:00
1365,Karlsson On The Roof,karlsson on the roof,https://rightsandbrands.com/brands/karlsson-on-the-roof/,other,high_confidence,0.91,1,1,1,1,58.0,74.7,69.9,deterministic_triage_not_ai_ranked,2026-08-30T13:28:01+00:00
1760,Kfc Licenses Tekken 7 Trackmania Turbo,kfc licenses tekken 7 trackmania turbo,https://bornlicensing.com/portfolio/kfc-licenses-tekken-7-trackmania-turbo,other,high_confidence,0.91,1,1,1,1,58.0,74.7,69.9,deterministic_triage_not_ai_ranked,2026-08-30T13:28:01+00:00
1657,KibblesNBits,kibblesnbits,https://www.joesterloriagroup.com/portfolio/project-three-sng7y-jkgxx-kmlk5-64gk3-28jj6-whllz-628j9-wrfjk-lw89h-2swne-p255j-d2dde-jmyjx-r6tr3,other,high_confidence,0.91,1,2,1,2,58.0,74.7,69.9,deterministic_triage_not_ai_ranked,2026-08-30T13:28:01+00:00
1715,King Valkyrie Direct Line,king valkyrie direct line,https://bornlicensing.com/portfolio/king-valkyrie-direct-line,other,high_confidence,0.91,1,1,1,1,58.0,74.7,69.9,deterministic_triage_not_ai_ranked,2026-08-30T13:28:01+00:00
1731,League Of Legends And Google Pixel,league of legends and google pixel,https://bornlicensing.com/portfolio/league-of-legends-and-google-pixel,other,high_confidence,0.91,1,1,1,1,58.0,74.7,69.9,deterministic_triage_not_ai_ranked,2026-08-30T13:28:01+00:00
1315,Litter Genie,litter genie,https://brandgenuity.com/clients/litter-genie,other,high_confidence,0.91,1,2,1,2,58.0,74.7,69.9,deterministic_triage_not_ai_ranked,2026-08-30T13:28:01+00:00
1366,Little Anna,little anna,https://rightsandbrands.com/brands/little-anna/,other,high_confidence,0.91,1,1,1,1,58.0,74.7,69.9,deterministic_triage_not_ai_ranked,2026-08-30T13:28:01+00:00
1367,Little Ghost Laban,little ghost laban,https://rightsandbrands.com/brands/little-ghost-laban/,other,high_confidence,0.91,1,1,1,1,58.0,74.7,69.9,deterministic_triage_not_ai_ranked,2026-08-30T13:28:01+00:00
1368,Little Pink And Brokiga,little pink and brokiga,https://rightsandbrands.com/brands/little-pink-and-brokiga/,other,high_confidence,0.91,1,1,1,1,58.0,74.7,69.9,deterministic_triage_not_ai_ranked,2026-08-30T13:28:01+00:00
1369,Lollo Bernie,lollo bernie,https://rightsandbrands.com/brands/lollo-bernie/,other,high_confidence,0.91,1,1,1,1,58.0,74.7,69.9,deterministic_triage_not_ai_ranked,2026-08-30T13:28:01+00:00
1347,Lordy Dordie,lordy dordie,https://www.jewelbranding.com/client/lordy-dordie/,other,high_confidence,0.91,1,3,1,2,58.0,74.7,69.9,deterministic_triage_not_ai_ranked,2026-08-30T13:28:01+00:00
1370,Lotta On Troublemaker Street,lotta on troublemaker street,https://rightsandbrands.com/brands/lotta-on-troublemaker-street/,other,high_confidence,0.91,1,1,1,1,58.0,74.7,69.9,deterministic_triage_not_ai_ranked,2026-08-30T13:28:01+00:00
1232,Madagascar (white),madagascar white,https://imglicensing.com/brands/madagascar/,other,high_confidence,0.91,1,2,1,2,58.0,74.7,69.9,deterministic_triage_not_ai_ranked,2026-08-30T13:28:01+00:00
1371,Madicken,madicken,https://rightsandbrands.com/brands/madicken/,other,high_confidence,0.91,1,1,1,1,58.0,74.7,69.9,deterministic_triage_not_ai_ranked,2026-08-30T13:28:01+00:00
1372,Mamma Moo And Crow,mamma moo and crow,https://rightsandbrands.com/brands/mamma-moo-and-crow/,other,high_confidence,0.91,1,1,1,1,58.0,74.7,69.9,deterministic_triage_not_ai_ranked,2026-08-30T13:28:01+00:00
1742,Masters Of The Universe And Moneysupermarket,masters of the universe and moneysupermarket,https://bornlicensing.com/portfolio/masters-of-the-universe-and-moneysupermarket,other,high_confidence,0.91,1,1,1,1,58.0,74.7,69.9,deterministic_triage_not_ai_ranked,2026-08-30T13:28:01+00:00
1316,Mini,mini,https://brandgenuity.com/clients/mini,other,high_confidence,0.91,1,2,1,2,58.0,74.7,69.9,deterministic_triage_not_ai_ranked,2026-08-30T13:28:01+00:00
1658,Modelo,modelo,https://www.joesterloriagroup.com/portfolio/project-three-sng7y-jkgxx-kmlk5-64gk3-28jj6-whllz-628j9-wrfjk-lw89h,other,high_confidence,0.91,1,2,1,2,58.0,74.7,69.9,deterministic_triage_not_ai_ranked,2026-08-30T13:28:01+00:00
1373,Moomin,moomin,https://rightsandbrands.com/brands/moomin/,other,high_confidence,0.91,1,2,1,2,58.0,74.7,69.9,deterministic_triage_not_ai_ranked,2026-08-30T13:28:01+00:00
1353,Multicultural,multicultural,https://www.jewelbranding.com/portfolio/multicultural/,other,high_confidence,0.91,1,1,1,1,58.0,74.7,69.9,deterministic_triage_not_ai_ranked,2026-08-30T13:28:01+00:00
1757,Neighbours And Cadbury,neighbours and cadbury,https://bornlicensing.com/portfolio/neighbours-and-cadbury,other,high_confidence,0.91,1,1,1,1,58.0,74.7,69.9,deterministic_triage_not_ai_ranked,2026-08-30T13:28:01+00:00
1317,Nflpa,nflpa,https://brandgenuity.com/clients/nflpa,other,high_confidence,0.91,1,2,1,2,58.0,74.7,69.9,deterministic_triage_not_ai_ranked,2026-08-30T13:28:01+00:00
1318,Nhlpa,nhlpa,https://brandgenuity.com/clients/nhlpa,other,high_confidence,0.91,1,2,1,2,58.0,74.7,69.9,deterministic_triage_not_ai_ranked,2026-08-30T13:28:01+00:00
1319,Nissan,nissan,https://brandgenuity.com/clients/nissan,other,high_confidence,0.91,1,2,1,2,58.0,74.7,69.9,deterministic_triage_not_ai_ranked,2026-08-30T13:28:01+00:00
1759,Operation Allegheny Health Network,operation allegheny health network,https://bornlicensing.com/portfolio/operation-allegheny-health-network,other,high_confidence,0.91,1,1,1,1,58.0,74.7,69.9,deterministic_triage_not_ai_ranked,2026-08-30T13:28:01+00:00
1728,Optimus Prime And Direct Line,optimus prime and direct line,https://bornlicensing.com/portfolio/optimus-prime-and-direct-line,other,high_confidence,0.91,1,1,1,1,58.0,74.7,69.9,deterministic_triage_not_ai_ranked,2026-08-30T13:28:01+00:00
1321,Oxiclean,oxiclean,https://brandgenuity.com/clients/oxiclean,other,high_confidence,0.91,1,2,1,2,58.0,74.7,69.9,deterministic_triage_not_ai_ranked,2026-08-30T13:28:01+00:00
1659,Pacifico,pacifico,https://www.joesterloriagroup.com/portfolio/project-three-sng7y-jkgxx-kmlk5-64gk3-28jj6-whllz-628j9-wrfjk,other,high_confidence,0.91,1,2,1,2,58.0,74.7,69.9,deterministic_triage_not_ai_ranked,2026-08-30T13:28:01+00:00
1374,Pettson Findus,pettson findus,https://rightsandbrands.com/brands/pettson-findus/,other,high_confidence,0.91,1,1,1,1,58.0,74.7,69.9,deterministic_triage_not_ai_ranked,2026-08-30T13:28:01+00:00
5,Pg,pg,https://www.beanstalk.com/client/pg,other,high_confidence,0.91,1,2,1,2,58.0,74.7,69.9,deterministic_triage_not_ai_ranked,2026-08-30T13:28:01+00:00
1725,Pga Tour Superstore Happy Gilmore,pga tour superstore happy gilmore,https://bornlicensing.com/portfolio/pga-tour-superstore-happy-gilmore,other,high_confidence,0.91,1,1,1,1,58.0,74.7,69.9,deterministic_triage_not_ai_ranked,2026-08-30T13:28:01+00:00
1344,Piddix,piddix,https://www.jewelbranding.com/client/piddix/,other,high_confidence,0.91,1,3,1,2,58.0,74.7,69.9,deterministic_triage_not_ai_ranked,2026-08-30T13:28:01+00:00
1375,Pippi Longstocking,pippi longstocking,https://rightsandbrands.com/brands/pippi-longstocking/,other,high_confidence,0.91,1,2,1,2,58.0,74.7,69.9,deterministic_triage_not_ai_ranked,2026-08-30T13:28:01+00:00
1322,Playtex Baby,playtex baby,https://brandgenuity.com/clients/playtex-baby,other,high_confidence,0.91,1,2,1,2,58.0,74.7,69.9,deterministic_triage_not_ai_ranked,2026-08-30T13:28:01+00:00
1660,PopTarts,poptarts,https://www.joesterloriagroup.com/portfolio/project-three-sng7y-jkgxx-kmlk5-64gk3-28jj6-whllz-628j9-wrfjk-lw89h-2swne-p255j-d2dde-cyaj6,other,high_confidence,0.91,1,2,1,2,58.0,74.7,69.9,deterministic_triage_not_ai_ranked,2026-08-30T13:28:01+00:00
1719,Popeye And Anchor Milk,popeye and anchor milk,https://bornlicensing.com/portfolio/popeye-and-anchor-milk,other,high_confidence,0.91,1,1,1,1,58.0,74.7,69.9,deterministic_triage_not_ai_ranked,2026-08-30T13:28:01+00:00
1681,Portfolio Title 39,portfolio title 39,https://www.licensingmattersglobal.com/portfolio/portfolio-title-39/,other,high_confidence,0.91,1,1,1,1,58.0,74.7,69.9,deterministic_triage_not_ai_ranked,2026-08-30T13:28:01+00:00
1199,Power Slap,power slap,https://imglicensing.com/brands/power-slap/,other,high_confidence,0.91,1,5,1,5,58.0,74.7,69.9,deterministic_triage_not_ai_ranked,2026-08-30T13:28:01+00:00
1336,Printfresh,printfresh,https://www.jewelbranding.com/client/printfresh/,other,high_confidence,0.91,1,3,1,2,58.0,74.7,69.9,deterministic_triage_not_ai_ranked,2026-08-30T13:28:01+00:00
1586,Roberta Di Camerino,roberta di camerino,https://www.glg-brands.com/brand-licensing4/roberta-di-camerino,other,high_confidence,0.91,1,1,1,1,58.0,74.7,69.9,deterministic_triage_not_ai_ranked,2026-08-30T13:28:01+00:00
1733,Robocop And Direct Line,robocop and direct line,https://bornlicensing.com/portfolio/robocop-and-direct-line,other,high_confidence,0.91,1,1,1,1,58.0,74.7,69.9,deterministic_triage_not_ai_ranked,2026-08-30T13:28:01+00:00
1730,Rocky And Facebook,rocky and facebook,https://bornlicensing.com/portfolio/rocky-and-facebook,other,high_confidence,0.91,1,1,1,1,58.0,74.7,69.9,deterministic_triage_not_ai_ranked,2026-08-30T13:28:01+00:00
1377,Ronja The Robbers Daughter,ronja the robbers daughter,https://rightsandbrands.com/brands/ronja-the-robbers-daughter/,other,high_confidence,0.91,1,1,1,1,58.0,74.7,69.9,deterministic_triage_not_ai_ranked,2026-08-30T13:28:01+00:00
1376,Roobarb And Custard,roobarb and custard,https://rightsandbrands.com/brands/roobarb-and-custard/,other,high_confidence,0.91,1,1,1,1,58.0,74.7,69.9,deterministic_triage_not_ai_ranked,2026-08-30T13:28:01+00:00
1342,Sarab,sarab,https://www.jewelbranding.com/client/sarab/,other,high_confidence,0.91,1,2,1,1,58.0,74.7,69.9,deterministic_triage_not_ai_ranked,2026-08-30T13:28:01+00:00
1324,Schick,schick,https://brandgenuity.com/clients/schick,other,high_confidence,0.91,1,2,1,2,58.0,74.7,69.9,deterministic_triage_not_ai_ranked,2026-08-30T13:28:01+00:00
1378,Seacrow Island Saltkrakan,seacrow island saltkrakan,https://rightsandbrands.com/brands/seacrow-island-saltkrakan/,other,high_confidence,0.91,1,1,1,1,58.0,74.7,69.9,deterministic_triage_not_ai_ranked,2026-08-30T13:28:01+00:00
1747,Sindy And Thelma Louise And Moneysupermarket,sindy and thelma louise and moneysupermarket,https://bornlicensing.com/portfolio/sindy-and-thelma-louise-and-moneysupermarket,other,high_confidence,0.91,1,1,1,1,58.0,74.7,69.9,deterministic_triage_not_ai_ranked,2026-08-30T13:28:01+00:00
1672,Single Project Page 04,single project page 04,http://wpdemos.themezaa.com/pofo/portfolio/single-project-page-04/,other,high_confidence,0.91,1,1,1,1,58.0,74.7,69.9,deterministic_triage_not_ai_ranked,2026-08-30T13:28:01+00:00
1671,Single Project Page 05,single project page 05,http://wpdemos.themezaa.com/pofo/portfolio/single-project-page-05/,other,high_confidence,0.91,1,2,1,2,58.0,74.7,69.9,deterministic_triage_not_ai_ranked,2026-08-30T13:28:01+00:00
1670,Single Project Page 06,single project page 06,http://wpdemos.themezaa.com/pofo/portfolio/single-project-page-06/,other,high_confidence,0.91,1,1,1,1,58.0,74.7,69.9,deterministic_triage_not_ai_ranked,2026-08-30T13:28:01+00:00
1674,Single Project Page 07,single project page 07,http://wpdemos.themezaa.com/pofo/portfolio/single-project-page-07/,other,high_confidence,0.91,1,1,1,1,58.0,74.7,69.9,deterministic_triage_not_ai_ranked,2026-08-30T13:28:01+00:00
1673,Single Project Page 08,single project page 08,http://wpdemos.themezaa.com/pofo/portfolio/single-project-page-08/,other,high_confidence,0.91,1,1,1,1,58.0,74.7,69.9,deterministic_triage_not_ai_ranked,2026-08-30T13:28:01+00:00
1325,Skintimate,skintimate,https://brandgenuity.com/clients/skintimate,other,high_confidence,0.91,1,2,1,2,58.0,74.7,69.9,deterministic_triage_not_ai_ranked,2026-08-30T13:28:01+00:00
1326,Southern Comfort,southern comfort,https://brandgenuity.com/clients/southern-comfort,other,high_confidence,0.91,1,2,1,2,58.0,74.7,69.9,deterministic_triage_not_ai_ranked,2026-08-30T13:28:01+00:00
1661,Sparkling Ice,sparkling ice,https://www.joesterloriagroup.com/portfolio/project-three-sng7y-jkgxx-kmlk5-64gk3-28jj6-whllz-628j9-wrfjk-lw89h-2swne-p255j-d2dde-t9py8,other,high_confidence,0.91,1,2,1,2,58.0,74.7,69.9,deterministic_triage_not_ai_ranked,2026-08-30T13:28:01+00:00
1758,Spongebob Squarepants And Ea Sports,spongebob squarepants and ea sports,https://bornlicensing.com/portfolio/spongebob-squarepants-and-ea-sports,other,high_confidence,0.91,1,1,1,1,58.0,74.7,69.9,deterministic_triage_not_ai_ranked,2026-08-30T13:28:01+00:00
1755,Spongebob Squarepants And Sonic And Whiplash And Instagram,spongebob squarepants and sonic and whiplash and instagram,https://bornlicensing.com/portfolio/spongebob-squarepants-and-sonic-and-whiplash-and-instagram,other,high_confidence,0.91,1,1,1,1,58.0,74.7,69.9,deterministic_triage_not_ai_ranked,2026-08-30T13:28:01+00:00
1761,Spongebob Squarepants Ritz Crackers,spongebob squarepants ritz crackers,https://bornlicensing.com/portfolio/spongebob-squarepants-ritz-crackers,other,high_confidence,0.91,1,1,1,1,58.0,74.7,69.9,deterministic_triage_not_ai_ranked,2026-08-30T13:28:01+00:00
1750,Spongebob Squarepants Wallace And Gromit And T Mobile,spongebob squarepants wallace and gromit and t mobile,https://bornlicensing.com/portfolio/spongebob-squarepants-wallace-and-gromit-and-t-mobile,other,high_confidence,0.91,1,1,1,1,58.0,74.7,69.9,deterministic_triage_not_ai_ranked,2026-08-30T13:28:01+00:00
1381,Star Stable,star stable,https://rightsandbrands.com/brands/star-stable/,other,high_confidence,0.91,1,1,1,1,58.0,74.7,69.9,deterministic_triage_not_ai_ranked,2026-08-30T13:28:01+00:00
1606,Starter,starter,https://www.glg-brands.com/brand-licensing4/starter,other,high_confidence,0.91,1,1,1,1,58.0,74.7,69.9,deterministic_triage_not_ai_ranked,2026-08-30T13:28:01+00:00
1379,Stig Lindberg,stig lindberg,https://rightsandbrands.com/brands/stig-lindberg/,other,high_confidence,0.91,1,2,1,2,58.0,74.7,69.9,deterministic_triage_not_ai_ranked,2026-08-30T13:28:01+00:00
1721,Street Fighter And The Aa,street fighter and the aa,https://bornlicensing.com/portfolio/street-fighter-and-the-aa,other,high_confidence,0.91,1,1,1,1,58.0,74.7,69.9,deterministic_triage_not_ai_ranked,2026-08-30T13:28:01+00:00
1380,Super Charlie,super charlie,https://rightsandbrands.com/brands/super-charlie/,other,high_confidence,0.91,1,1,1,1,58.0,74.7,69.9,deterministic_triage_not_ai_ranked,2026-08-30T13:28:01+00:00
1327,Swiss Miss,swiss miss,https://brandgenuity.com/clients/swiss-miss,other,high_confidence,0.91,1,2,1,2,58.0,74.7,69.9,deterministic_triage_not_ai_ranked,2026-08-30T13:28:01+00:00
1382,Teemu Jarvi,teemu jarvi,https://rightsandbrands.com/brands/teemu-jarvi/,other,high_confidence,0.91,1,1,1,1,58.0,74.7,69.9,deterministic_triage_not_ai_ranked,2026-08-30T13:28:01+00:00
1383,The Beatles,the beatles,https://rightsandbrands.com/brands/the-beatles/,other,high_confidence,0.91,1,4,1,3,58.0,74.7,69.9,deterministic_triage_not_ai_ranked,2026-08-30T13:28:01+00:00
1384,The Beatles Yellow Submarine,the beatles yellow submarine,https://rightsandbrands.com/brands/the-beatles-yellow-submarine/,other,high_confidence,0.91,1,1,1,1,58.0,74.7,69.9,deterministic_triage_not_ai_ranked,2026-08-30T13:28:01+00:00
1385,The Brothers Gruff,the brothers gruff,https://rightsandbrands.com/brands/the-brothers-gruff/,other,high_confidence,0.91,1,1,1,1,58.0,74.7,69.9,deterministic_triage_not_ai_ranked,2026-08-30T13:28:01+00:00
1386,The Brothers Lionheart,the brothers lionheart,https://rightsandbrands.com/brands/the-brothers-lionheart/,other,high_confidence,0.91,1,1,1,1,58.0,74.7,69.9,deterministic_triage_not_ai_ranked,2026-08-30T13:28:01+00:00
1388,The Jerrymaya Detective Agency,the jerrymaya detective agency,https://rightsandbrands.com/brands/the-jerrymaya-detective-agency/,other,high_confidence,0.91,1,1,1,1,58.0,74.7,69.9,deterministic_triage_not_ai_ranked,2026-08-30T13:28:01+00:00
1735,The Muppets And Barclaycard,the muppets and barclaycard,https://bornlicensing.com/portfolio/the-muppets-and-barclaycard,other,high_confidence,0.91,1,1,1,1,58.0,74.7,69.9,deterministic_triage_not_ai_ranked,2026-08-30T13:28:01+00:00
1390,The Phantom,the phantom,https://rightsandbrands.com/brands/the-phantom/,other,high_confidence,0.91,1,1,1,1,58.0,74.7,69.9,deterministic_triage_not_ai_ranked,2026-08-30T13:28:01+00:00
1328,The Sims,the sims,https://brandgenuity.com/clients/the-sims,other,high_confidence,0.91,1,2,1,2,58.0,74.7,69.9,deterministic_triage_not_ai_ranked,2026-08-30T13:28:01+00:00
1338,The Whiskey Ginger,the whiskey ginger,https://www.jewelbranding.com/client/the-whiskey-ginger/,other,high_confidence,0.91,1,3,1,2,58.0,74.7,69.9,deterministic_triage_not_ai_ranked,2026-08-30T13:28:01+00:00
1391,Thumbkin,thumbkin,https://rightsandbrands.com/brands/thumbkin/,other,high_confidence,0.91,1,1,1,1,58.0,74.7,69.9,deterministic_triage_not_ai_ranked,2026-08-30T13:28:01+00:00
1717,Tjmaxx And Scooby Doo,tjmaxx and scooby doo,https://bornlicensing.com/portfolio/tjmaxx-and-scooby-doo,other,high_confidence,0.91,1,1,1,1,58.0,74.7,69.9,deterministic_triage_not_ai_ranked,2026-08-30T13:28:01+00:00
1392,Tomteboskogen,tomteboskogen,https://rightsandbrands.com/brands/tomteboskogen/,other,high_confidence,0.91,1,1,1,1,58.0,74.7,69.9,deterministic_triage_not_ai_ranked,2026-08-30T13:28:01+00:00
1748,Transformers And Simonds Homes,transformers and simonds homes,https://bornlicensing.com/portfolio/transformers-and-simonds-homes,other,high_confidence,0.91,1,1,1,1,58.0,74.7,69.9,deterministic_triage_not_ai_ranked,2026-08-30T13:28:01+00:00
1329,Trojan,trojan,https://brandgenuity.com/clients/trojan,other,high_confidence,0.91,1,2,1,2,58.0,74.7,69.9,deterministic_triage_not_ai_ranked,2026-08-30T13:28:01+00:00
1343,Turnowsky,turnowsky,https://www.jewelbranding.com/client/turnowsky/,other,high_confidence,0.91,1,2,1,1,58.0,74.7,69.9,deterministic_triage_not_ai_ranked,2026-08-30T13:28:01+00:00
1662,Van Holtens,van holtens,https://www.joesterloriagroup.com/portfolio/project-three-sng7y-jkgxx-kmlk5-64gk3-28jj6-whllz-628j9-wrfjk-lw89h-2swne-p255j-d2dde-mexdz-phmz4,other,high_confidence,0.91,1,2,1,2,58.0,74.7,69.9,deterministic_triage_not_ai_ranked,2026-08-30T13:28:01+00:00
1394,Vera Ville,vera ville,https://rightsandbrands.com/brands/vera-ville/,other,high_confidence,0.91,1,1,1,1,58.0,74.7,69.9,deterministic_triage_not_ai_ranked,2026-08-30T13:28:01+00:00
1663,Victoria,victoria,https://www.joesterloriagroup.com/portfolio/project-three-sng7y-jkgxx-kmlk5-64gk3-28jj6-whllz-628j9-wrfjk-lw89h-2swne-p255j-d2dde-hsr42,other,high_confidence,0.91,1,2,1,2,58.0,74.7,69.9,deterministic_triage_not_ai_ranked,2026-08-30T13:28:01+00:00
1718,Virgin Atlantic And Maya Angelou Oprah Master Class,virgin atlantic and maya angelou oprah master class,https://bornlicensing.com/portfolio/virgin-atlantic-and-maya-angelou-oprah-master-class,other,high_confidence,0.91,1,1,1,1,58.0,74.7,69.9,deterministic_triage_not_ai_ranked,2026-08-30T13:28:01+00:00
1330,Vitafusion,vitafusion,https://brandgenuity.com/clients/vitafusion,other,high_confidence,0.91,1,2,1,2,58.0,74.7,69.9,deterministic_triage_not_ai_ranked,2026-08-30T13:28:01+00:00
1331,Vlasic,vlasic,https://brandgenuity.com/clients/vlasic,other,high_confidence,0.91,1,2,1,2,58.0,74.7,69.9,deterministic_triage_not_ai_ranked,2026-08-30T13:28:01+00:00
1756,Wallace And Gromit And Tesco,wallace and gromit and tesco,https://bornlicensing.com/portfolio/wallace-and-gromit-and-tesco,other,high_confidence,0.91,1,1,1,1,58.0,74.7,69.9,deterministic_triage_not_ai_ranked,2026-08-30T13:28:01+00:00
1332,Wet Ones,wet ones,https://brandgenuity.com/clients/wet-ones,other,high_confidence,0.91,1,2,1,2,58.0,74.7,69.9,deterministic_triage_not_ai_ranked,2026-08-30T13:28:01+00:00
1393,Who Vem,who vem,https://rightsandbrands.com/brands/who-vem/,other,high_confidence,0.91,1,1,1,1,58.0,74.7,69.9,deterministic_triage_not_ai_ranked,2026-08-30T13:28:01+00:00
1664,WingsOfFire,wingsoffire,https://www.joesterloriagroup.com/portfolio/project-three-sng7y-jkgxx-kmlk5-64gk3-28jj6-whllz-628j9-wrfjk-lw89h-2swne-p255j-d2dde-hsr42-f7kzt,other,high_confidence,0.91,1,2,1,2,58.0,74.7,69.9,deterministic_triage_not_ai_ranked,2026-08-30T13:28:01+00:00
1737,Winnie The Pooh And British Airways,winnie the pooh and british airways,https://bornlicensing.com/portfolio/winnie-the-pooh-and-british-airways,other,high_confidence,0.91,1,1,1,1,58.0,74.7,69.9,deterministic_triage_not_ai_ranked,2026-08-30T13:28:01+00:00
7,Xbox,xbox,https://www.beanstalk.com/client/xbox,other,high_confidence,0.91,1,1,1,1,58.0,74.7,69.9,deterministic_triage_not_ai_ranked,2026-08-30T13:28:01+00:00
1333,Xtra,xtra,https://brandgenuity.com/clients/xtra,other,high_confidence,0.91,1,2,1,2,58.0,74.7,69.9,deterministic_triage_not_ai_ranked,2026-08-30T13:28:01+00:00
1282,IMG,img,,media_publishing,review,0.74,1,4,1,0,72.0,62.8,69.5,deterministic_triage_not_ai_ranked,2026-08-30T13:28:01+00:00
1273,"McDonald's, GAP, Severance",mcdonald s gap severance,,media_publishing,review,0.74,1,2,1,0,72.0,62.8,69.5,deterministic_triage_not_ai_ranked,2026-08-30T13:28:01+00:00
1284,Okay Bears,okay bears,,media_publishing,review,0.74,1,2,1,0,72.0,62.8,69.5,deterministic_triage_not_ai_ranked,2026-08-30T13:28:01+00:00
1300,Queer Eye,queer eye,,media_publishing,review,0.74,1,4,1,0,72.0,62.8,69.5,deterministic_triage_not_ai_ranked,2026-08-30T13:28:01+00:00
1278,Tetris,tetris,,media_publishing,review,0.74,1,4,1,0,72.0,62.8,69.5,deterministic_triage_not_ai_ranked,2026-08-30T13:28:01+00:00
1291,Vice,vice,,media_publishing,review,0.74,1,2,1,0,72.0,62.8,69.5,deterministic_triage_not_ai_ranked,2026-08-30T13:28:01+00:00
1070,Bearpaw,bearpaw,,other,high_confidence,0.852,2,2,1,0,58.0,73.6,68.4,deterministic_triage_not_ai_ranked,2026-08-30T13:28:01+00:00
1072,Betsey Johnson,betsey johnson,,other,high_confidence,0.852,2,2,1,0,58.0,73.6,68.4,deterministic_triage_not_ai_ranked,2026-08-30T13:28:01+00:00
143,Brown Jordan,brown jordan,,other,high_confidence,0.852,2,3,1,0,58.0,73.6,68.4,deterministic_triage_not_ai_ranked,2026-08-30T13:28:01+00:00
1084,Built,built,,other,high_confidence,0.852,2,2,1,0,58.0,73.6,68.4,deterministic_triage_not_ai_ranked,2026-08-30T13:28:01+00:00
1090,Christopher Knight,christopher knight,,other,high_confidence,0.852,2,2,1,0,58.0,73.6,68.4,deterministic_triage_not_ai_ranked,2026-08-30T13:28:01+00:00
1088,David Tutera,david tutera,,other,high_confidence,0.852,2,2,1,0,58.0,73.6,68.4,deterministic_triage_not_ai_ranked,2026-08-30T13:28:01+00:00
1086,Daymond John,daymond john,,other,high_confidence,0.852,2,2,1,0,58.0,73.6,68.4,deterministic_triage_not_ai_ranked,2026-08-30T13:28:01+00:00
1087,Elaine Swann,elaine swann,,other,high_confidence,0.852,2,2,1,0,58.0,73.6,68.4,deterministic_triage_not_ai_ranked,2026-08-30T13:28:01+00:00
1073,FUBU,fubu,,other,high_confidence,0.852,2,2,1,0,58.0,73.6,68.4,deterministic_triage_not_ai_ranked,2026-08-30T13:28:01+00:00
361,Fabuloso,fabuloso,,other,high_confidence,0.852,2,2,1,0,58.0,73.6,68.4,deterministic_triage_not_ai_ranked,2026-08-30T13:28:01+00:00
1081,Fantasy,fantasy,,other,high_confidence,0.852,2,2,1,0,58.0,73.6,68.4,deterministic_triage_not_ai_ranked,2026-08-30T13:28:01+00:00
1077,Gloria Vanderbilt,gloria vanderbilt,,other,high_confidence,0.852,2,2,1,0,58.0,73.6,68.4,deterministic_triage_not_ai_ranked,2026-08-30T13:28:01+00:00
1075,Lifeguard,lifeguard,,other,high_confidence,0.852,2,2,1,0,58.0,73.6,68.4,deterministic_triage_not_ai_ranked,2026-08-30T13:28:01+00:00
363,Michelin,michelin,,other,high_confidence,0.852,2,2,1,0,58.0,73.6,68.4,deterministic_triage_not_ai_ranked,2026-08-30T13:28:01+00:00
364,Moto Guzzi,moto guzzi,,other,high_confidence,0.852,2,2,1,0,58.0,73.6,68.4,deterministic_triage_not_ai_ranked,2026-08-30T13:28:01+00:00
1067,National Day Calendar,national day calendar,,other,high_confidence,0.852,2,2,1,0,58.0,73.6,68.4,deterministic_triage_not_ai_ranked,2026-08-30T13:28:01+00:00
367,Renault,renault,,other,high_confidence,0.852,2,2,1,0,58.0,73.6,68.4,deterministic_triage_not_ai_ranked,2026-08-30T13:28:01+00:00
1091,Robert Irvine,robert irvine,,other,high_confidence,0.852,2,2,1,0,58.0,73.6,68.4,deterministic_triage_not_ai_ranked,2026-08-30T13:28:01+00:00
1065,Safety 1st,safety 1st,,other,high_confidence,0.852,2,2,1,0,58.0,73.6,68.4,deterministic_triage_not_ai_ranked,2026-08-30T13:28:01+00:00
368,Spyker,spyker,,other,high_confidence,0.852,2,2,1,0,58.0,73.6,68.4,deterministic_triage_not_ai_ranked,2026-08-30T13:28:01+00:00
619,Transport for London,transport for london,,other,high_confidence,0.852,2,2,1,0,58.0,73.6,68.4,deterministic_triage_not_ai_ranked,2026-08-30T13:28:01+00:00
142,Trex,trex,,other,high_confidence,0.852,2,3,1,0,58.0,73.6,68.4,deterministic_triage_not_ai_ranked,2026-08-30T13:28:01+00:00
544,florence by mills,florence by mills,,other,high_confidence,0.852,2,19,1,0,58.0,73.6,68.4,deterministic_triage_not_ai_ranked,2026-08-30T13:28:01+00:00
1666,Brand Licensing,brand licensing,,other,review,0.777,2,3,2,0,58.0,76.4,67.8,deterministic_triage_not_ai_ranked,2026-08-30T13:28:01+00:00
1647,Brand Representation,brand representation,,other,review,0.777,2,4,2,0,58.0,76.4,67.8,deterministic_triage_not_ai_ranked,2026-08-30T13:28:01+00:00
1668,Our team,our team,,other,review,0.777,2,4,2,0,58.0,76.4,67.8,deterministic_triage_not_ai_ranked,2026-08-30T13:28:01+00:00
1697,View all clients,view all clients,,other,review,0.777,2,2,2,0,58.0,76.4,67.8,deterministic_triage_not_ai_ranked,2026-08-30T13:28:01+00:00
529,24 Hours of Le Mans,24 hours of le mans,,other,documented,0.84,1,1,1,0,58.0,69.8,67.0,deterministic_triage_not_ai_ranked,2026-08-30T13:28:01+00:00
561,A Court of Thorns and Roses,a court of thorns and roses,,other,documented,0.84,1,1,1,0,58.0,69.8,67.0,deterministic_triage_not_ai_ranked,2026-08-30T13:28:01+00:00
681,AEG,aeg,,other,documented,0.84,1,1,1,0,58.0,69.8,67.0,deterministic_triage_not_ai_ranked,2026-08-30T13:28:01+00:00
919,ALFRED SUNG and ZEISS,alfred sung and zeiss,,other,documented,0.84,1,1,1,0,58.0,69.8,67.0,deterministic_triage_not_ai_ranked,2026-08-30T13:28:01+00:00
1032,AMC Networks,amc networks,,other,documented,0.84,1,1,1,0,58.0,69.8,67.0,deterministic_triage_not_ai_ranked,2026-08-30T13:28:01+00:00
1130,ATT,att,,other,documented,0.84,1,1,1,0,58.0,69.8,67.0,deterministic_triage_not_ai_ranked,2026-08-30T13:28:01+00:00
761,Aardman,aardman,,other,documented,0.84,1,1,1,0,58.0,69.8,67.0,deterministic_triage_not_ai_ranked,2026-08-30T13:28:01+00:00
795,Abraham Hunter,abraham hunter,,other,documented,0.84,1,1,1,0,58.0,69.8,67.0,deterministic_triage_not_ai_ranked,2026-08-30T13:28:01+00:00
694,Acamar,acamar,,other,documented,0.84,1,1,1,0,58.0,69.8,67.0,deterministic_triage_not_ai_ranked,2026-08-30T13:28:01+00:00
951,Acamar Films,acamar films,,other,documented,0.84,1,1,1,0,58.0,69.8,67.0,deterministic_triage_not_ai_ranked,2026-08-30T13:28:01+00:00
762,Activision Blizzard,activision blizzard,,other,documented,0.84,1,1,1,0,58.0,69.8,67.0,deterministic_triage_not_ai_ranked,2026-08-30T13:28:01+00:00
1098,Afro Goddess Warriors,afro goddess warriors,,other,documented,0.84,1,1,1,0,58.0,69.8,67.0,deterministic_triage_not_ai_ranked,2026-08-30T13:28:01+00:00
798,Al Agnew,al agnew,,other,documented,0.84,1,1,1,0,58.0,69.8,67.0,deterministic_triage_not_ai_ranked,2026-08-30T13:28:01+00:00
1042,Alcon Entertainment,alcon entertainment,,other,documented,0.84,1,1,1,0,58.0,69.8,67.0,deterministic_triage_not_ai_ranked,2026-08-30T13:28:01+00:00
380,Alice Cooper,alice cooper,,other,documented,0.84,1,1,1,0,58.0,69.8,67.0,deterministic_triage_not_ai_ranked,2026-08-30T13:28:01+00:00
976,Almond Breeze,almond breeze,,other,documented,0.84,1,1,1,0,58.0,69.8,67.0,deterministic_triage_not_ai_ranked,2026-08-30T13:28:01+00:00
354,America250,america250,,other,documented,0.84,1,1,1,0,58.0,69.8,67.0,deterministic_triage_not_ai_ranked,2026-08-30T13:28:01+00:00
355,American Airlines,american airlines,,other,documented,0.84,1,1,1,0,58.0,69.8,67.0,deterministic_triage_not_ai_ranked,2026-08-30T13:28:01+00:00
973,American Red Cross,american red cross,,other,documented,0.84,1,1,1,0,58.0,69.8,67.0,deterministic_triage_not_ai_ranked,2026-08-30T13:28:01+00:00
799,Amira Rahim,amira rahim,,other,documented,0.84,1,1,1,0,58.0,69.8,67.0,deterministic_triage_not_ai_ranked,2026-08-30T13:28:01+00:00
800,Amylee Weeks,amylee weeks,,other,documented,0.84,1,1,1,0,58.0,69.8,67.0,deterministic_triage_not_ai_ranked,2026-08-30T13:28:01+00:00
659,Angel Studios,angel studios,,other,documented,0.84,1,1,1,0,58.0,69.8,67.0,deterministic_triage_not_ai_ranked,2026-08-30T13:28:01+00:00
207,Anheuser-Busch,anheuser busch,,other,documented,0.84,1,1,1,0,58.0,69.8,67.0,deterministic_triage_not_ai_ranked,2026-08-30T13:28:01+00:00
696,Animaccord,animaccord,,other,documented,0.84,1,1,1,0,58.0,69.8,67.0,deterministic_triage_not_ai_ranked,2026-08-30T13:28:01+00:00
286,Animaj,animaj,,other,documented,0.84,1,1,1,0,58.0,69.8,67.0,deterministic_triage_not_ai_ranked,2026-08-30T13:28:01+00:00
403,Anker,anker,,other,documented,0.84,1,1,1,0,58.0,69.8,67.0,deterministic_triage_not_ai_ranked,2026-08-30T13:28:01+00:00
1109,Ann Klein,ann klein,,other,documented,0.84,1,1,1,0,58.0,69.8,67.0,deterministic_triage_not_ai_ranked,2026-08-30T13:28:01+00:00
402,Annil,annil,,other,documented,0.84,1,1,1,0,58.0,69.8,67.0,deterministic_triage_not_ai_ranked,2026-08-30T13:28:01+00:00
763,Apple Corp,apple corp,,other,documented,0.84,1,1,1,0,58.0,69.8,67.0,deterministic_triage_not_ai_ranked,2026-08-30T13:28:01+00:00
114,Apple Jacks,apple jacks,,other,documented,0.84,1,1,1,0,58.0,69.8,67.0,deterministic_triage_not_ai_ranked,2026-08-30T13:28:01+00:00
357,Aprilia,aprilia,,other,documented,0.84,1,1,1,0,58.0,69.8,67.0,deterministic_triage_not_ai_ranked,2026-08-30T13:28:01+00:00
1030,Aquafina and many more,aquafina and many more,,other,documented,0.84,1,1,1,0,58.0,69.8,67.0,deterministic_triage_not_ai_ranked,2026-08-30T13:28:01+00:00
875,Armani,armani,,other,documented,0.84,1,1,1,0,58.0,69.8,67.0,deterministic_triage_not_ai_ranked,2026-08-30T13:28:01+00:00
611,Arnold Palmer Enterprises,arnold palmer enterprises,,other,documented,0.84,1,1,1,0,58.0,69.8,67.0,deterministic_triage_not_ai_ranked,2026-08-30T13:28:01+00:00
208,Artestar,artestar,,other,documented,0.84,1,1,1,0,58.0,69.8,67.0,deterministic_triage_not_ai_ranked,2026-08-30T13:28:01+00:00
783,Asahi,asahi,,other,documented,0.84,1,1,1,0,58.0,69.8,67.0,deterministic_triage_not_ai_ranked,2026-08-30T13:28:01+00:00
905,Aspinal London,aspinal london,,other,documented,0.84,1,1,1,0,58.0,69.8,67.0,deterministic_triage_not_ai_ranked,2026-08-30T13:28:01+00:00
39,Atari,atari,,other,documented,0.84,1,1,1,0,58.0,69.8,67.0,deterministic_triage_not_ai_ranked,2026-08-30T13:28:01+00:00
274,Atlus,atlus,,other,documented,0.84,1,1,1,0,58.0,69.8,67.0,deterministic_triage_not_ai_ranked,2026-08-30T13:28:01+00:00
38,Audi,audi,,other,documented,0.84,1,1,1,0,58.0,69.8,67.0,deterministic_triage_not_ai_ranked,2026-08-30T13:28:01+00:00
801,Audrey Jeanne Roberts,audrey jeanne roberts,,other,documented,0.84,1,1,1,0,58.0,69.8,67.0,deterministic_triage_not_ai_ranked,2026-08-30T13:28:01+00:00
764,Australian Olympic Committee,australian olympic committee,,other,documented,0.84,1,1,1,0,58.0,69.8,67.0,deterministic_triage_not_ai_ranked,2026-08-30T13:28:01+00:00
899,Autry,autry,,other,documented,0.84,1,1,1,0,58.0,69.8,67.0,deterministic_triage_not_ai_ranked,2026-08-30T13:28:01+00:00
960,Axe,axe,,other,documented,0.84,1,1,1,0,58.0,69.8,67.0,deterministic_triage_not_ai_ranked,2026-08-30T13:28:01+00:00
25,BANDAI,bandai,,other,documented,0.84,1,1,1,0,58.0,69.8,67.0,deterministic_triage_not_ai_ranked,2026-08-30T13:28:01+00:00
1115,BBC Company,bbc company,,other,documented,0.84,1,1,1,0,58.0,69.8,67.0,deterministic_triage_not_ai_ranked,2026-08-30T13:28:01+00:00
1023,BCBG,bcbg,,other,documented,0.84,1,1,1,0,58.0,69.8,67.0,deterministic_triage_not_ai_ranked,2026-08-30T13:28:01+00:00
188,BIC USA,bic usa,,other,documented,0.84,1,1,1,0,58.0,69.8,67.0,deterministic_triage_not_ai_ranked,2026-08-30T13:28:01+00:00
1004,BTS Thailand,bts thailand,,other,documented,0.84,1,1,1,0,58.0,69.8,67.0,deterministic_triage_not_ai_ranked,2026-08-30T13:28:01+00:00
1076,BUM Equipment,bum equipment,,other,documented,0.84,1,1,1,0,58.0,69.8,67.0,deterministic_triage_not_ai_ranked,2026-08-30T13:28:01+00:00
209,Baby Milo,baby milo,,other,documented,0.84,1,1,1,0,58.0,69.8,67.0,deterministic_triage_not_ai_ranked,2026-08-30T13:28:01+00:00
405,Babycare,babycare,,other,documented,0.84,1,1,1,0,58.0,69.8,67.0,deterministic_triage_not_ai_ranked,2026-08-30T13:28:01+00:00
372,Backstreet Boys,backstreet boys,,other,documented,0.84,1,1,1,0,58.0,69.8,67.0,deterministic_triage_not_ai_ranked,2026-08-30T13:28:01+00:00
695,Bagdasarian,bagdasarian,,other,documented,0.84,1,1,1,0,58.0,69.8,67.0,deterministic_triage_not_ai_ranked,2026-08-30T13:28:01+00:00
411,Baidu,baidu,,other,documented,0.84,1,1,1,0,58.0,69.8,67.0,deterministic_triage_not_ai_ranked,2026-08-30T13:28:01+00:00
404,Balabala,balabala,,other,documented,0.84,1,1,1,0,58.0,69.8,67.0,deterministic_triage_not_ai_ranked,2026-08-30T13:28:01+00:00
412,Bananain,bananain,,other,documented,0.84,1,1,1,0,58.0,69.8,67.0,deterministic_triage_not_ai_ranked,2026-08-30T13:28:01+00:00
765,Bandai Namco,bandai namco,,other,documented,0.84,1,1,1,0,58.0,69.8,67.0,deterministic_triage_not_ai_ranked,2026-08-30T13:28:01+00:00
1127,Bandai Namco Filmworks,bandai namco filmworks,,other,documented,0.84,1,1,1,0,58.0,69.8,67.0,deterministic_triage_not_ai_ranked,2026-08-30T13:28:01+00:00
146,Barrett Firearms and Polywood,barrett firearms and polywood,,other,documented,0.84,1,1,1,0,58.0,69.8,67.0,deterministic_triage_not_ai_ranked,2026-08-30T13:28:01+00:00
406,Bata,bata,,other,documented,0.84,1,1,1,0,58.0,69.8,67.0,deterministic_triage_not_ai_ranked,2026-08-30T13:28:01+00:00
210,Bath and Body Works,bath and body works,,other,documented,0.84,1,1,1,0,58.0,69.8,67.0,deterministic_triage_not_ai_ranked,2026-08-30T13:28:01+00:00
259,Bauducco,bauducco,,other,documented,0.84,1,1,1,0,58.0,69.8,67.0,deterministic_triage_not_ai_ranked,2026-08-30T13:28:01+00:00
661,"Bazooka Candy Brands (Bazooka, Ring Pop, Push Pop, Baby Bottle Pop, Juicy Drop)",bazooka candy brands bazooka ring pop push pop baby bottle pop juicy drop,,other,documented,0.84,1,1,1,0,58.0,69.8,67.0,deterministic_triage_not_ai_ranked,2026-08-30T13:28:01+00:00
194,Beano,beano,,other,documented,0.84,1,1,1,0,58.0,69.8,67.0,deterministic_triage_not_ai_ranked,2026-08-30T13:28:01+00:00
703,Beanstalk,beanstalk,,other,documented,0.84,1,1,1,0,58.0,69.8,67.0,deterministic_triage_not_ai_ranked,2026-08-30T13:28:01+00:00
211,Beatrix Potter,beatrix potter,,other,documented,0.84,1,1,1,0,58.0,69.8,67.0,deterministic_triage_not_ai_ranked,2026-08-30T13:28:01+00:00
408,Beazero,beazero,,other,documented,0.84,1,1,1,0,58.0,69.8,67.0,deterministic_triage_not_ai_ranked,2026-08-30T13:28:01+00:00
728,Bebefinn,bebefinn,,other,documented,0.84,1,1,1,0,58.0,69.8,67.0,deterministic_triage_not_ai_ranked,2026-08-30T13:28:01+00:00
202,Beddybyes,beddybyes,,other,documented,0.84,1,1,1,0,58.0,69.8,67.0,deterministic_triage_not_ai_ranked,2026-08-30T13:28:01+00:00
407,Belle,belle,,other,documented,0.84,1,1,1,0,58.0,69.8,67.0,deterministic_triage_not_ai_ranked,2026-08-30T13:28:01+00:00
963,Ben & Jerrys,ben and jerrys,,other,documented,0.84,1,1,1,0,58.0,69.8,67.0,deterministic_triage_not_ai_ranked,2026-08-30T13:28:01+00:00
40,Bentley,bentley,,other,documented,0.84,1,1,1,0,58.0,69.8,67.0,deterministic_triage_not_ai_ranked,2026-08-30T13:28:01+00:00
802,Bethany Joy,bethany joy,,other,documented,0.84,1,1,1,0,58.0,69.8,67.0,deterministic_triage_not_ai_ranked,2026-08-30T13:28:01+00:00
766,Bethesda,bethesda,,other,documented,0.84,1,1,1,0,58.0,69.8,67.0,deterministic_triage_not_ai_ranked,2026-08-30T13:28:01+00:00
198,Beyblade X,beyblade x,,other,documented,0.84,1,1,1,0,58.0,69.8,67.0,deterministic_triage_not_ai_ranked,2026-08-30T13:28:01+00:00
409,Bilibili,bilibili,,other,documented,0.84,1,1,1,0,58.0,69.8,67.0,deterministic_triage_not_ai_ranked,2026-08-30T13:28:01+00:00
1018,Billabong,billabong,,other,documented,0.84,1,1,1,0,58.0,69.8,67.0,deterministic_triage_not_ai_ranked,2026-08-30T13:28:01+00:00
151,Bimbo Bakeries,bimbo bakeries,,other,documented,0.84,1,1,1,0,58.0,69.8,67.0,deterministic_triage_not_ai_ranked,2026-08-30T13:28:01+00:00
193,BioWare,bioware,,other,documented,0.84,1,1,1,0,58.0,69.8,67.0,deterministic_triage_not_ai_ranked,2026-08-30T13:28:01+00:00
410,Biore,biore,,other,documented,0.84,1,1,1,0,58.0,69.8,67.0,deterministic_triage_not_ai_ranked,2026-08-30T13:28:01+00:00
667,Bit-O-Honey,bit o honey,,other,documented,0.84,1,1,1,0,58.0,69.8,67.0,deterministic_triage_not_ai_ranked,2026-08-30T13:28:01+00:00
301,Blackburn,blackburn,,other,documented,0.84,1,1,1,0,58.0,69.8,67.0,deterministic_triage_not_ai_ranked,2026-08-30T13:28:01+00:00
413,Blink,blink,,other,documented,0.84,1,1,1,0,58.0,69.8,67.0,deterministic_triage_not_ai_ranked,2026-08-30T13:28:01+00:00
803,Blue Chair Blessing,blue chair blessing,,other,documented,0.84,1,1,1,0,58.0,69.8,67.0,deterministic_triage_not_ai_ranked,2026-08-30T13:28:01+00:00
975,Blue Diamond,blue diamond,,other,documented,0.84,1,1,1,0,58.0,69.8,67.0,deterministic_triage_not_ai_ranked,2026-08-30T13:28:01+00:00
716,Bluey,bluey,,other,documented,0.84,1,1,1,0,58.0,69.8,67.0,deterministic_triage_not_ai_ranked,2026-08-30T13:28:01+00:00
1037,Blumhouse,blumhouse,,other,documented,0.84,1,1,1,0,58.0,69.8,67.0,deterministic_triage_not_ai_ranked,2026-08-30T13:28:01+00:00
212,Bob Marley,bob marley,,other,documented,0.84,1,1,1,0,58.0,69.8,67.0,deterministic_triage_not_ai_ranked,2026-08-30T13:28:01+00:00
953,BocPix,bocpix,,other,documented,0.84,1,1,1,0,58.0,69.8,67.0,deterministic_triage_not_ai_ranked,2026-08-30T13:28:01+00:00
871,Boggi,boggi,,other,documented,0.84,1,1,1,0,58.0,69.8,67.0,deterministic_triage_not_ai_ranked,2026-08-30T13:28:01+00:00
173,Borghese,borghese,,other,documented,0.84,1,1,1,0,58.0,69.8,67.0,deterministic_triage_not_ai_ranked,2026-08-30T13:28:01+00:00
76,Bounce,bounce,,other,documented,0.84,1,1,1,0,58.0,69.8,67.0,deterministic_triage_not_ai_ranked,2026-08-30T13:28:01+00:00
77,Braun,braun,,other,documented,0.84,1,1,1,0,58.0,69.8,67.0,deterministic_triage_not_ai_ranked,2026-08-30T13:28:01+00:00
982,Bravo (“The Real Housewives”),bravo the real housewives,,other,documented,0.84,1,1,1,0,58.0,69.8,67.0,deterministic_triage_not_ai_ranked,2026-08-30T13:28:01+00:00
804,Brett Blumenthal,brett blumenthal,,other,documented,0.84,1,1,1,0,58.0,69.8,67.0,deterministic_triage_not_ai_ranked,2026-08-30T13:28:01+00:00
964,Breyers,breyers,,other,documented,0.84,1,1,1,0,58.0,69.8,67.0,deterministic_triage_not_ai_ranked,2026-08-30T13:28:01+00:00
550,Brigitte Bardot Estate,brigitte bardot estate,,other,documented,0.84,1,1,1,0,58.0,69.8,67.0,deterministic_triage_not_ai_ranked,2026-08-30T13:28:01+00:00
805,Buck Wear,buck wear,,other,documented,0.84,1,1,1,0,58.0,69.8,67.0,deterministic_triage_not_ai_ranked,2026-08-30T13:28:01+00:00
260,Bums & Roses,bums and roses,,other,documented,0.84,1,1,1,0,58.0,69.8,67.0,deterministic_triage_not_ai_ranked,2026-08-30T13:28:01+00:00
180,Burger King,burger king,,other,documented,0.84,1,1,1,0,58.0,69.8,67.0,deterministic_triage_not_ai_ranked,2026-08-30T13:28:01+00:00
302,Bushnell,bushnell,,other,documented,0.84,1,1,1,0,58.0,69.8,67.0,deterministic_triage_not_ai_ranked,2026-08-30T13:28:01+00:00
806,By The Lakeside,by the lakeside,,other,documented,0.84,1,1,1,0,58.0,69.8,67.0,deterministic_triage_not_ai_ranked,2026-08-30T13:28:01+00:00
249,CAA Talent and UCLA,caa talent and ucla,,other,documented,0.84,1,1,1,0,58.0,69.8,67.0,deterministic_triage_not_ai_ranked,2026-08-30T13:28:01+00:00
379,CBGB,cbgb,,other,documented,0.84,1,1,1,0,58.0,69.8,67.0,deterministic_triage_not_ai_ranked,2026-08-30T13:28:01+00:00
1002,CEB Credit Card,ceb credit card,,other,documented,0.84,1,1,1,0,58.0,69.8,67.0,deterministic_triage_not_ai_ranked,2026-08-30T13:28:01+00:00
31,CHAGEE,chagee,,other,documented,0.84,1,1,1,0,58.0,69.8,67.0,deterministic_triage_not_ai_ranked,2026-08-30T13:28:01+00:00
295,CJ,cj,,other,documented,0.84,1,1,1,0,58.0,69.8,67.0,deterministic_triage_not_ai_ranked,2026-08-30T13:28:01+00:00
250,CLC currently represents nearly 800 colleges and universities,clc currently represents nearly 800 colleges and universities,,other,documented,0.84,1,1,1,0,58.0,69.8,67.0,deterministic_triage_not_ai_ranked,2026-08-30T13:28:01+00:00
414,CS,cs,,other,documented,0.84,1,1,1,0,58.0,69.8,67.0,deterministic_triage_not_ai_ranked,2026-08-30T13:28:01+00:00
710,CUPHEAD,cuphead,,other,documented,0.84,1,1,1,0,58.0,69.8,67.0,deterministic_triage_not_ai_ranked,2026-08-30T13:28:01+00:00
304,Camelbak,camelbak,,other,documented,0.84,1,1,1,0,58.0,69.8,67.0,deterministic_triage_not_ai_ranked,2026-08-30T13:28:01+00:00
178,Canada Soccer,canada soccer,,other,documented,0.84,1,1,1,0,58.0,69.8,67.0,deterministic_triage_not_ai_ranked,2026-08-30T13:28:01+00:00
179,Canadian Soccer Players' Association and Canadian Men's National Soccer Team Players Association,canadian soccer players association and canadian men s national soccer team players association,,other,documented,0.84,1,1,1,0,58.0,69.8,67.0,deterministic_triage_not_ai_ranked,2026-08-30T13:28:01+00:00
874,Caovilla,caovilla,,other,documented,0.84,1,1,1,0,58.0,69.8,67.0,deterministic_triage_not_ai_ranked,2026-08-30T13:28:01+00:00
47,Captain Morgan,captain morgan,,other,documented,0.84,1,1,1,0,58.0,69.8,67.0,deterministic_triage_not_ai_ranked,2026-08-30T13:28:01+00:00
749,Cardcaptor Sakura Clear Card,cardcaptor sakura clear card,,other,documented,0.84,1,1,1,0,58.0,69.8,67.0,deterministic_triage_not_ai_ranked,2026-08-30T13:28:01+00:00
350,Carlton London,carlton london,,other,documented,0.84,1,1,1,0,58.0,69.8,67.0,deterministic_triage_not_ai_ranked,2026-08-30T13:28:01+00:00
807,Carol Cavalaris,carol cavalaris,,other,documented,0.84,1,1,1,0,58.0,69.8,67.0,deterministic_triage_not_ai_ranked,2026-08-30T13:28:01+00:00
808,Carrie Goller,carrie goller,,other,documented,0.84,1,1,1,0,58.0,69.8,67.0,deterministic_triage_not_ai_ranked,2026-08-30T13:28:01+00:00
1144,Casa de Batllo,casa de batllo,,other,documented,0.84,1,1,1,0,58.0,69.8,67.0,deterministic_triage_not_ai_ranked,2026-08-30T13:28:01+00:00
998,Casablanca,casablanca,,other,documented,0.84,1,1,1,0,58.0,69.8,67.0,deterministic_triage_not_ai_ranked,2026-08-30T13:28:01+00:00
992,Casio,casio,,other,documented,0.84,1,1,1,0,58.0,69.8,67.0,deterministic_triage_not_ai_ranked,2026-08-30T13:28:01+00:00
680,Castrol,castrol,,other,documented,0.84,1,1,1,0,58.0,69.8,67.0,deterministic_triage_not_ai_ranked,2026-08-30T13:28:01+00:00
42,Cath Kidston,cath kidston,,other,documented,0.84,1,1,1,0,58.0,69.8,67.0,deterministic_triage_not_ai_ranked,2026-08-30T13:28:01+00:00
1005,Central World Bangkok,central world bangkok,,other,documented,0.84,1,1,1,0,58.0,69.8,67.0,deterministic_triage_not_ai_ranked,2026-08-30T13:28:01+00:00
418,Centrum,centrum,,other,documented,0.84,1,1,1,0,58.0,69.8,67.0,deterministic_triage_not_ai_ranked,2026-08-30T13:28:01+00:00
767,Ceremony of Roses (Sony Music),ceremony of roses sony music,,other,documented,0.84,1,1,1,0,58.0,69.8,67.0,deterministic_triage_not_ai_ranked,2026-08-30T13:28:01+00:00
735,Chainsaw Man,chainsaw man,,other,documented,0.84,1,1,1,0,58.0,69.8,67.0,deterministic_triage_not_ai_ranked,2026-08-30T13:28:01+00:00
1105,Champion,champion,,other,documented,0.84,1,1,1,0,58.0,69.8,67.0,deterministic_triage_not_ai_ranked,2026-08-30T13:28:01+00:00
904,Charles Tyrwhitt,charles tyrwhitt,,other,documented,0.84,1,1,1,0,58.0,69.8,67.0,deterministic_triage_not_ai_ranked,2026-08-30T13:28:01+00:00
977,Checkers/Rally's,checkers rally s,,other,documented,0.84,1,1,1,0,58.0,69.8,67.0,deterministic_triage_not_ai_ranked,2026-08-30T13:28:01+00:00
1132,Cherokee USA,cherokee usa,,other,documented,0.84,1,1,1,0,58.0,69.8,67.0,deterministic_triage_not_ai_ranked,2026-08-30T13:28:01+00:00
1001,Chery,chery,,other,documented,0.84,1,1,1,0,58.0,69.8,67.0,deterministic_triage_not_ai_ranked,2026-08-30T13:28:01+00:00
416,China Merchants Bank,china merchants bank,,other,documented,0.84,1,1,1,0,58.0,69.8,67.0,deterministic_triage_not_ai_ranked,2026-08-30T13:28:01+00:00
44,Choco Milk,choco milk,,other,documented,0.84,1,1,1,0,58.0,69.8,67.0,deterministic_triage_not_ai_ranked,2026-08-30T13:28:01+00:00
669,Chupa Chups,chupa chups,,other,documented,0.84,1,1,1,0,58.0,69.8,67.0,deterministic_triage_not_ai_ranked,2026-08-30T13:28:01+00:00
158,"Church & Dwight (ARM & HAMMER, OxiClean, Flawless, Trojan)",church and dwight arm and hammer oxiclean flawless trojan,,other,documented,0.84,1,1,1,0,58.0,69.8,67.0,deterministic_triage_not_ai_ranked,2026-08-30T13:28:01+00:00
417,Citizen,citizen,,other,documented,0.84,1,1,1,0,58.0,69.8,67.0,deterministic_triage_not_ai_ranked,2026-08-30T13:28:01+00:00
1008,City of Dream Macau,city of dream macau,,other,documented,0.84,1,1,1,0,58.0,69.8,67.0,deterministic_triage_not_ai_ranked,2026-08-30T13:28:01+00:00
16,Clamp,clamp,,other,documented,0.84,1,1,1,0,58.0,69.8,67.0,deterministic_triage_not_ai_ranked,2026-08-30T13:28:01+00:00
697,Cloud Co,cloud co,,other,documented,0.84,1,1,1,0,58.0,69.8,67.0,deterministic_triage_not_ai_ranked,2026-08-30T13:28:01+00:00
809,Collin Bogle,collin bogle,,other,documented,0.84,1,1,1,0,58.0,69.8,67.0,deterministic_triage_not_ai_ranked,2026-08-30T13:28:01+00:00
682,Compaq,compaq,,other,documented,0.84,1,1,1,0,58.0,69.8,67.0,deterministic_triage_not_ai_ranked,2026-08-30T13:28:01+00:00
162,"Conagra (Swiss Miss, Vlasic)",conagra swiss miss vlasic,,other,documented,0.84,1,1,1,0,58.0,69.8,67.0,deterministic_triage_not_ai_ranked,2026-08-30T13:28:01+00:00
216,Condé Nast,conde nast,,other,documented,0.84,1,1,1,0,58.0,69.8,67.0,deterministic_triage_not_ai_ranked,2026-08-30T13:28:01+00:00
638,Constellation Brands,constellation brands,,other,documented,0.84,1,1,1,0,58.0,69.8,67.0,deterministic_triage_not_ai_ranked,2026-08-30T13:28:01+00:00
686,Continental,continental,,other,documented,0.84,1,1,1,0,58.0,69.8,67.0,deterministic_triage_not_ai_ranked,2026-08-30T13:28:01+00:00
810,Corbert Gauthier,corbert gauthier,,other,documented,0.84,1,1,1,0,58.0,69.8,67.0,deterministic_triage_not_ai_ranked,2026-08-30T13:28:01+00:00
116,Corn Flakes,corn flakes,,other,documented,0.84,1,1,1,0,58.0,69.8,67.0,deterministic_triage_not_ai_ranked,2026-08-30T13:28:01+00:00
117,Corn Pops,corn pops,,other,documented,0.84,1,1,1,0,58.0,69.8,67.0,deterministic_triage_not_ai_ranked,2026-08-30T13:28:01+00:00
968,Cornetto,cornetto,,other,documented,0.84,1,1,1,0,58.0,69.8,67.0,deterministic_triage_not_ai_ranked,2026-08-30T13:28:01+00:00
1038,Cosmic Debris,cosmic debris,,other,documented,0.84,1,1,1,0,58.0,69.8,67.0,deterministic_triage_not_ai_ranked,2026-08-30T13:28:01+00:00
340,Cosmox,cosmox,,other,documented,0.84,1,1,1,0,58.0,69.8,67.0,deterministic_triage_not_ai_ranked,2026-08-30T13:28:01+00:00
420,Cotti,cotti,,other,documented,0.84,1,1,1,0,58.0,69.8,67.0,deterministic_triage_not_ai_ranked,2026-08-30T13:28:01+00:00
811,Courtney Morgenstern,courtney morgenstern,,other,documented,0.84,1,1,1,0,58.0,69.8,67.0,deterministic_triage_not_ai_ranked,2026-08-30T13:28:01+00:00
261,Coyote Promotions,coyote promotions,,other,documented,0.84,1,1,1,0,58.0,69.8,67.0,deterministic_triage_not_ai_ranked,2026-08-30T13:28:01+00:00
97,Craftsman,craftsman,,other,documented,0.84,1,1,1,0,58.0,69.8,67.0,deterministic_triage_not_ai_ranked,2026-08-30T13:28:01+00:00
812,Cranston Collection,cranston collection,,other,documented,0.84,1,1,1,0,58.0,69.8,67.0,deterministic_triage_not_ai_ranked,2026-08-30T13:28:01+00:00
14,Crayon Shinchan,crayon shinchan,,other,documented,0.84,1,1,1,0,58.0,69.8,67.0,deterministic_triage_not_ai_ranked,2026-08-30T13:28:01+00:00
78,Crest,crest,,other,documented,0.84,1,1,1,0,58.0,69.8,67.0,deterministic_triage_not_ai_ranked,2026-08-30T13:28:01+00:00
1089,Criss Angel,criss angel,,other,documented,0.84,1,1,1,0,58.0,69.8,67.0,deterministic_triage_not_ai_ranked,2026-08-30T13:28:01+00:00
262,Critical Role,critical role,,other,documented,0.84,1,1,1,0,58.0,69.8,67.0,deterministic_triage_not_ai_ranked,2026-08-30T13:28:01+00:00
1102,Crocs,crocs,,other,documented,0.84,1,1,1,0,58.0,69.8,67.0,deterministic_triage_not_ai_ranked,2026-08-30T13:28:01+00:00
118,Crunchy Nut,crunchy nut,,other,documented,0.84,1,1,1,0,58.0,69.8,67.0,deterministic_triage_not_ai_ranked,2026-08-30T13:28:01+00:00
987,Ctrip,ctrip,,other,documented,0.84,1,1,1,0,58.0,69.8,67.0,deterministic_triage_not_ai_ranked,2026-08-30T13:28:01+00:00
98,Cub Cadet,cub cadet,,other,documented,0.84,1,1,1,0,58.0,69.8,67.0,deterministic_triage_not_ai_ranked,2026-08-30T13:28:01+00:00
870,Cubeely Paris and A Smyth,cubeely paris and a smyth,,other,documented,0.84,1,1,1,0,58.0,69.8,67.0,deterministic_triage_not_ai_ranked,2026-08-30T13:28:01+00:00
419,Culturelle,culturelle,,other,documented,0.84,1,1,1,0,58.0,69.8,67.0,deterministic_triage_not_ai_ranked,2026-08-30T13:28:01+00:00
359,D Billions,d billions,,other,documented,0.84,1,1,1,0,58.0,69.8,67.0,deterministic_triage_not_ai_ranked,2026-08-30T13:28:01+00:00
422,DAZZLE,dazzle,,other,documented,0.84,1,1,1,0,58.0,69.8,67.0,deterministic_triage_not_ai_ranked,2026-08-30T13:28:01+00:00
914,DEUTZ-FAHR,deutz fahr,,other,documented,0.84,1,1,1,0,58.0,69.8,67.0,deterministic_triage_not_ai_ranked,2026-08-30T13:28:01+00:00
99,DEWALT,dewalt,,other,documented,0.84,1,1,1,0,58.0,69.8,67.0,deterministic_triage_not_ai_ranked,2026-08-30T13:28:01+00:00
309,Dali Universe,dali universe,,other,documented,0.84,1,1,1,0,58.0,69.8,67.0,deterministic_triage_not_ai_ranked,2026-08-30T13:28:01+00:00
360,Danimals,danimals,,other,documented,0.84,1,1,1,0,58.0,69.8,67.0,deterministic_triage_not_ai_ranked,2026-08-30T13:28:01+00:00
1046,Dann Foley,dann foley,,other,documented,0.84,1,1,1,0,58.0,69.8,67.0,deterministic_triage_not_ai_ranked,2026-08-30T13:28:01+00:00
999,Darlie,darlie,,other,documented,0.84,1,1,1,0,58.0,69.8,67.0,deterministic_triage_not_ai_ranked,2026-08-30T13:28:01+00:00
813,Darrell Bush,darrell bush,,other,documented,0.84,1,1,1,0,58.0,69.8,67.0,deterministic_triage_not_ai_ranked,2026-08-30T13:28:01+00:00
79,Dawn,dawn,,other,documented,0.84,1,1,1,0,58.0,69.8,67.0,deterministic_triage_not_ai_ranked,2026-08-30T13:28:01+00:00
814,Deane Beesley,deane beesley,,other,documented,0.84,1,1,1,0,58.0,69.8,67.0,deterministic_triage_not_ai_ranked,2026-08-30T13:28:01+00:00
171,Dearfoams,dearfoams,,other,documented,0.84,1,1,1,0,58.0,69.8,67.0,deterministic_triage_not_ai_ranked,2026-08-30T13:28:01+00:00
426,Deep Breath,deep breath,,other,documented,0.84,1,1,1,0,58.0,69.8,67.0,deterministic_triage_not_ai_ranked,2026-08-30T13:28:01+00:00
425,Deli stationery,deli stationery,,other,documented,0.84,1,1,1,0,58.0,69.8,67.0,deterministic_triage_not_ai_ranked,2026-08-30T13:28:01+00:00
424,Dencare,dencare,,other,documented,0.84,1,1,1,0,58.0,69.8,67.0,deterministic_triage_not_ai_ranked,2026-08-30T13:28:01+00:00
1069,Detroit vs Everybody,detroit vs everybody,,other,documented,0.84,1,1,1,0,58.0,69.8,67.0,deterministic_triage_not_ai_ranked,2026-08-30T13:28:01+00:00
423,Dettol,dettol,,other,documented,0.84,1,1,1,0,58.0,69.8,67.0,deterministic_triage_not_ai_ranked,2026-08-30T13:28:01+00:00
785,Diageo,diageo,,other,documented,0.84,1,1,1,0,58.0,69.8,67.0,deterministic_triage_not_ai_ranked,2026-08-30T13:28:01+00:00
46,Diageo: Baileys,diageo baileys,,other,documented,0.84,1,1,1,0,58.0,69.8,67.0,deterministic_triage_not_ai_ranked,2026-08-30T13:28:01+00:00
815,Diane Labombarbe,diane labombarbe,,other,documented,0.84,1,1,1,0,58.0,69.8,67.0,deterministic_triage_not_ai_ranked,2026-08-30T13:28:01+00:00
53,Dinotopia,dinotopia,,other,documented,0.84,1,1,1,0,58.0,69.8,67.0,deterministic_triage_not_ai_ranked,2026-08-30T13:28:01+00:00
13,Doraemon,doraemon,,other,documented,0.84,1,1,1,0,58.0,69.8,67.0,deterministic_triage_not_ai_ranked,2026-08-30T13:28:01+00:00
1083,Dorel Juvenile Group,dorel juvenile group,,other,documented,0.84,1,1,1,0,58.0,69.8,67.0,deterministic_triage_not_ai_ranked,2026-08-30T13:28:01+00:00
81,Downy,downy,,other,documented,0.84,1,1,1,0,58.0,69.8,67.0,deterministic_triage_not_ai_ranked,2026-08-30T13:28:01+00:00
923,Dr Seuss (Retail),dr seuss retail,,other,documented,0.84,1,1,1,0,58.0,69.8,67.0,deterministic_triage_not_ai_ranked,2026-08-30T13:28:01+00:00
163,Dr. Scholl’s,dr scholls,,other,documented,0.84,1,1,1,0,58.0,69.8,67.0,deterministic_triage_not_ai_ranked,2026-08-30T13:28:01+00:00
219,Dr. Seuss,dr seuss,,other,documented,0.84,1,1,1,0,58.0,69.8,67.0,deterministic_triage_not_ai_ranked,2026-08-30T13:28:01+00:00
263,Dr. Squatch,dr squatch,,other,documented,0.84,1,1,1,0,58.0,69.8,67.0,deterministic_triage_not_ai_ranked,2026-08-30T13:28:01+00:00
737,Dr. Stone,dr stone,,other,documented,0.84,1,1,1,0,58.0,69.8,67.0,deterministic_triage_not_ai_ranked,2026-08-30T13:28:01+00:00
220,Draper James,draper james,,other,documented,0.84,1,1,1,0,58.0,69.8,67.0,deterministic_triage_not_ai_ranked,2026-08-30T13:28:01+00:00
80,Dreft,dreft,,other,documented,0.84,1,1,1,0,58.0,69.8,67.0,deterministic_triage_not_ai_ranked,2026-08-30T13:28:01+00:00
521,Duluth Trading Company and Sioux Honey Association,duluth trading company and sioux honey association,,other,documented,0.84,1,1,1,0,58.0,69.8,67.0,deterministic_triage_not_ai_ranked,2026-08-30T13:28:01+00:00
665,Dum Dums,dum dums,,other,documented,0.84,1,1,1,0,58.0,69.8,67.0,deterministic_triage_not_ai_ranked,2026-08-30T13:28:01+00:00
161,EA (The Sims),ea the sims,,other,documented,0.84,1,1,1,0,58.0,69.8,67.0,deterministic_triage_not_ai_ranked,2026-08-30T13:28:01+00:00
917,ESCADA,escada,,other,documented,0.84,1,1,1,0,58.0,69.8,67.0,deterministic_triage_not_ai_ranked,2026-08-30T13:28:01+00:00
954,Eastman Kodak Co,eastman kodak co,,other,documented,0.84,1,1,1,0,58.0,69.8,67.0,deterministic_triage_not_ai_ranked,2026-08-30T13:28:01+00:00
768,Easy Partners,easy partners,,other,documented,0.84,1,1,1,0,58.0,69.8,67.0,deterministic_triage_not_ai_ranked,2026-08-30T13:28:01+00:00
167,"Edgewell Personal Care (Banana Boat, Hawaiian Tropic, Cremo, Schick, Skintimate, Wet Ones)",edgewell personal care banana boat hawaiian tropic cremo schick skintimate wet ones,,other,documented,0.84,1,1,1,0,58.0,69.8,67.0,deterministic_triage_not_ai_ranked,2026-08-30T13:28:01+00:00
427,Edition,edition,,other,documented,0.84,1,1,1,0,58.0,69.8,67.0,deterministic_triage_not_ai_ranked,2026-08-30T13:28:01+00:00
699,Editions Albert Renee,editions albert renee,,other,documented,0.84,1,1,1,0,58.0,69.8,67.0,deterministic_triage_not_ai_ranked,2026-08-30T13:28:01+00:00
676,Electrolux,electrolux,,other,documented,0.84,1,1,1,0,58.0,69.8,67.0,deterministic_triage_not_ai_ranked,2026-08-30T13:28:01+00:00
930,Electronic Arts,electronic arts,,other,documented,0.84,1,1,1,0,58.0,69.8,67.0,deterministic_triage_not_ai_ranked,2026-08-30T13:28:01+00:00
137,Elen Tracy,elen tracy,,other,documented,0.84,1,1,1,0,58.0,69.8,67.0,deterministic_triage_not_ai_ranked,2026-08-30T13:28:01+00:00
310,Ella Fitzgerald Estate,ella fitzgerald estate,,other,documented,0.84,1,1,1,0,58.0,69.8,67.0,deterministic_triage_not_ai_ranked,2026-08-30T13:28:01+00:00
652,Elle,elle,,other,documented,0.84,1,1,1,0,58.0,69.8,67.0,deterministic_triage_not_ai_ranked,2026-08-30T13:28:01+00:00
688,Emerson,emerson,,other,documented,0.84,1,1,1,0,58.0,69.8,67.0,deterministic_triage_not_ai_ranked,2026-08-30T13:28:01+00:00
816,Emiko Rainbow,emiko rainbow,,other,documented,0.84,1,1,1,0,58.0,69.8,67.0,deterministic_triage_not_ai_ranked,2026-08-30T13:28:01+00:00
644,Eric Carle,eric carle,,other,documented,0.84,1,1,1,0,58.0,69.8,67.0,deterministic_triage_not_ai_ranked,2026-08-30T13:28:01+00:00
1047,Erinn Valencich,erinn valencich,,other,documented,0.84,1,1,1,0,58.0,69.8,67.0,deterministic_triage_not_ai_ranked,2026-08-30T13:28:01+00:00
1074,Etonic,etonic,,other,documented,0.84,1,1,1,0,58.0,69.8,67.0,deterministic_triage_not_ai_ranked,2026-08-30T13:28:01+00:00
902,Etro,etro,,other,documented,0.84,1,1,1,0,58.0,69.8,67.0,deterministic_triage_not_ai_ranked,2026-08-30T13:28:01+00:00
1107,Everlast,everlast,,other,documented,0.84,1,1,1,0,58.0,69.8,67.0,deterministic_triage_not_ai_ranked,2026-08-30T13:28:01+00:00
1043,Evoke Entertainment,evoke entertainment,,other,documented,0.84,1,1,1,0,58.0,69.8,67.0,deterministic_triage_not_ai_ranked,2026-08-30T13:28:01+00:00
620,F. Scott Fitzgerald Estate,f scott fitzgerald estate,,other,documented,0.84,1,1,1,0,58.0,69.8,67.0,deterministic_triage_not_ai_ranked,2026-08-30T13:28:01+00:00
1147,FC Barcelona and Paris Saint Germain FC,fc barcelona and paris saint germain fc,,other,documented,0.84,1,1,1,0,58.0,69.8,67.0,deterministic_triage_not_ai_ranked,2026-08-30T13:28:01+00:00
1117,FC Barcelona and Real Madrid,fc barcelona and real madrid,,other,documented,0.84,1,1,1,0,58.0,69.8,67.0,deterministic_triage_not_ai_ranked,2026-08-30T13:28:01+00:00
1016,FIFA,fifa,,other,documented,0.84,1,1,1,0,58.0,69.8,67.0,deterministic_triage_not_ai_ranked,2026-08-30T13:28:01+00:00
54,Fable,fable,,other,documented,0.84,1,1,1,0,58.0,69.8,67.0,deterministic_triage_not_ai_ranked,2026-08-30T13:28:01+00:00
857,Fabletics,fabletics,,other,documented,0.84,1,1,1,0,58.0,69.8,67.0,deterministic_triage_not_ai_ranked,2026-08-30T13:28:01+00:00
100,Facom,facom,,other,documented,0.84,1,1,1,0,58.0,69.8,67.0,deterministic_triage_not_ai_ranked,2026-08-30T13:28:01+00:00
82,Fairy,fairy,,other,documented,0.84,1,1,1,0,58.0,69.8,67.0,deterministic_triage_not_ai_ranked,2026-08-30T13:28:01+00:00
931,Fall Guys (Devolver Digital),fall guys devolver digital,,other,documented,0.84,1,1,1,0,58.0,69.8,67.0,deterministic_triage_not_ai_ranked,2026-08-30T13:28:01+00:00
1010,Family Mart,family mart,,other,documented,0.84,1,1,1,0,58.0,69.8,67.0,deterministic_triage_not_ai_ranked,2026-08-30T13:28:01+00:00
1096,Fan Cup,fan cup,,other,documented,0.84,1,1,1,0,58.0,69.8,67.0,deterministic_triage_not_ai_ranked,2026-08-30T13:28:01+00:00
185,Farm Rich,farm rich,,other,documented,0.84,1,1,1,0,58.0,69.8,67.0,deterministic_triage_not_ai_ranked,2026-08-30T13:28:01+00:00
83,Febreze,febreze,,other,documented,0.84,1,1,1,0,58.0,69.8,67.0,deterministic_triage_not_ai_ranked,2026-08-30T13:28:01+00:00
817,Femvisionary,femvisionary,,other,documented,0.84,1,1,1,0,58.0,69.8,67.0,deterministic_triage_not_ai_ranked,2026-08-30T13:28:01+00:00
377,Fender,fender,,other,documented,0.84,1,1,1,0,58.0,69.8,67.0,deterministic_triage_not_ai_ranked,2026-08-30T13:28:01+00:00
429,Fila,fila,,other,documented,0.84,1,1,1,0,58.0,69.8,67.0,deterministic_triage_not_ai_ranked,2026-08-30T13:28:01+00:00
818,Fine Frenchie,fine frenchie,,other,documented,0.84,1,1,1,0,58.0,69.8,67.0,deterministic_triage_not_ai_ranked,2026-08-30T13:28:01+00:00
430,Fipo,fipo,,other,documented,0.84,1,1,1,0,58.0,69.8,67.0,deterministic_triage_not_ai_ranked,2026-08-30T13:28:01+00:00
1082,Fisher Electronics,fisher electronics,,other,documented,0.84,1,1,1,0,58.0,69.8,67.0,deterministic_triage_not_ai_ranked,2026-08-30T13:28:01+00:00
84,Flash,flash,,other,documented,0.84,1,1,1,0,58.0,69.8,67.0,deterministic_triage_not_ai_ranked,2026-08-30T13:28:01+00:00
819,Fluidity,fluidity,,other,documented,0.84,1,1,1,0,58.0,69.8,67.0,deterministic_triage_not_ai_ranked,2026-08-30T13:28:01+00:00
769,Flying Bark/Studio 100,flying bark studio 100,,other,documented,0.84,1,1,1,0,58.0,69.8,67.0,deterministic_triage_not_ai_ranked,2026-08-30T13:28:01+00:00
433,Forever 21,forever 21,,other,documented,0.84,1,1,1,0,58.0,69.8,67.0,deterministic_triage_not_ai_ranked,2026-08-30T13:28:01+00:00
399,Formula E,formula e,,other,documented,0.84,1,1,1,0,58.0,69.8,67.0,deterministic_triage_not_ai_ranked,2026-08-30T13:28:01+00:00
222,Formula One,formula one,,other,documented,0.84,1,1,1,0,58.0,69.8,67.0,deterministic_triage_not_ai_ranked,2026-08-30T13:28:01+00:00
658,Fred Rogers Company,fred rogers company,,other,documented,0.84,1,1,1,0,58.0,69.8,67.0,deterministic_triage_not_ai_ranked,2026-08-30T13:28:01+00:00
901,Freddy,freddy,,other,documented,0.84,1,1,1,0,58.0,69.8,67.0,deterministic_triage_not_ai_ranked,2026-08-30T13:28:01+00:00
888,French Connection,french connection,,other,documented,0.84,1,1,1,0,58.0,69.8,67.0,deterministic_triage_not_ai_ranked,2026-08-30T13:28:01+00:00
677,Frigidaire,frigidaire,,other,documented,0.84,1,1,1,0,58.0,69.8,67.0,deterministic_triage_not_ai_ranked,2026-08-30T13:28:01+00:00
431,Frog Prince,frog prince,,other,documented,0.84,1,1,1,0,58.0,69.8,67.0,deterministic_triage_not_ai_ranked,2026-08-30T13:28:01+00:00
119,Froot Loops,froot loops,,other,documented,0.84,1,1,1,0,58.0,69.8,67.0,deterministic_triage_not_ai_ranked,2026-08-30T13:28:01+00:00
120,Frosted Flakes,frosted flakes,,other,documented,0.84,1,1,1,0,58.0,69.8,67.0,deterministic_triage_not_ai_ranked,2026-08-30T13:28:01+00:00
121,Frosted Mini Wheats,frosted mini wheats,,other,documented,0.84,1,1,1,0,58.0,69.8,67.0,deterministic_triage_not_ai_ranked,2026-08-30T13:28:01+00:00
1025,Fruit of the Loom,fruit of the loom,,other,documented,0.84,1,1,1,0,58.0,69.8,67.0,deterministic_triage_not_ai_ranked,2026-08-30T13:28:01+00:00
932,Fuggler (Libertas Brands),fuggler libertas brands,,other,documented,0.84,1,1,1,0,58.0,69.8,67.0,deterministic_triage_not_ai_ranked,2026-08-30T13:28:01+00:00
993,FujiFlim,fujiflim,,other,documented,0.84,1,1,1,0,58.0,69.8,67.0,deterministic_triage_not_ai_ranked,2026-08-30T13:28:01+00:00
738,Fullmetal Alchemist,fullmetal alchemist,,other,documented,0.84,1,1,1,0,58.0,69.8,67.0,deterministic_triage_not_ai_ranked,2026-08-30T13:28:01+00:00
671,Fun Sweets,fun sweets,,other,documented,0.84,1,1,1,0,58.0,69.8,67.0,deterministic_triage_not_ai_ranked,2026-08-30T13:28:01+00:00
770,Future Shirts,future shirts,,other,documented,0.84,1,1,1,0,58.0,69.8,67.0,deterministic_triage_not_ai_ranked,2026-08-30T13:28:01+00:00
276,Futurity Brands (Paul Frank),futurity brands paul frank,,other,documented,0.84,1,1,1,0,58.0,69.8,67.0,deterministic_triage_not_ai_ranked,2026-08-30T13:28:01+00:00
751,GACHIAKUTA,gachiakuta,,other,documented,0.84,1,1,1,0,58.0,69.8,67.0,deterministic_triage_not_ai_ranked,2026-08-30T13:28:01+00:00
700,GMS,gms,,other,documented,0.84,1,1,1,0,58.0,69.8,67.0,deterministic_triage_not_ai_ranked,2026-08-30T13:28:01+00:00
655,GQ,gq,,other,documented,0.84,1,1,1,0,58.0,69.8,67.0,deterministic_triage_not_ai_ranked,2026-08-30T13:28:01+00:00
85,Gain,gain,,other,documented,0.84,1,1,1,0,58.0,69.8,67.0,deterministic_triage_not_ai_ranked,2026-08-30T13:28:01+00:00
156,Galardi Group 5 Love Languages and Kahala Brands,galardi group 5 love languages and kahala brands,,other,documented,0.84,1,1,1,0,58.0,69.8,67.0,deterministic_triage_not_ai_ranked,2026-08-30T13:28:01+00:00
541,Gap Inc,gap inc,,other,documented,0.84,1,1,1,0,58.0,69.8,67.0,deterministic_triage_not_ai_ranked,2026-08-30T13:28:01+00:00
708,Garfield,garfield,,other,documented,0.84,1,1,1,0,58.0,69.8,67.0,deterministic_triage_not_ai_ranked,2026-08-30T13:28:01+00:00
921,General Motors,general motors,,other,documented,0.84,1,1,1,0,58.0,69.8,67.0,deterministic_triage_not_ai_ranked,2026-08-30T13:28:01+00:00
568,Gerry Cosby,gerry cosby,,other,documented,0.84,1,1,1,0,58.0,69.8,67.0,deterministic_triage_not_ai_ranked,2026-08-30T13:28:01+00:00
381,Ghost,ghost,,other,documented,0.84,1,1,1,0,58.0,69.8,67.0,deterministic_triage_not_ai_ranked,2026-08-30T13:28:01+00:00
739,Gintama,gintama,,other,documented,0.84,1,1,1,0,58.0,69.8,67.0,deterministic_triage_not_ai_ranked,2026-08-30T13:28:01+00:00
897,Giuseppe Zanotti,giuseppe zanotti,,other,documented,0.84,1,1,1,0,58.0,69.8,67.0,deterministic_triage_not_ai_ranked,2026-08-30T13:28:01+00:00
434,Glico,glico,,other,documented,0.84,1,1,1,0,58.0,69.8,67.0,deterministic_triage_not_ai_ranked,2026-08-30T13:28:01+00:00
289,Global Music,global music,,other,documented,0.84,1,1,1,0,58.0,69.8,67.0,deterministic_triage_not_ai_ranked,2026-08-30T13:28:01+00:00
752,Godzilla,godzilla,,other,documented,0.84,1,1,1,0,58.0,69.8,67.0,deterministic_triage_not_ai_ranked,2026-08-30T13:28:01+00:00
967,Good Humor,good humor,,other,documented,0.84,1,1,1,0,58.0,69.8,67.0,deterministic_triage_not_ai_ranked,2026-08-30T13:28:01+00:00
49,Gordon’s,gordons,,other,documented,0.84,1,1,1,0,58.0,69.8,67.0,deterministic_triage_not_ai_ranked,2026-08-30T13:28:01+00:00
771,Graeme Base,graeme base,,other,documented,0.84,1,1,1,0,58.0,69.8,67.0,deterministic_triage_not_ai_ranked,2026-08-30T13:28:01+00:00
264,Grüns,gruns,,other,documented,0.84,1,1,1,0,58.0,69.8,67.0,deterministic_triage_not_ai_ranked,2026-08-30T13:28:01+00:00
50,Guinness,guinness,https://www.beanstalk.com/client/case-study-template-l97dl,other,documented,0.84,1,1,1,0,58.0,69.8,67.0,deterministic_triage_not_ai_ranked,2026-08-30T13:28:01+00:00
435,Gukoo,gukoo,,other,documented,0.84,1,1,1,0,58.0,69.8,67.0,deterministic_triage_not_ai_ranked,2026-08-30T13:28:01+00:00
820,H. Hargrove,h hargrove,,other,documented,0.84,1,1,1,0,58.0,69.8,67.0,deterministic_triage_not_ai_ranked,2026-08-30T13:28:01+00:00
438,HLA,hla,,other,documented,0.84,1,1,1,0,58.0,69.8,67.0,deterministic_triage_not_ai_ranked,2026-08-30T13:28:01+00:00
678,HP,hp,,other,documented,0.84,1,1,1,0,58.0,69.8,67.0,deterministic_triage_not_ai_ranked,2026-08-30T13:28:01+00:00
436,Haidilao,haidilao,,other,documented,0.84,1,1,1,0,58.0,69.8,67.0,deterministic_triage_not_ai_ranked,2026-08-30T13:28:01+00:00
740,Haikyu!!,haikyu,,other,documented,0.84,1,1,1,0,58.0,69.8,67.0,deterministic_triage_not_ai_ranked,2026-08-30T13:28:01+00:00
69,Halo,halo,,other,documented,0.84,1,1,1,0,58.0,69.8,67.0,deterministic_triage_not_ai_ranked,2026-08-30T13:28:01+00:00
389,Halsey and Fred Again,halsey and fred again,,other,documented,0.84,1,1,1,0,58.0,69.8,67.0,deterministic_triage_not_ai_ranked,2026-08-30T13:28:01+00:00
862,Hamilton Beach Brands,hamilton beach brands,,other,documented,0.84,1,1,1,0,58.0,69.8,67.0,deterministic_triage_not_ai_ranked,2026-08-30T13:28:01+00:00
352,Hangten,hangten,,other,documented,0.84,1,1,1,0,58.0,69.8,67.0,deterministic_triage_not_ai_ranked,2026-08-30T13:28:01+00:00
934,Happy Nest,happy nest,,other,documented,0.84,1,1,1,0,58.0,69.8,67.0,deterministic_triage_not_ai_ranked,2026-08-30T13:28:01+00:00
183,Hard Rock,hard rock,,other,documented,0.84,1,1,1,0,58.0,69.8,67.0,deterministic_triage_not_ai_ranked,2026-08-30T13:28:01+00:00
351,HardRock,hardrock,,other,documented,0.84,1,1,1,0,58.0,69.8,67.0,deterministic_triage_not_ai_ranked,2026-08-30T13:28:01+00:00
935,Hari Studios,hari studios,,other,documented,0.84,1,1,1,0,58.0,69.8,67.0,deterministic_triage_not_ai_ranked,2026-08-30T13:28:01+00:00
906,Harmont & Blaine,harmont and blaine,,other,documented,0.84,1,1,1,0,58.0,69.8,67.0,deterministic_triage_not_ai_ranked,2026-08-30T13:28:01+00:00
985,Harvest Hill including Sunny D and Juicy Juice,harvest hill including sunny d and juicy juice,,other,documented,0.84,1,1,1,0,58.0,69.8,67.0,deterministic_triage_not_ai_ranked,2026-08-30T13:28:01+00:00
924,Hasbro (Retail),hasbro retail,,other,documented,0.84,1,1,1,0,58.0,69.8,67.0,deterministic_triage_not_ai_ranked,2026-08-30T13:28:01+00:00
796,Hautman Brothers,hautman brothers,,other,documented,0.84,1,1,1,0,58.0,69.8,67.0,deterministic_triage_not_ai_ranked,2026-08-30T13:28:01+00:00
821,Hayden Lambson,hayden lambson,,other,documented,0.84,1,1,1,0,58.0,69.8,67.0,deterministic_triage_not_ai_ranked,2026-08-30T13:28:01+00:00
1044,HazeLight,hazelight,,other,documented,0.84,1,1,1,0,58.0,69.8,67.0,deterministic_triage_not_ai_ranked,2026-08-30T13:28:01+00:00
225,Headspace,headspace,,other,documented,0.84,1,1,1,0,58.0,69.8,67.0,deterministic_triage_not_ai_ranked,2026-08-30T13:28:01+00:00
556,Hearst Magazines,hearst magazines,,other,documented,0.84,1,1,1,0,58.0,69.8,67.0,deterministic_triage_not_ai_ranked,2026-08-30T13:28:01+00:00
265,Hedley & Bennett,hedley and bennett,,other,documented,0.84,1,1,1,0,58.0,69.8,67.0,deterministic_triage_not_ai_ranked,2026-08-30T13:28:01+00:00
255,Heisman Trophy Trus and other top collegiate brands,heisman trophy trus and other top collegiate brands,,other,documented,0.84,1,1,1,0,58.0,69.8,67.0,deterministic_triage_not_ai_ranked,2026-08-30T13:28:01+00:00
961,Hellmann's and Vaseline,hellmann s and vaseline,,other,documented,0.84,1,1,1,0,58.0,69.8,67.0,deterministic_triage_not_ai_ranked,2026-08-30T13:28:01+00:00
437,Hewlett Packard (HP),hewlett packard hp,,other,documented,0.84,1,1,1,0,58.0,69.8,67.0,deterministic_triage_not_ai_ranked,2026-08-30T13:28:01+00:00
55,Hi-Chew,hi chew,,other,documented,0.84,1,1,1,0,58.0,69.8,67.0,deterministic_triage_not_ai_ranked,2026-08-30T13:28:01+00:00
936,Hidden Pigeon Company,hidden pigeon company,,other,documented,0.84,1,1,1,0,58.0,69.8,67.0,deterministic_triage_not_ai_ranked,2026-08-30T13:28:01+00:00
122,Honey Smacks,honey smacks,,other,documented,0.84,1,1,1,0,58.0,69.8,67.0,deterministic_triage_not_ai_ranked,2026-08-30T13:28:01+00:00
300,Hoppe's 9,hoppe s 9,,other,documented,0.84,1,1,1,0,58.0,69.8,67.0,deterministic_triage_not_ai_ranked,2026-08-30T13:28:01+00:00
129,Hormel Foods,hormel foods,,other,documented,0.84,1,1,1,0,58.0,69.8,67.0,deterministic_triage_not_ai_ranked,2026-08-30T13:28:01+00:00
1034,Horror,horror,,other,documented,0.84,1,1,1,0,58.0,69.8,67.0,deterministic_triage_not_ai_ranked,2026-08-30T13:28:01+00:00
362,Hostess,hostess,,other,documented,0.84,1,1,1,0,58.0,69.8,67.0,deterministic_triage_not_ai_ranked,2026-08-30T13:28:01+00:00
439,Hsufuchi,hsufuchi,,other,documented,0.84,1,1,1,0,58.0,69.8,67.0,deterministic_triage_not_ai_ranked,2026-08-30T13:28:01+00:00
1003,Huawei,huawei,,other,documented,0.84,1,1,1,0,58.0,69.8,67.0,deterministic_triage_not_ai_ranked,2026-08-30T13:28:01+00:00
1112,Hudson and more,hudson and more,,other,documented,0.84,1,1,1,0,58.0,69.8,67.0,deterministic_triage_not_ai_ranked,2026-08-30T13:28:01+00:00
440,I.T,i t,,other,documented,0.84,1,1,1,0,58.0,69.8,67.0,deterministic_triage_not_ai_ranked,2026-08-30T13:28:01+00:00
442,IMIS,imis,,other,documented,0.84,1,1,1,0,58.0,69.8,67.0,deterministic_triage_not_ai_ranked,2026-08-30T13:28:01+00:00
292,IMPS,imps,,other,documented,0.84,1,1,1,0,58.0,69.8,67.0,deterministic_triage_not_ai_ranked,2026-08-30T13:28:01+00:00
443,IP Snack,ip snack,,other,documented,0.84,1,1,1,0,58.0,69.8,67.0,deterministic_triage_not_ai_ranked,2026-08-30T13:28:01+00:00
898,IRO Paris,iro paris,,other,documented,0.84,1,1,1,0,58.0,69.8,67.0,deterministic_triage_not_ai_ranked,2026-08-30T13:28:01+00:00
704,ISA and People,isa and people,,other,documented,0.84,1,1,1,0,58.0,69.8,67.0,deterministic_triage_not_ai_ranked,2026-08-30T13:28:01+00:00
907,ISABEL MARANT,isabel marant,,other,documented,0.84,1,1,1,0,58.0,69.8,67.0,deterministic_triage_not_ai_ranked,2026-08-30T13:28:01+00:00
896,ISAIA,isaia,,other,documented,0.84,1,1,1,0,58.0,69.8,67.0,deterministic_triage_not_ai_ranked,2026-08-30T13:28:01+00:00
1006,IconSiam Bangkok,iconsiam bangkok,,other,documented,0.84,1,1,1,0,58.0,69.8,67.0,deterministic_triage_not_ai_ranked,2026-08-30T13:28:01+00:00
226,Iconix,iconix,,other,documented,0.84,1,1,1,0,58.0,69.8,67.0,deterministic_triage_not_ai_ranked,2026-08-30T13:28:01+00:00
864,Iconoclast,iconoclast,,other,documented,0.84,1,1,1,0,58.0,69.8,67.0,deterministic_triage_not_ai_ranked,2026-08-30T13:28:01+00:00
441,Igc,igc,,other,documented,0.84,1,1,1,0,58.0,69.8,67.0,deterministic_triage_not_ai_ranked,2026-08-30T13:28:01+00:00
822,Image World,image world,,other,documented,0.84,1,1,1,0,58.0,69.8,67.0,deterministic_triage_not_ai_ranked,2026-08-30T13:28:01+00:00
1035,Inc,inc,,other,documented,0.84,1,1,1,0,58.0,69.8,67.0,deterministic_triage_not_ai_ranked,2026-08-30T13:28:01+00:00
741,Initial D,initial d,,other,documented,0.84,1,1,1,0,58.0,69.8,67.0,deterministic_triage_not_ai_ranked,2026-08-30T13:28:01+00:00
37,Intel and Siam Paragon,intel and siam paragon,,other,documented,0.84,1,1,1,0,58.0,69.8,67.0,deterministic_triage_not_ai_ranked,2026-08-30T13:28:01+00:00
279,Inter de Milán,inter de milan,,other,documented,0.84,1,1,1,0,58.0,69.8,67.0,deterministic_triage_not_ai_ranked,2026-08-30T13:28:01+00:00
674,It's Happy Bunny and Avanti Press,it s happy bunny and avanti press,,other,documented,0.84,1,1,1,0,58.0,69.8,67.0,deterministic_triage_not_ai_ranked,2026-08-30T13:28:01+00:00
148,J.M. Smucker Co,j m smucker co,,other,documented,0.84,1,1,1,0,58.0,69.8,67.0,deterministic_triage_not_ai_ranked,2026-08-30T13:28:01+00:00
1080,JACHS NY,jachs ny,,other,documented,0.84,1,1,1,0,58.0,69.8,67.0,deterministic_triage_not_ai_ranked,2026-08-30T13:28:01+00:00
396,JCB,jcb,,other,documented,0.84,1,1,1,0,58.0,69.8,67.0,deterministic_triage_not_ai_ranked,2026-08-30T13:28:01+00:00
391,JLR,jlr,,other,documented,0.84,1,1,1,0,58.0,69.8,67.0,deterministic_triage_not_ai_ranked,2026-08-30T13:28:01+00:00
748,JOGUMAN,joguman,,other,documented,0.84,1,1,1,0,58.0,69.8,67.0,deterministic_triage_not_ai_ranked,2026-08-30T13:28:01+00:00
445,JUST.FOTO,just foto,,other,documented,0.84,1,1,1,0,58.0,69.8,67.0,deterministic_triage_not_ai_ranked,2026-08-30T13:28:01+00:00
1101,Ja Rule and Solider Boy,ja rule and solider boy,,other,documented,0.84,1,1,1,0,58.0,69.8,67.0,deterministic_triage_not_ai_ranked,2026-08-30T13:28:01+00:00
613,Jackie Robinson Estate,jackie robinson estate,,other,documented,0.84,1,1,1,0,58.0,69.8,67.0,deterministic_triage_not_ai_ranked,2026-08-30T13:28:01+00:00
384,Jade Thirwall,jade thirwall,,other,documented,0.84,1,1,1,0,58.0,69.8,67.0,deterministic_triage_not_ai_ranked,2026-08-30T13:28:01+00:00
397,James Hunt,james hunt,,other,documented,0.84,1,1,1,0,58.0,69.8,67.0,deterministic_triage_not_ai_ranked,2026-08-30T13:28:01+00:00
823,James Meger,james meger,,other,documented,0.84,1,1,1,0,58.0,69.8,67.0,deterministic_triage_not_ai_ranked,2026-08-30T13:28:01+00:00
444,Jandoon,jandoon,,other,documented,0.84,1,1,1,0,58.0,69.8,67.0,deterministic_triage_not_ai_ranked,2026-08-30T13:28:01+00:00
1071,Jason Wu,jason wu,,other,documented,0.84,1,1,1,0,58.0,69.8,67.0,deterministic_triage_not_ai_ranked,2026-08-30T13:28:01+00:00
858,Jay Franco,jay franco,,other,documented,0.84,1,1,1,0,58.0,69.8,67.0,deterministic_triage_not_ai_ranked,2026-08-30T13:28:01+00:00
1052,Jennifer Maune,jennifer maune,,other,documented,0.84,1,1,1,0,58.0,69.8,67.0,deterministic_triage_not_ai_ranked,2026-08-30T13:28:01+00:00
824,Jennifer Seeley,jennifer seeley,,other,documented,0.84,1,1,1,0,58.0,69.8,67.0,deterministic_triage_not_ai_ranked,2026-08-30T13:28:01+00:00
859,Jerry Leigh,jerry leigh,,other,documented,0.84,1,1,1,0,58.0,69.8,67.0,deterministic_triage_not_ai_ranked,2026-08-30T13:28:01+00:00
825,Jetty Home,jetty home,,other,documented,0.84,1,1,1,0,58.0,69.8,67.0,deterministic_triage_not_ai_ranked,2026-08-30T13:28:01+00:00
826,Jim Baldwin,jim baldwin,,other,documented,0.84,1,1,1,0,58.0,69.8,67.0,deterministic_triage_not_ai_ranked,2026-08-30T13:28:01+00:00
827,Jim Killen,jim killen,,other,documented,0.84,1,1,1,0,58.0,69.8,67.0,deterministic_triage_not_ai_ranked,2026-08-30T13:28:01+00:00
138,John Deere,john deere,,other,documented,0.84,1,1,1,0,58.0,69.8,67.0,deterministic_triage_not_ai_ranked,2026-08-30T13:28:01+00:00
829,John Keeling,john keeling,,other,documented,0.84,1,1,1,0,58.0,69.8,67.0,deterministic_triage_not_ai_ranked,2026-08-30T13:28:01+00:00
1092,Jon Taffer and more,jon taffer and more,,other,documented,0.84,1,1,1,0,58.0,69.8,67.0,deterministic_triage_not_ai_ranked,2026-08-30T13:28:01+00:00
227,Jonathan Adler,jonathan adler,,other,documented,0.84,1,1,1,0,58.0,69.8,67.0,deterministic_triage_not_ai_ranked,2026-08-30T13:28:01+00:00
830,Judy Buswell,judy buswell,,other,documented,0.84,1,1,1,0,58.0,69.8,67.0,deterministic_triage_not_ai_ranked,2026-08-30T13:28:01+00:00
266,Jukebox,jukebox,,other,documented,0.84,1,1,1,0,58.0,69.8,67.0,deterministic_triage_not_ai_ranked,2026-08-30T13:28:01+00:00
57,Julius-K9,julius k9,,other,documented,0.84,1,1,1,0,58.0,69.8,67.0,deterministic_triage_not_ai_ranked,2026-08-30T13:28:01+00:00
130,Just Born Confections,just born confections,,other,documented,0.84,1,1,1,0,58.0,69.8,67.0,deterministic_triage_not_ai_ranked,2026-08-30T13:28:01+00:00
908,Just Cavalli,just cavalli,,other,documented,0.84,1,1,1,0,58.0,69.8,67.0,deterministic_triage_not_ai_ranked,2026-08-30T13:28:01+00:00
58,Just Dance,just dance,,other,documented,0.84,1,1,1,0,58.0,69.8,67.0,deterministic_triage_not_ai_ranked,2026-08-30T13:28:01+00:00
449,KEEP,keep,,other,documented,0.84,1,1,1,0,58.0,69.8,67.0,deterministic_triage_not_ai_ranked,2026-08-30T13:28:01+00:00
912,KETTLER,kettler,,other,documented,0.84,1,1,1,0,58.0,69.8,67.0,deterministic_triage_not_ai_ranked,2026-08-30T13:28:01+00:00
450,KKV,kkv,,other,documented,0.84,1,1,1,0,58.0,69.8,67.0,deterministic_triage_not_ai_ranked,2026-08-30T13:28:01+00:00
446,Kabrita,kabrita,,other,documented,0.84,1,1,1,0,58.0,69.8,67.0,deterministic_triage_not_ai_ranked,2026-08-30T13:28:01+00:00
750,Kaiju No. 8,kaiju no 8,,other,documented,0.84,1,1,1,0,58.0,69.8,67.0,deterministic_triage_not_ai_ranked,2026-08-30T13:28:01+00:00
168,"Kao (Jergens, John Freida)",kao jergens john freida,,other,documented,0.84,1,1,1,0,58.0,69.8,67.0,deterministic_triage_not_ai_ranked,2026-08-30T13:28:01+00:00
123,Kashi,kashi,,other,documented,0.84,1,1,1,0,58.0,69.8,67.0,deterministic_triage_not_ai_ranked,2026-08-30T13:28:01+00:00
721,Kawanimal,kawanimal,,other,documented,0.84,1,1,1,0,58.0,69.8,67.0,deterministic_triage_not_ai_ranked,2026-08-30T13:28:01+00:00
447,Kawasaki,kawasaki,,other,documented,0.84,1,1,1,0,58.0,69.8,67.0,deterministic_triage_not_ai_ranked,2026-08-30T13:28:01+00:00
448,Kayou,kayou,,other,documented,0.84,1,1,1,0,58.0,69.8,67.0,deterministic_triage_not_ai_ranked,2026-08-30T13:28:01+00:00
59,Kellanova: Cheez-It,kellanova cheez it,,other,documented,0.84,1,1,1,0,58.0,69.8,67.0,deterministic_triage_not_ai_ranked,2026-08-30T13:28:01+00:00
831,Kelley Parker,kelley parker,,other,documented,0.84,1,1,1,0,58.0,69.8,67.0,deterministic_triage_not_ai_ranked,2026-08-30T13:28:01+00:00
832,Ken Zylla,ken zylla,,other,documented,0.84,1,1,1,0,58.0,69.8,67.0,deterministic_triage_not_ai_ranked,2026-08-30T13:28:01+00:00
519,Ken's Foods,ken s foods,,other,documented,0.84,1,1,1,0,58.0,69.8,67.0,deterministic_triage_not_ai_ranked,2026-08-30T13:28:01+00:00
288,Kidscave,kidscave,,other,documented,0.84,1,1,1,0,58.0,69.8,67.0,deterministic_triage_not_ai_ranked,2026-08-30T13:28:01+00:00
205,Kidz Bop,kidz bop,,other,documented,0.84,1,1,1,0,58.0,69.8,67.0,deterministic_triage_not_ai_ranked,2026-08-30T13:28:01+00:00
833,Kim Norlien,kim norlien,,other,documented,0.84,1,1,1,0,58.0,69.8,67.0,deterministic_triage_not_ai_ranked,2026-08-30T13:28:01+00:00
1066,KissCam,kisscam,,other,documented,0.84,1,1,1,0,58.0,69.8,67.0,deterministic_triage_not_ai_ranked,2026-08-30T13:28:01+00:00
876,Kiton,kiton,,other,documented,0.84,1,1,1,0,58.0,69.8,67.0,deterministic_triage_not_ai_ranked,2026-08-30T13:28:01+00:00
965,Klondike,klondike,,other,documented,0.84,1,1,1,0,58.0,69.8,67.0,deterministic_triage_not_ai_ranked,2026-08-30T13:28:01+00:00
451,Knighthood,knighthood,,other,documented,0.84,1,1,1,0,58.0,69.8,67.0,deterministic_triage_not_ai_ranked,2026-08-30T13:28:01+00:00
1097,Knuckle Heads,knuckle heads,,other,documented,0.84,1,1,1,0,58.0,69.8,67.0,deterministic_triage_not_ai_ranked,2026-08-30T13:28:01+00:00
760,Kowloon Generic Romance,kowloon generic romance,,other,documented,0.84,1,1,1,0,58.0,69.8,67.0,deterministic_triage_not_ai_ranked,2026-08-30T13:28:01+00:00
149,Kraft Heinz,kraft heinz,,other,documented,0.84,1,1,1,0,58.0,69.8,67.0,deterministic_triage_not_ai_ranked,2026-08-30T13:28:01+00:00
124,Krave,krave,,other,documented,0.84,1,1,1,0,58.0,69.8,67.0,deterministic_triage_not_ai_ranked,2026-08-30T13:28:01+00:00
834,Kris Jagers,kris jagers,,other,documented,0.84,1,1,1,0,58.0,69.8,67.0,deterministic_triage_not_ai_ranked,2026-08-30T13:28:01+00:00
742,Kuroko's Basketball,kuroko s basketball,,other,documented,0.84,1,1,1,0,58.0,69.8,67.0,deterministic_triage_not_ai_ranked,2026-08-30T13:28:01+00:00
452,L'OCCITANE,l occitane,,other,documented,0.84,1,1,1,0,58.0,69.8,67.0,deterministic_triage_not_ai_ranked,2026-08-30T13:28:01+00:00
398,LEVC,levc,,other,documented,0.84,1,1,1,0,58.0,69.8,67.0,deterministic_triage_not_ai_ranked,2026-08-30T13:28:01+00:00
915,LIEBHERR,liebherr,,other,documented,0.84,1,1,1,0,58.0,69.8,67.0,deterministic_triage_not_ai_ranked,2026-08-30T13:28:01+00:00
743,Laid-Back Camp,laid back camp,,other,documented,0.84,1,1,1,0,58.0,69.8,67.0,deterministic_triage_not_ai_ranked,2026-08-30T13:28:01+00:00
657,Laika Films,laika films,,other,documented,0.84,1,1,1,0,58.0,69.8,67.0,deterministic_triage_not_ai_ranked,2026-08-30T13:28:01+00:00
520,Lamaze International,lamaze international,,other,documented,0.84,1,1,1,0,58.0,69.8,67.0,deterministic_triage_not_ai_ranked,2026-08-30T13:28:01+00:00
1131,Lamborghini Oleodinamica,lamborghini oleodinamica,,other,documented,0.84,1,1,1,0,58.0,69.8,67.0,deterministic_triage_not_ai_ranked,2026-08-30T13:28:01+00:00
400,Lambretta and Shelby,lambretta and shelby,,other,documented,0.84,1,1,1,0,58.0,69.8,67.0,deterministic_triage_not_ai_ranked,2026-08-30T13:28:01+00:00
877,Lancel,lancel,,other,documented,0.84,1,1,1,0,58.0,69.8,67.0,deterministic_triage_not_ai_ranked,2026-08-30T13:28:01+00:00
1106,Lands'end,lands end,,other,documented,0.84,1,1,1,0,58.0,69.8,67.0,deterministic_triage_not_ai_ranked,2026-08-30T13:28:01+00:00
455,Larbee,larbee,,other,documented,0.84,1,1,1,0,58.0,69.8,67.0,deterministic_triage_not_ai_ranked,2026-08-30T13:28:01+00:00
835,Larry Hersberger,larry hersberger,,other,documented,0.84,1,1,1,0,58.0,69.8,67.0,deterministic_triage_not_ai_ranked,2026-08-30T13:28:01+00:00
836,Larry McFerrin,larry mcferrin,,other,documented,0.84,1,1,1,0,58.0,69.8,67.0,deterministic_triage_not_ai_ranked,2026-08-30T13:28:01+00:00
865,Lauren Roberts Powerless,lauren roberts powerless,,other,documented,0.84,1,1,1,0,58.0,69.8,67.0,deterministic_triage_not_ai_ranked,2026-08-30T13:28:01+00:00
453,Lawson,lawson,,other,documented,0.84,1,1,1,0,58.0,69.8,67.0,deterministic_triage_not_ai_ranked,2026-08-30T13:28:01+00:00
706,Le Petit Prince,le petit prince,,other,documented,0.84,1,1,1,0,58.0,69.8,67.0,deterministic_triage_not_ai_ranked,2026-08-30T13:28:01+00:00
454,Lecoq sportif,lecoq sportif,,other,documented,0.84,1,1,1,0,58.0,69.8,67.0,deterministic_triage_not_ai_ranked,2026-08-30T13:28:01+00:00
33,Lele Sadoughi,lele sadoughi,,other,documented,0.84,1,1,1,0,58.0,69.8,67.0,deterministic_triage_not_ai_ranked,2026-08-30T13:28:01+00:00
86,Lenor,lenor,,other,documented,0.84,1,1,1,0,58.0,69.8,67.0,deterministic_triage_not_ai_ranked,2026-08-30T13:28:01+00:00
837,Lindsay Kivi,lindsay kivi,,other,documented,0.84,1,1,1,0,58.0,69.8,67.0,deterministic_triage_not_ai_ranked,2026-08-30T13:28:01+00:00
456,Linlee,linlee,,other,documented,0.84,1,1,1,0,58.0,69.8,67.0,deterministic_triage_not_ai_ranked,2026-08-30T13:28:01+00:00
557,Lionsgate,lionsgate,,other,documented,0.84,1,1,1,0,58.0,69.8,67.0,deterministic_triage_not_ai_ranked,2026-08-30T13:28:01+00:00
378,Liquid Death,liquid death,,other,documented,0.84,1,1,1,0,58.0,69.8,67.0,deterministic_triage_not_ai_ranked,2026-08-30T13:28:01+00:00
997,Listerine,listerine,,other,documented,0.84,1,1,1,0,58.0,69.8,67.0,deterministic_triage_not_ai_ranked,2026-08-30T13:28:01+00:00
267,Little Words Project,little words project,,other,documented,0.84,1,1,1,0,58.0,69.8,67.0,deterministic_triage_not_ai_ranked,2026-08-30T13:28:01+00:00
599,Los Angeles Police Department,los angeles police department,,other,documented,0.84,1,1,1,0,58.0,69.8,67.0,deterministic_triage_not_ai_ranked,2026-08-30T13:28:01+00:00
308,Loteria,loteria,,other,documented,0.84,1,1,1,0,58.0,69.8,67.0,deterministic_triage_not_ai_ranked,2026-08-30T13:28:01+00:00
393,Lotus,lotus,,other,documented,0.84,1,1,1,0,58.0,69.8,67.0,deterministic_triage_not_ai_ranked,2026-08-30T13:28:01+00:00
838,Louise Carey,louise carey,,other,documented,0.84,1,1,1,0,58.0,69.8,67.0,deterministic_triage_not_ai_ranked,2026-08-30T13:28:01+00:00
839,Lovitude,lovitude,,other,documented,0.84,1,1,1,0,58.0,69.8,67.0,deterministic_triage_not_ai_ranked,2026-08-30T13:28:01+00:00
558,Loyd Grossman,loyd grossman,,other,documented,0.84,1,1,1,0,58.0,69.8,67.0,deterministic_triage_not_ai_ranked,2026-08-30T13:28:01+00:00
457,Luckin,luckin,,other,documented,0.84,1,1,1,0,58.0,69.8,67.0,deterministic_triage_not_ai_ranked,2026-08-30T13:28:01+00:00
840,Luis Fitch,luis fitch,,other,documented,0.84,1,1,1,0,58.0,69.8,67.0,deterministic_triage_not_ai_ranked,2026-08-30T13:28:01+00:00
715,Lychee and Friends,lychee and friends,,other,documented,0.84,1,1,1,0,58.0,69.8,67.0,deterministic_triage_not_ai_ranked,2026-08-30T13:28:01+00:00
872,Lyle & Scott,lyle and scott,,other,documented,0.84,1,1,1,0,58.0,69.8,67.0,deterministic_triage_not_ai_ranked,2026-08-30T13:28:01+00:00
1128,MBS,mbs,,other,documented,0.84,1,1,1,0,58.0,69.8,67.0,deterministic_triage_not_ai_ranked,2026-08-30T13:28:01+00:00
698,MGA,mga,,other,documented,0.84,1,1,1,0,58.0,69.8,67.0,deterministic_triage_not_ai_ranked,2026-08-30T13:28:01+00:00
1015,MLB,mlb,,other,documented,0.84,1,1,1,0,58.0,69.8,67.0,deterministic_triage_not_ai_ranked,2026-08-30T13:28:01+00:00
342,MVN Entertainment,mvn entertainment,,other,documented,0.84,1,1,1,0,58.0,69.8,67.0,deterministic_triage_not_ai_ranked,2026-08-30T13:28:01+00:00
101,Mac Tools,mac tools,,other,documented,0.84,1,1,1,0,58.0,69.8,67.0,deterministic_triage_not_ai_ranked,2026-08-30T13:28:01+00:00
986,Mack Truck and Empire State Building,mack truck and empire state building,,other,documented,0.84,1,1,1,0,58.0,69.8,67.0,deterministic_triage_not_ai_ranked,2026-08-30T13:28:01+00:00
570,Madballs,madballs,,other,documented,0.84,1,1,1,0,58.0,69.8,67.0,deterministic_triage_not_ai_ranked,2026-08-30T13:28:01+00:00
773,Magic Light Pictures,magic light pictures,,other,documented,0.84,1,1,1,0,58.0,69.8,67.0,deterministic_triage_not_ai_ranked,2026-08-30T13:28:01+00:00
66,Magna-Tiles,magna tiles,,other,documented,0.84,1,1,1,0,58.0,69.8,67.0,deterministic_triage_not_ai_ranked,2026-08-30T13:28:01+00:00
32,Malaysia Airports,malaysia airports,,other,documented,0.84,1,1,1,0,58.0,69.8,67.0,deterministic_triage_not_ai_ranked,2026-08-30T13:28:01+00:00
290,Mangouste,mangouste,,other,documented,0.84,1,1,1,0,58.0,69.8,67.0,deterministic_triage_not_ai_ranked,2026-08-30T13:28:01+00:00
774,Manhead Merch,manhead merch,,other,documented,0.84,1,1,1,0,58.0,69.8,67.0,deterministic_triage_not_ai_ranked,2026-08-30T13:28:01+00:00
1056,Mark Zunino,mark zunino,,other,documented,0.84,1,1,1,0,58.0,69.8,67.0,deterministic_triage_not_ai_ranked,2026-08-30T13:28:01+00:00
909,Marni and Santoni,marni and santoni,,other,documented,0.84,1,1,1,0,58.0,69.8,67.0,deterministic_triage_not_ai_ranked,2026-08-30T13:28:01+00:00
786,Mars,mars,,other,documented,0.84,1,1,1,0,58.0,69.8,67.0,deterministic_triage_not_ai_ranked,2026-08-30T13:28:01+00:00
147,Mars Wrigley,mars wrigley,,other,documented,0.84,1,1,1,0,58.0,69.8,67.0,deterministic_triage_not_ai_ranked,2026-08-30T13:28:01+00:00
132,Martha Stewart,martha stewart,,other,documented,0.84,1,1,1,0,58.0,69.8,67.0,deterministic_triage_not_ai_ranked,2026-08-30T13:28:01+00:00
1054,Mary Elizabeth Marvin,mary elizabeth marvin,,other,documented,0.84,1,1,1,0,58.0,69.8,67.0,deterministic_triage_not_ai_ranked,2026-08-30T13:28:01+00:00
1143,Master Lock,master lock,,other,documented,0.84,1,1,1,0,58.0,69.8,67.0,deterministic_triage_not_ai_ranked,2026-08-30T13:28:01+00:00
1100,Master P,master p,,other,documented,0.84,1,1,1,0,58.0,69.8,67.0,deterministic_triage_not_ai_ranked,2026-08-30T13:28:01+00:00
1050,Mat Sanders,mat sanders,,other,documented,0.84,1,1,1,0,58.0,69.8,67.0,deterministic_triage_not_ai_ranked,2026-08-30T13:28:01+00:00
195,Match Attax,match attax,,other,documented,0.84,1,1,1,0,58.0,69.8,67.0,deterministic_triage_not_ai_ranked,2026-08-30T13:28:01+00:00
458,Maxim's cakes,maxim s cakes,,other,documented,0.84,1,1,1,0,58.0,69.8,67.0,deterministic_triage_not_ai_ranked,2026-08-30T13:28:01+00:00
228,McLaren,mclaren,,other,documented,0.84,1,1,1,0,58.0,69.8,67.0,deterministic_triage_not_ai_ranked,2026-08-30T13:28:01+00:00
19,Mcdull and B-ROBO KABUTACK,mcdull and b robo kabutack,,other,documented,0.84,1,1,1,0,58.0,69.8,67.0,deterministic_triage_not_ai_ranked,2026-08-30T13:28:01+00:00
1000,MeadJohnson,meadjohnson,,other,documented,0.84,1,1,1,0,58.0,69.8,67.0,deterministic_triage_not_ai_ranked,2026-08-30T13:28:01+00:00
282,Mediawan,mediawan,,other,documented,0.84,1,1,1,0,58.0,69.8,67.0,deterministic_triage_not_ai_ranked,2026-08-30T13:28:01+00:00
464,Meitu,meitu,,other,documented,0.84,1,1,1,0,58.0,69.8,67.0,deterministic_triage_not_ai_ranked,2026-08-30T13:28:01+00:00
465,Meituan,meituan,,other,documented,0.84,1,1,1,0,58.0,69.8,67.0,deterministic_triage_not_ai_ranked,2026-08-30T13:28:01+00:00
668,Mentos,mentos,,other,documented,0.84,1,1,1,0,58.0,69.8,67.0,deterministic_triage_not_ai_ranked,2026-08-30T13:28:01+00:00
789,Menz,menz,,other,documented,0.84,1,1,1,0,58.0,69.8,67.0,deterministic_triage_not_ai_ranked,2026-08-30T13:28:01+00:00
390,Mercedes,mercedes,,other,documented,0.84,1,1,1,0,58.0,69.8,67.0,deterministic_triage_not_ai_ranked,2026-08-30T13:28:01+00:00
910,Mercedes-Benz,mercedes benz,,other,documented,0.84,1,1,1,0,58.0,69.8,67.0,deterministic_triage_not_ai_ranked,2026-08-30T13:28:01+00:00
957,Mercis,mercis,,other,documented,0.84,1,1,1,0,58.0,69.8,67.0,deterministic_triage_not_ai_ranked,2026-08-30T13:28:01+00:00
1141,Mercis BV,mercis bv,,other,documented,0.84,1,1,1,0,58.0,69.8,67.0,deterministic_triage_not_ai_ranked,2026-08-30T13:28:01+00:00
571,Metro-Goldwyn-Mayer,metro goldwyn mayer,,other,documented,0.84,1,1,1,0,58.0,69.8,67.0,deterministic_triage_not_ai_ranked,2026-08-30T13:28:01+00:00
617,Metropolitan Transportation Authority,metropolitan transportation authority,,other,documented,0.84,1,1,1,0,58.0,69.8,67.0,deterministic_triage_not_ai_ranked,2026-08-30T13:28:01+00:00
615,Michael Jackson Estate,michael jackson estate,,other,documented,0.84,1,1,1,0,58.0,69.8,67.0,deterministic_triage_not_ai_ranked,2026-08-30T13:28:01+00:00
903,Michael Kors,michael kors,,other,documented,0.84,1,1,1,0,58.0,69.8,67.0,deterministic_triage_not_ai_ranked,2026-08-30T13:28:01+00:00
1055,Michael McHale,michael mchale,,other,documented,0.84,1,1,1,0,58.0,69.8,67.0,deterministic_triage_not_ai_ranked,2026-08-30T13:28:01+00:00
775,Microsoft,microsoft,,other,documented,0.84,1,1,1,0,58.0,69.8,67.0,deterministic_triage_not_ai_ranked,2026-08-30T13:28:01+00:00
460,Midea,midea,,other,documented,0.84,1,1,1,0,58.0,69.8,67.0,deterministic_triage_not_ai_ranked,2026-08-30T13:28:01+00:00
461,Mideer,mideer,,other,documented,0.84,1,1,1,0,58.0,69.8,67.0,deterministic_triage_not_ai_ranked,2026-08-30T13:28:01+00:00
990,Milkana,milkana,,other,documented,0.84,1,1,1,0,58.0,69.8,67.0,deterministic_triage_not_ai_ranked,2026-08-30T13:28:01+00:00
462,Milkground,milkground,,other,documented,0.84,1,1,1,0,58.0,69.8,67.0,deterministic_triage_not_ai_ranked,2026-08-30T13:28:01+00:00
229,Minecraft,minecraft,,other,documented,0.84,1,1,1,0,58.0,69.8,67.0,deterministic_triage_not_ai_ranked,2026-08-30T13:28:01+00:00
925,Minecraft (Retail),minecraft retail,,other,documented,0.84,1,1,1,0,58.0,69.8,67.0,deterministic_triage_not_ai_ranked,2026-08-30T13:28:01+00:00
612,Ministry of Defence,ministry of defence,,other,documented,0.84,1,1,1,0,58.0,69.8,67.0,deterministic_triage_not_ai_ranked,2026-08-30T13:28:01+00:00
388,Misfits,misfits,,other,documented,0.84,1,1,1,0,58.0,69.8,67.0,deterministic_triage_not_ai_ranked,2026-08-30T13:28:01+00:00
727,Mobile Suit Gundam,mobile suit gundam,,other,documented,0.84,1,1,1,0,58.0,69.8,67.0,deterministic_triage_not_ai_ranked,2026-08-30T13:28:01+00:00
726,Mobile Suit Gundam Seed,mobile suit gundam seed,,other,documented,0.84,1,1,1,0,58.0,69.8,67.0,deterministic_triage_not_ai_ranked,2026-08-30T13:28:01+00:00
725,Mobile Suit Gundam UC,mobile suit gundam uc,,other,documented,0.84,1,1,1,0,58.0,69.8,67.0,deterministic_triage_not_ai_ranked,2026-08-30T13:28:01+00:00
466,Mokingran,mokingran,,other,documented,0.84,1,1,1,0,58.0,69.8,67.0,deterministic_triage_not_ai_ranked,2026-08-30T13:28:01+00:00
277,Molang,molang,,other,documented,0.84,1,1,1,0,58.0,69.8,67.0,deterministic_triage_not_ai_ranked,2026-08-30T13:28:01+00:00
35,Moleskine,moleskine,,other,documented,0.84,1,1,1,0,58.0,69.8,67.0,deterministic_triage_not_ai_ranked,2026-08-30T13:28:01+00:00
154,Molson Coors,molson coors,,other,documented,0.84,1,1,1,0,58.0,69.8,67.0,deterministic_triage_not_ai_ranked,2026-08-30T13:28:01+00:00
231,Mondelez,mondelez,,other,documented,0.84,1,1,1,0,58.0,69.8,67.0,deterministic_triage_not_ai_ranked,2026-08-30T13:28:01+00:00
73,Monster Jam,monster jam,,other,documented,0.84,1,1,1,0,58.0,69.8,67.0,deterministic_triage_not_ai_ranked,2026-08-30T13:28:01+00:00
1135,Monte Carlo Gourmet and Riviera Lifestyle,monte carlo gourmet and riviera lifestyle,,other,documented,0.84,1,1,1,0,58.0,69.8,67.0,deterministic_triage_not_ai_ranked,2026-08-30T13:28:01+00:00
284,Moody,moody,,other,documented,0.84,1,1,1,0,58.0,69.8,67.0,deterministic_triage_not_ai_ranked,2026-08-30T13:28:01+00:00
944,Moomin Characters,moomin characters,,other,documented,0.84,1,1,1,0,58.0,69.8,67.0,deterministic_triage_not_ai_ranked,2026-08-30T13:28:01+00:00
672,MoonPie,moonpie,,other,documented,0.84,1,1,1,0,58.0,69.8,67.0,deterministic_triage_not_ai_ranked,2026-08-30T13:28:01+00:00
926,Moonbug (Retail),moonbug retail,,other,documented,0.84,1,1,1,0,58.0,69.8,67.0,deterministic_triage_not_ai_ranked,2026-08-30T13:28:01+00:00
650,Moose,moose,,other,documented,0.84,1,1,1,0,58.0,69.8,67.0,deterministic_triage_not_ai_ranked,2026-08-30T13:28:01+00:00
61,MorningStar Farms,morningstar farms,,other,documented,0.84,1,1,1,0,58.0,69.8,67.0,deterministic_triage_not_ai_ranked,2026-08-30T13:28:01+00:00
900,Moschino,moschino,,other,documented,0.84,1,1,1,0,58.0,69.8,67.0,deterministic_triage_not_ai_ranked,2026-08-30T13:28:01+00:00
374,Motörhead,motorhead,,other,documented,0.84,1,1,1,0,58.0,69.8,67.0,deterministic_triage_not_ai_ranked,2026-08-30T13:28:01+00:00
792,Moulin Rouge,moulin rouge,,other,documented,0.84,1,1,1,0,58.0,69.8,67.0,deterministic_triage_not_ai_ranked,2026-08-30T13:28:01+00:00
717,Mr Men and Little Miss,mr men and little miss,,other,documented,0.84,1,1,1,0,58.0,69.8,67.0,deterministic_triage_not_ai_ranked,2026-08-30T13:28:01+00:00
87,Mr. Clean,mr clean,,other,documented,0.84,1,1,1,0,58.0,69.8,67.0,deterministic_triage_not_ai_ranked,2026-08-30T13:28:01+00:00
232,Ms. Rachel,ms rachel,,other,documented,0.84,1,1,1,0,58.0,69.8,67.0,deterministic_triage_not_ai_ranked,2026-08-30T13:28:01+00:00
878,Mulberry,mulberry,,other,documented,0.84,1,1,1,0,58.0,69.8,67.0,deterministic_triage_not_ai_ranked,2026-08-30T13:28:01+00:00
268,Mush,mush,,other,documented,0.84,1,1,1,0,58.0,69.8,67.0,deterministic_triage_not_ai_ranked,2026-08-30T13:28:01+00:00
744,My Hero Academia,my hero academia,,other,documented,0.84,1,1,1,0,58.0,69.8,67.0,deterministic_triage_not_ai_ranked,2026-08-30T13:28:01+00:00
463,Mylafe,mylafe,,other,documented,0.84,1,1,1,0,58.0,69.8,67.0,deterministic_triage_not_ai_ranked,2026-08-30T13:28:01+00:00
373,Mötley Crüe,motley crue,,other,documented,0.84,1,1,1,0,58.0,69.8,67.0,deterministic_triage_not_ai_ranked,2026-08-30T13:28:01+00:00
980,NBC (“American Ninja Warrior”),nbc american ninja warrior,,other,documented,0.84,1,1,1,0,58.0,69.8,67.0,deterministic_triage_not_ai_ranked,2026-08-30T13:28:01+00:00
1113,NBC Universal,nbc universal,,other,documented,0.84,1,1,1,0,58.0,69.8,67.0,deterministic_triage_not_ai_ranked,2026-08-30T13:28:01+00:00
573,NBCUniversal,nbcuniversal,,other,documented,0.84,1,1,1,0,58.0,69.8,67.0,deterministic_triage_not_ai_ranked,2026-08-30T13:28:01+00:00
534,NFL International,nfl international,,other,documented,0.84,1,1,1,0,58.0,69.8,67.0,deterministic_triage_not_ai_ranked,2026-08-30T13:28:01+00:00
1040,NHK Japan,nhk japan,,other,documented,0.84,1,1,1,0,58.0,69.8,67.0,deterministic_triage_not_ai_ranked,2026-08-30T13:28:01+00:00
1124,NTV,ntv,,other,documented,0.84,1,1,1,0,58.0,69.8,67.0,deterministic_triage_not_ai_ranked,2026-08-30T13:28:01+00:00
723,Nailoong,nailoong,,other,documented,0.84,1,1,1,0,58.0,69.8,67.0,deterministic_triage_not_ai_ranked,2026-08-30T13:28:01+00:00
467,Naixue,naixue,,other,documented,0.84,1,1,1,0,58.0,69.8,67.0,deterministic_triage_not_ai_ranked,2026-08-30T13:28:01+00:00
1020,Nautica,nautica,,other,documented,0.84,1,1,1,0,58.0,69.8,67.0,deterministic_triage_not_ai_ranked,2026-08-30T13:28:01+00:00
866,Navessa Allen - Into Darkness,navessa allen into darkness,,other,documented,0.84,1,1,1,0,58.0,69.8,67.0,deterministic_triage_not_ai_ranked,2026-08-30T13:28:01+00:00
666,Necco,necco,,other,documented,0.84,1,1,1,0,58.0,69.8,67.0,deterministic_triage_not_ai_ranked,2026-08-30T13:28:01+00:00
312,Neopets,neopets,,other,documented,0.84,1,1,1,0,58.0,69.8,67.0,deterministic_triage_not_ai_ranked,2026-08-30T13:28:01+00:00
468,Nest Designs,nest designs,,other,documented,0.84,1,1,1,0,58.0,69.8,67.0,deterministic_triage_not_ai_ranked,2026-08-30T13:28:01+00:00
469,Nestle,nestle,,other,documented,0.84,1,1,1,0,58.0,69.8,67.0,deterministic_triage_not_ai_ranked,2026-08-30T13:28:01+00:00
927,Netflix (Retail),netflix retail,,other,documented,0.84,1,1,1,0,58.0,69.8,67.0,deterministic_triage_not_ai_ranked,2026-08-30T13:28:01+00:00
1103,New Balance,new balance,,other,documented,0.84,1,1,1,0,58.0,69.8,67.0,deterministic_triage_not_ai_ranked,2026-08-30T13:28:01+00:00
375,Niall Horan,niall horan,,other,documented,0.84,1,1,1,0,58.0,69.8,67.0,deterministic_triage_not_ai_ranked,2026-08-30T13:28:01+00:00
913,Nilu,nilu,,other,documented,0.84,1,1,1,0,58.0,69.8,67.0,deterministic_triage_not_ai_ranked,2026-08-30T13:28:01+00:00
842,Nina Blue,nina blue,,other,documented,0.84,1,1,1,0,58.0,69.8,67.0,deterministic_triage_not_ai_ranked,2026-08-30T13:28:01+00:00
920,Nintendo,nintendo,,other,documented,0.84,1,1,1,0,58.0,69.8,67.0,deterministic_triage_not_ai_ranked,2026-08-30T13:28:01+00:00
159,"Nissan (GTR, Z, NISMO, Datsun)",nissan gtr z nismo datsun,,other,documented,0.84,1,1,1,0,58.0,69.8,67.0,deterministic_triage_not_ai_ranked,2026-08-30T13:28:01+00:00
995,Nivea,nivea,,other,documented,0.84,1,1,1,0,58.0,69.8,67.0,deterministic_triage_not_ai_ranked,2026-08-30T13:28:01+00:00
618,Norman Rockwell Family Agency,norman rockwell family agency,,other,documented,0.84,1,1,1,0,58.0,69.8,67.0,deterministic_triage_not_ai_ranked,2026-08-30T13:28:01+00:00
843,Northern Promotions,northern promotions,,other,documented,0.84,1,1,1,0,58.0,69.8,67.0,deterministic_triage_not_ai_ranked,2026-08-30T13:28:01+00:00
860,Nugget and Crafthub,nugget and crafthub,,other,documented,0.84,1,1,1,0,58.0,69.8,67.0,deterministic_triage_not_ai_ranked,2026-08-30T13:28:01+00:00
1039,Nuggetverse,nuggetverse,,other,documented,0.84,1,1,1,0,58.0,69.8,67.0,deterministic_triage_not_ai_ranked,2026-08-30T13:28:01+00:00
470,Nutrilon,nutrilon,,other,documented,0.84,1,1,1,0,58.0,69.8,67.0,deterministic_triage_not_ai_ranked,2026-08-30T13:28:01+00:00
365,OIKOS,oikos,,other,documented,0.84,1,1,1,0,58.0,69.8,67.0,deterministic_triage_not_ai_ranked,2026-08-30T13:28:01+00:00
269,OLIPOP,olipop,,other,documented,0.84,1,1,1,0,58.0,69.8,67.0,deterministic_triage_not_ai_ranked,2026-08-30T13:28:01+00:00
989,OTC Happy Valley,otc happy valley,,other,documented,0.84,1,1,1,0,58.0,69.8,67.0,deterministic_triage_not_ai_ranked,2026-08-30T13:28:01+00:00
756,OVERLORD,overlord,,other,documented,0.84,1,1,1,0,58.0,69.8,67.0,deterministic_triage_not_ai_ranked,2026-08-30T13:28:01+00:00
186,OWS Foods,ows foods,,other,documented,0.84,1,1,1,0,58.0,69.8,67.0,deterministic_triage_not_ai_ranked,2026-08-30T13:28:01+00:00
371,Oasis,oasis,,other,documented,0.84,1,1,1,0,58.0,69.8,67.0,deterministic_triage_not_ai_ranked,2026-08-30T13:28:01+00:00
683,Odwalla,odwalla,,other,documented,0.84,1,1,1,0,58.0,69.8,67.0,deterministic_triage_not_ai_ranked,2026-08-30T13:28:01+00:00
885,Off,off,,other,documented,0.84,1,1,1,0,58.0,69.8,67.0,deterministic_triage_not_ai_ranked,2026-08-30T13:28:01+00:00
722,Ohigenopon,ohigenopon,,other,documented,0.84,1,1,1,0,58.0,69.8,67.0,deterministic_triage_not_ai_ranked,2026-08-30T13:28:01+00:00
172,Old Farmer’s Almanac,old farmers almanac,,other,documented,0.84,1,1,1,0,58.0,69.8,67.0,deterministic_triage_not_ai_ranked,2026-08-30T13:28:01+00:00
366,Omaha Steaks,omaha steaks,,other,documented,0.84,1,1,1,0,58.0,69.8,67.0,deterministic_triage_not_ai_ranked,2026-08-30T13:28:01+00:00
234,One Championship,one championship,,other,documented,0.84,1,1,1,0,58.0,69.8,67.0,deterministic_triage_not_ai_ranked,2026-08-30T13:28:01+00:00
471,Only,only,,other,documented,0.84,1,1,1,0,58.0,69.8,67.0,deterministic_triage_not_ai_ranked,2026-08-30T13:28:01+00:00
258,Operation Hat Trick and hundreds of K-12 schools and state athletic associations,operation hat trick and hundreds of k 12 schools and state athletic associations,,other,documented,0.84,1,1,1,0,58.0,69.8,67.0,deterministic_triage_not_ai_ranked,2026-08-30T13:28:01+00:00
88,Oral B,oral b,,other,documented,0.84,1,1,1,0,58.0,69.8,67.0,deterministic_triage_not_ai_ranked,2026-08-30T13:28:01+00:00
1041,Orange Comet,orange comet,,other,documented,0.84,1,1,1,0,58.0,69.8,67.0,deterministic_triage_not_ai_ranked,2026-08-30T13:28:01+00:00
1133,Original Stormtrooper,original stormtrooper,,other,documented,0.84,1,1,1,0,58.0,69.8,67.0,deterministic_triage_not_ai_ranked,2026-08-30T13:28:01+00:00
472,Orion,orion,,other,documented,0.84,1,1,1,0,58.0,69.8,67.0,deterministic_triage_not_ai_ranked,2026-08-30T13:28:01+00:00
734,Oshi No Ko,oshi no ko,,other,documented,0.84,1,1,1,0,58.0,69.8,67.0,deterministic_triage_not_ai_ranked,2026-08-30T13:28:01+00:00
190,Otter Pops and Pure Kick,otter pops and pure kick,,other,documented,0.84,1,1,1,0,58.0,69.8,67.0,deterministic_triage_not_ai_ranked,2026-08-30T13:28:01+00:00
1064,Overtime Sports,overtime sports,,other,documented,0.84,1,1,1,0,58.0,69.8,67.0,deterministic_triage_not_ai_ranked,2026-08-30T13:28:01+00:00
75,P&G: Ariel,p and g ariel,,other,documented,0.84,1,1,1,0,58.0,69.8,67.0,deterministic_triage_not_ai_ranked,2026-08-30T13:28:01+00:00
844,PDR Studios,pdr studios,,other,documented,0.84,1,1,1,0,58.0,69.8,67.0,deterministic_triage_not_ai_ranked,2026-08-30T13:28:01+00:00
662,PEZ,pez,,other,documented,0.84,1,1,1,0,58.0,69.8,67.0,deterministic_triage_not_ai_ranked,2026-08-30T13:28:01+00:00
1137,PLAYMOBIL,playmobil,,other,documented,0.84,1,1,1,0,58.0,69.8,67.0,deterministic_triage_not_ai_ranked,2026-08-30T13:28:01+00:00
344,PMI,pmi,,other,documented,0.84,1,1,1,0,58.0,69.8,67.0,deterministic_triage_not_ai_ranked,2026-08-30T13:28:01+00:00
236,PacSun,pacsun,,other,documented,0.84,1,1,1,0,58.0,69.8,67.0,deterministic_triage_not_ai_ranked,2026-08-30T13:28:01+00:00
394,Pagani,pagani,,other,documented,0.84,1,1,1,0,58.0,69.8,67.0,deterministic_triage_not_ai_ranked,2026-08-30T13:28:01+00:00
270,Palace,palace,,other,documented,0.84,1,1,1,0,58.0,69.8,67.0,deterministic_triage_not_ai_ranked,2026-08-30T13:28:01+00:00
473,Palladium,palladium,,other,documented,0.84,1,1,1,0,58.0,69.8,67.0,deterministic_triage_not_ai_ranked,2026-08-30T13:28:01+00:00
882,Palm Angels,palm angels,,other,documented,0.84,1,1,1,0,58.0,69.8,67.0,deterministic_triage_not_ai_ranked,2026-08-30T13:28:01+00:00
89,Pampers,pampers,,other,documented,0.84,1,1,1,0,58.0,69.8,67.0,deterministic_triage_not_ai_ranked,2026-08-30T13:28:01+00:00
238,Paramount Pictures,paramount pictures,,other,documented,0.84,1,1,1,0,58.0,69.8,67.0,deterministic_triage_not_ai_ranked,2026-08-30T13:28:01+00:00
922,Paul Frank and Galinha Pintadinha,paul frank and galinha pintadinha,,other,documented,0.84,1,1,1,0,58.0,69.8,67.0,deterministic_triage_not_ai_ranked,2026-08-30T13:28:01+00:00
475,Paw in Paw,paw in paw,,other,documented,0.84,1,1,1,0,58.0,69.8,67.0,deterministic_triage_not_ai_ranked,2026-08-30T13:28:01+00:00
175,Peace Frogs and Rubes Cartoons,peace frogs and rubes cartoons,,other,documented,0.84,1,1,1,0,58.0,69.8,67.0,deterministic_triage_not_ai_ranked,2026-08-30T13:28:01+00:00
474,Peacebird,peacebird,,other,documented,0.84,1,1,1,0,58.0,69.8,67.0,deterministic_triage_not_ai_ranked,2026-08-30T13:28:01+00:00
1136,Peanuts Worldwide,peanuts worldwide,,other,documented,0.84,1,1,1,0,58.0,69.8,67.0,deterministic_triage_not_ai_ranked,2026-08-30T13:28:01+00:00
92,Pennzoil,pennzoil,,other,documented,0.84,1,1,1,0,58.0,69.8,67.0,deterministic_triage_not_ai_ranked,2026-08-30T13:28:01+00:00
984,Perfetti Van Melle's AirHeads,perfetti van melle s airheads,,other,documented,0.84,1,1,1,0,58.0,69.8,67.0,deterministic_triage_not_ai_ranked,2026-08-30T13:28:01+00:00
970,Perio (Barbasol),perio barbasol,,other,documented,0.84,1,1,1,0,58.0,69.8,67.0,deterministic_triage_not_ai_ranked,2026-08-30T13:28:01+00:00
946,Peyo,peyo,,other,documented,0.84,1,1,1,0,58.0,69.8,67.0,deterministic_triage_not_ai_ranked,2026-08-30T13:28:01+00:00
343,Phenom Elite,phenom elite,,other,documented,0.84,1,1,1,0,58.0,69.8,67.0,deterministic_triage_not_ai_ranked,2026-08-30T13:28:01+00:00
679,Philips,philips,,other,documented,0.84,1,1,1,0,58.0,69.8,67.0,deterministic_triage_not_ai_ranked,2026-08-30T13:28:01+00:00
155,Phillips66,phillips66,,other,documented,0.84,1,1,1,0,58.0,69.8,67.0,deterministic_triage_not_ai_ranked,2026-08-30T13:28:01+00:00
51,Pimm’s,pimms,,other,documented,0.84,1,1,1,0,58.0,69.8,67.0,deterministic_triage_not_ai_ranked,2026-08-30T13:28:01+00:00
200,Pinch of Nom,pinch of nom,,other,documented,0.84,1,1,1,0,58.0,69.8,67.0,deterministic_triage_not_ai_ranked,2026-08-30T13:28:01+00:00
873,Pinko,pinko,,other,documented,0.84,1,1,1,0,58.0,69.8,67.0,deterministic_triage_not_ai_ranked,2026-08-30T13:28:01+00:00
1094,Pipeline,pipeline,,other,documented,0.84,1,1,1,0,58.0,69.8,67.0,deterministic_triage_not_ai_ranked,2026-08-30T13:28:01+00:00
991,Pizza Hut,pizza hut,,other,documented,0.84,1,1,1,0,58.0,69.8,67.0,deterministic_triage_not_ai_ranked,2026-08-30T13:28:01+00:00
239,Playboy,playboy,,other,documented,0.84,1,1,1,0,58.0,69.8,67.0,deterministic_triage_not_ai_ranked,2026-08-30T13:28:01+00:00
511,Pokémon,pokemon,,other,documented,0.84,1,1,1,0,58.0,69.8,67.0,deterministic_triage_not_ai_ranked,2026-08-30T13:28:01+00:00
62,Pop-Tarts,pop tarts,,other,documented,0.84,1,1,1,0,58.0,69.8,67.0,deterministic_triage_not_ai_ranked,2026-08-30T13:28:01+00:00
988,Popmart,popmart,,other,documented,0.84,1,1,1,0,58.0,69.8,67.0,deterministic_triage_not_ai_ranked,2026-08-30T13:28:01+00:00
966,Popsicle,popsicle,,other,documented,0.84,1,1,1,0,58.0,69.8,67.0,deterministic_triage_not_ai_ranked,2026-08-30T13:28:01+00:00
102,Porter Cable,porter cable,,other,documented,0.84,1,1,1,0,58.0,69.8,67.0,deterministic_triage_not_ai_ranked,2026-08-30T13:28:01+00:00
640,Post Holdings,post holdings,,other,documented,0.84,1,1,1,0,58.0,69.8,67.0,deterministic_triage_not_ai_ranked,2026-08-30T13:28:01+00:00
313,Pressman Films: “The Crow,pressman films the crow,,other,documented,0.84,1,1,1,0,58.0,69.8,67.0,deterministic_triage_not_ai_ranked,2026-08-30T13:28:01+00:00
297,Primo Hunting,primo hunting,,other,documented,0.84,1,1,1,0,58.0,69.8,67.0,deterministic_triage_not_ai_ranked,2026-08-30T13:28:01+00:00
531,Professional Bull Riders,professional bull riders,,other,documented,0.84,1,1,1,0,58.0,69.8,67.0,deterministic_triage_not_ai_ranked,2026-08-30T13:28:01+00:00
136,PsychoBunny,psychobunny,,other,documented,0.84,1,1,1,0,58.0,69.8,67.0,deterministic_triage_not_ai_ranked,2026-08-30T13:28:01+00:00
93,Quaker State,quaker state,,other,documented,0.84,1,1,1,0,58.0,69.8,67.0,deterministic_triage_not_ai_ranked,2026-08-30T13:28:01+00:00
724,Quby,quby,,other,documented,0.84,1,1,1,0,58.0,69.8,67.0,deterministic_triage_not_ai_ranked,2026-08-30T13:28:01+00:00
911,RUF,ruf,,other,documented,0.84,1,1,1,0,58.0,69.8,67.0,deterministic_triage_not_ai_ranked,2026-08-30T13:28:01+00:00
94,Rabbids,rabbids,,other,documented,0.84,1,1,1,0,58.0,69.8,67.0,deterministic_triage_not_ai_ranked,2026-08-30T13:28:01+00:00
1110,Rachel Zoe,rachel zoe,,other,documented,0.84,1,1,1,0,58.0,69.8,67.0,deterministic_triage_not_ai_ranked,2026-08-30T13:28:01+00:00
125,Raisin Bran,raisin bran,,other,documented,0.84,1,1,1,0,58.0,69.8,67.0,deterministic_triage_not_ai_ranked,2026-08-30T13:28:01+00:00
1019,Ralph Lauren,ralph lauren,,other,documented,0.84,1,1,1,0,58.0,69.8,67.0,deterministic_triage_not_ai_ranked,2026-08-30T13:28:01+00:00
72,Rare,rare,,other,documented,0.84,1,1,1,0,58.0,69.8,67.0,deterministic_triage_not_ai_ranked,2026-08-30T13:28:01+00:00
95,Rayman,rayman,,other,documented,0.84,1,1,1,0,58.0,69.8,67.0,deterministic_triage_not_ai_ranked,2026-08-30T13:28:01+00:00
139,Rebecca Minkoff,rebecca minkoff,,other,documented,0.84,1,1,1,0,58.0,69.8,67.0,deterministic_triage_not_ai_ranked,2026-08-30T13:28:01+00:00
1118,Red Robin Gourmet Burgers,red robin gourmet burgers,,other,documented,0.84,1,1,1,0,58.0,69.8,67.0,deterministic_triage_not_ai_ranked,2026-08-30T13:28:01+00:00
1013,Reebok,reebok,,other,documented,0.84,1,1,1,0,58.0,69.8,67.0,deterministic_triage_not_ai_ranked,2026-08-30T13:28:01+00:00
1045,Relatable and Taurus,relatable and taurus,,other,documented,0.84,1,1,1,0,58.0,69.8,67.0,deterministic_triage_not_ai_ranked,2026-08-30T13:28:01+00:00
539,Replay,replay,,other,documented,0.84,1,1,1,0,58.0,69.8,67.0,deterministic_triage_not_ai_ranked,2026-08-30T13:28:01+00:00
296,Revelyst Brands: Simms Fishing,revelyst brands simms fishing,,other,documented,0.84,1,1,1,0,58.0,69.8,67.0,deterministic_triage_not_ai_ranked,2026-08-30T13:28:01+00:00
131,Revlon and Tropicana Group,revlon and tropicana group,,other,documented,0.84,1,1,1,0,58.0,69.8,67.0,deterministic_triage_not_ai_ranked,2026-08-30T13:28:01+00:00
182,Rich Products,rich products,,other,documented,0.84,1,1,1,0,58.0,69.8,67.0,deterministic_triage_not_ai_ranked,2026-08-30T13:28:01+00:00
476,Rio,rio,,other,documented,0.84,1,1,1,0,58.0,69.8,67.0,deterministic_triage_not_ai_ranked,2026-08-30T13:28:01+00:00
242,Riot Games,riot games,,other,documented,0.84,1,1,1,0,58.0,69.8,67.0,deterministic_triage_not_ai_ranked,2026-08-30T13:28:01+00:00
793,Rip Curl International and Cath Kidston,rip curl international and cath kidston,,other,documented,0.84,1,1,1,0,58.0,69.8,67.0,deterministic_triage_not_ai_ranked,2026-08-30T13:28:01+00:00
96,Ritz Paris,ritz paris,,other,documented,0.84,1,1,1,0,58.0,69.8,67.0,deterministic_triage_not_ai_ranked,2026-08-30T13:28:01+00:00
387,Rob Zombie,rob zombie,,other,documented,0.84,1,1,1,0,58.0,69.8,67.0,deterministic_triage_not_ai_ranked,2026-08-30T13:28:01+00:00
718,Robocar Poli,robocar poli,,other,documented,0.84,1,1,1,0,58.0,69.8,67.0,deterministic_triage_not_ai_ranked,2026-08-30T13:28:01+00:00
18,Rollin's Wild,rollin s wild,,other,documented,0.84,1,1,1,0,58.0,69.8,67.0,deterministic_triage_not_ai_ranked,2026-08-30T13:28:01+00:00
1134,Romano’s Macaroni Grill,romanos macaroni grill,,other,documented,0.84,1,1,1,0,58.0,69.8,67.0,deterministic_triage_not_ai_ranked,2026-08-30T13:28:01+00:00
141,Roots and TaylorMade,roots and taylormade,,other,documented,0.84,1,1,1,0,58.0,69.8,67.0,deterministic_triage_not_ai_ranked,2026-08-30T13:28:01+00:00
845,Russ Duerksen,russ duerksen,,other,documented,0.84,1,1,1,0,58.0,69.8,67.0,deterministic_triage_not_ai_ranked,2026-08-30T13:28:01+00:00
1014,Russell,russell,,other,documented,0.84,1,1,1,0,58.0,69.8,67.0,deterministic_triage_not_ai_ranked,2026-08-30T13:28:01+00:00
974,Rust-Oleum,rust oleum,,other,documented,0.84,1,1,1,0,58.0,69.8,67.0,deterministic_triage_not_ai_ranked,2026-08-30T13:28:01+00:00
1085,S'Well,s well,,other,documented,0.84,1,1,1,0,58.0,69.8,67.0,deterministic_triage_not_ai_ranked,2026-08-30T13:28:01+00:00
477,SANFU,sanfu,,other,documented,0.84,1,1,1,0,58.0,69.8,67.0,deterministic_triage_not_ai_ranked,2026-08-30T13:28:01+00:00
518,SC Johnson,sc johnson,,other,documented,0.84,1,1,1,0,58.0,69.8,67.0,deterministic_triage_not_ai_ranked,2026-08-30T13:28:01+00:00
484,SOGO Department,sogo department,,other,documented,0.84,1,1,1,0,58.0,69.8,67.0,deterministic_triage_not_ai_ranked,2026-08-30T13:28:01+00:00
486,STAYREAL,stayreal,,other,documented,0.84,1,1,1,0,58.0,69.8,67.0,deterministic_triage_not_ai_ranked,2026-08-30T13:28:01+00:00
17,Sakamoto Days,sakamoto days,,other,documented,0.84,1,1,1,0,58.0,69.8,67.0,deterministic_triage_not_ai_ranked,2026-08-30T13:28:01+00:00
846,Sally Barlow,sally barlow,,other,documented,0.84,1,1,1,0,58.0,69.8,67.0,deterministic_triage_not_ai_ranked,2026-08-30T13:28:01+00:00
15,San-X,san x,,other,documented,0.84,1,1,1,0,58.0,69.8,67.0,deterministic_triage_not_ai_ranked,2026-08-30T13:28:01+00:00
1129,SanX and others,sanx and others,,other,documented,0.84,1,1,1,0,58.0,69.8,67.0,deterministic_triage_not_ai_ranked,2026-08-30T13:28:01+00:00
628,Sanderson,sanderson,,other,documented,0.84,1,1,1,0,58.0,69.8,67.0,deterministic_triage_not_ai_ranked,2026-08-30T13:28:01+00:00
478,Sanli,sanli,,other,documented,0.84,1,1,1,0,58.0,69.8,67.0,deterministic_triage_not_ai_ranked,2026-08-30T13:28:01+00:00
1079,Savile Row,savile row,,other,documented,0.84,1,1,1,0,58.0,69.8,67.0,deterministic_triage_not_ai_ranked,2026-08-30T13:28:01+00:00
166,"Sazerac (Buffalo Trace, Fireball, Southern Comfort)",sazerac buffalo trace fireball southern comfort,,other,documented,0.84,1,1,1,0,58.0,69.8,67.0,deterministic_triage_not_ai_ranked,2026-08-30T13:28:01+00:00
395,Scania,scania,,other,documented,0.84,1,1,1,0,58.0,69.8,67.0,deterministic_triage_not_ai_ranked,2026-08-30T13:28:01+00:00
958,Scholastic and The Lumistella Company,scholastic and the lumistella company,,other,documented,0.84,1,1,1,0,58.0,69.8,67.0,deterministic_triage_not_ai_ranked,2026-08-30T13:28:01+00:00
847,Scot Storm,scot storm,,other,documented,0.84,1,1,1,0,58.0,69.8,67.0,deterministic_triage_not_ai_ranked,2026-08-30T13:28:01+00:00
1031,Scottgames,scottgames,,other,documented,0.84,1,1,1,0,58.0,69.8,67.0,deterministic_triage_not_ai_ranked,2026-08-30T13:28:01+00:00
610,Scout Motors,scout motors,,other,documented,0.84,1,1,1,0,58.0,69.8,67.0,deterministic_triage_not_ai_ranked,2026-08-30T13:28:01+00:00
71,Sea of Thieves,sea of thieves,,other,documented,0.84,1,1,1,0,58.0,69.8,67.0,deterministic_triage_not_ai_ranked,2026-08-30T13:28:01+00:00
184,SeaPak,seapak,,other,documented,0.84,1,1,1,0,58.0,69.8,67.0,deterministic_triage_not_ai_ranked,2026-08-30T13:28:01+00:00
293,Seaseme Workshop,seaseme workshop,,other,documented,0.84,1,1,1,0,58.0,69.8,67.0,deterministic_triage_not_ai_ranked,2026-08-30T13:28:01+00:00
928,Sega (Retail - U.K.),sega retail u k,,other,documented,0.84,1,1,1,0,58.0,69.8,67.0,deterministic_triage_not_ai_ranked,2026-08-30T13:28:01+00:00
273,Sega of America,sega of america,,other,documented,0.84,1,1,1,0,58.0,69.8,67.0,deterministic_triage_not_ai_ranked,2026-08-30T13:28:01+00:00
479,Sembo Block,sembo block,,other,documented,0.84,1,1,1,0,58.0,69.8,67.0,deterministic_triage_not_ai_ranked,2026-08-30T13:28:01+00:00
480,Semir,semir,,other,documented,0.84,1,1,1,0,58.0,69.8,67.0,deterministic_triage_not_ai_ranked,2026-08-30T13:28:01+00:00
278,Semk Ent. (B-Duck),semk ent b duck,,other,documented,0.84,1,1,1,0,58.0,69.8,67.0,deterministic_triage_not_ai_ranked,2026-08-30T13:28:01+00:00
305,Senna Brands: Ayrton Senna,senna brands ayrton senna,,other,documented,0.84,1,1,1,0,58.0,69.8,67.0,deterministic_triage_not_ai_ranked,2026-08-30T13:28:01+00:00
306,Senna Driven,senna driven,,other,documented,0.84,1,1,1,0,58.0,69.8,67.0,deterministic_triage_not_ai_ranked,2026-08-30T13:28:01+00:00
707,Sesame Street Mecha Builders,sesame street mecha builders,,other,documented,0.84,1,1,1,0,58.0,69.8,67.0,deterministic_triage_not_ai_ranked,2026-08-30T13:28:01+00:00
1051,Shayla Copas,shayla copas,,other,documented,0.84,1,1,1,0,58.0,69.8,67.0,deterministic_triage_not_ai_ranked,2026-08-30T13:28:01+00:00
719,Shewsheep,shewsheep,,other,documented,0.84,1,1,1,0,58.0,69.8,67.0,deterministic_triage_not_ai_ranked,2026-08-30T13:28:01+00:00
481,Shiseido,shiseido,,other,documented,0.84,1,1,1,0,58.0,69.8,67.0,deterministic_triage_not_ai_ranked,2026-08-30T13:28:01+00:00
1123,ShoPro,shopro,,other,documented,0.84,1,1,1,0,58.0,69.8,67.0,deterministic_triage_not_ai_ranked,2026-08-30T13:28:01+00:00
1125,Shueisha,shueisha,,other,documented,0.84,1,1,1,0,58.0,69.8,67.0,deterministic_triage_not_ai_ranked,2026-08-30T13:28:01+00:00
861,Simon & Schuster,simon and schuster,,other,documented,0.84,1,1,1,0,58.0,69.8,67.0,deterministic_triage_not_ai_ranked,2026-08-30T13:28:01+00:00
889,Sister Jane,sister jane,,other,documented,0.84,1,1,1,0,58.0,69.8,67.0,deterministic_triage_not_ai_ranked,2026-08-30T13:28:01+00:00
376,Skibidi Toilet,skibidi toilet,,other,documented,0.84,1,1,1,0,58.0,69.8,67.0,deterministic_triage_not_ai_ranked,2026-08-30T13:28:01+00:00
385,Slayer,slayer,,other,documented,0.84,1,1,1,0,58.0,69.8,67.0,deterministic_triage_not_ai_ranked,2026-08-30T13:28:01+00:00
382,Sleep Token,sleep token,,other,documented,0.84,1,1,1,0,58.0,69.8,67.0,deterministic_triage_not_ai_ranked,2026-08-30T13:28:01+00:00
938,Slumberkins,slumberkins,,other,documented,0.84,1,1,1,0,58.0,69.8,67.0,deterministic_triage_not_ai_ranked,2026-08-30T13:28:01+00:00
670,Smarties,smarties,,other,documented,0.84,1,1,1,0,58.0,69.8,67.0,deterministic_triage_not_ai_ranked,2026-08-30T13:28:01+00:00
52,Smirnoff,smirnoff,,other,documented,0.84,1,1,1,0,58.0,69.8,67.0,deterministic_triage_not_ai_ranked,2026-08-30T13:28:01+00:00
311,Smoko,smoko,,other,documented,0.84,1,1,1,0,58.0,69.8,67.0,deterministic_triage_not_ai_ranked,2026-08-30T13:28:01+00:00
245,Smurfs,smurfs,,other,documented,0.84,1,1,1,0,58.0,69.8,67.0,deterministic_triage_not_ai_ranked,2026-08-30T13:28:01+00:00
943,SnapBrands and TY,snapbrands and ty,,other,documented,0.84,1,1,1,0,58.0,69.8,67.0,deterministic_triage_not_ai_ranked,2026-08-30T13:28:01+00:00
483,Soap Studio,soap studio,,other,documented,0.84,1,1,1,0,58.0,69.8,67.0,deterministic_triage_not_ai_ranked,2026-08-30T13:28:01+00:00
867,Soccerpets,soccerpets,,other,documented,0.84,1,1,1,0,58.0,69.8,67.0,deterministic_triage_not_ai_ranked,2026-08-30T13:28:01+00:00
746,Solo Leveling,solo leveling,,other,documented,0.84,1,1,1,0,58.0,69.8,67.0,deterministic_triage_not_ai_ranked,2026-08-30T13:28:01+00:00
689,Somela,somela,,other,documented,0.84,1,1,1,0,58.0,69.8,67.0,deterministic_triage_not_ai_ranked,2026-08-30T13:28:01+00:00
646,Sony,sony,,other,documented,0.84,1,1,1,0,58.0,69.8,67.0,deterministic_triage_not_ai_ranked,2026-08-30T13:28:01+00:00
929,Sony (Retail),sony retail,,other,documented,0.84,1,1,1,0,58.0,69.8,67.0,deterministic_triage_not_ai_ranked,2026-08-30T13:28:01+00:00
777,Sony TV,sony tv,,other,documented,0.84,1,1,1,0,58.0,69.8,67.0,deterministic_triage_not_ai_ranked,2026-08-30T13:28:01+00:00
126,Special K and Yvonne Ellen,special k and yvonne ellen,,other,documented,0.84,1,1,1,0,58.0,69.8,67.0,deterministic_triage_not_ai_ranked,2026-08-30T13:28:01+00:00
883,Sporty & Rich,sporty and rich,,other,documented,0.84,1,1,1,0,58.0,69.8,67.0,deterministic_triage_not_ai_ranked,2026-08-30T13:28:01+00:00
1036,Squanch Games,squanch games,,other,documented,0.84,1,1,1,0,58.0,69.8,67.0,deterministic_triage_not_ai_ranked,2026-08-30T13:28:01+00:00
1029,Squishmallows,squishmallows,,other,documented,0.84,1,1,1,0,58.0,69.8,67.0,deterministic_triage_not_ai_ranked,2026-08-30T13:28:01+00:00
916,St. Moritz,st moritz,,other,documented,0.84,1,1,1,0,58.0,69.8,67.0,deterministic_triage_not_ai_ranked,2026-08-30T13:28:01+00:00
103,Stanley,stanley,,other,documented,0.84,1,1,1,0,58.0,69.8,67.0,deterministic_triage_not_ai_ranked,2026-08-30T13:28:01+00:00
950,Star Stable and The Carl & Karin Larsson Estate,star stable and the carl and karin larsson estate,,other,documented,0.84,1,1,1,0,58.0,69.8,67.0,deterministic_triage_not_ai_ranked,2026-08-30T13:28:01+00:00
709,Star Trek,star trek,,other,documented,0.84,1,1,1,0,58.0,69.8,67.0,deterministic_triage_not_ai_ranked,2026-08-30T13:28:01+00:00
485,Starbucks,starbucks,,other,documented,0.84,1,1,1,0,58.0,69.8,67.0,deterministic_triage_not_ai_ranked,2026-08-30T13:28:01+00:00
1119,Steak-umm,steak umm,,other,documented,0.84,1,1,1,0,58.0,69.8,67.0,deterministic_triage_not_ai_ranked,2026-08-30T13:28:01+00:00
886,Stefanel,stefanel,,other,documented,0.84,1,1,1,0,58.0,69.8,67.0,deterministic_triage_not_ai_ranked,2026-08-30T13:28:01+00:00
848,Stephanie Ryan,stephanie ryan,,other,documented,0.84,1,1,1,0,58.0,69.8,67.0,deterministic_triage_not_ai_ranked,2026-08-30T13:28:01+00:00
1108,Steve Madden,steve madden,,other,documented,0.84,1,1,1,0,58.0,69.8,67.0,deterministic_triage_not_ai_ranked,2026-08-30T13:28:01+00:00
918,Strenesse,strenesse,,other,documented,0.84,1,1,1,0,58.0,69.8,67.0,deterministic_triage_not_ai_ranked,2026-08-30T13:28:01+00:00
248,Stumble Guys,stumble guys,,other,documented,0.84,1,1,1,0,58.0,69.8,67.0,deterministic_triage_not_ai_ranked,2026-08-30T13:28:01+00:00
1093,Sunkist,sunkist,,other,documented,0.84,1,1,1,0,58.0,69.8,67.0,deterministic_triage_not_ai_ranked,2026-08-30T13:28:01+00:00
720,Sunlemon,sunlemon,,other,documented,0.84,1,1,1,0,58.0,69.8,67.0,deterministic_triage_not_ai_ranked,2026-08-30T13:28:01+00:00
487,Sunrana,sunrana,,other,documented,0.84,1,1,1,0,58.0,69.8,67.0,deterministic_triage_not_ai_ranked,2026-08-30T13:28:01+00:00
488,Supafresh,supafresh,,other,documented,0.84,1,1,1,0,58.0,69.8,67.0,deterministic_triage_not_ai_ranked,2026-08-30T13:28:01+00:00
489,Super Player,super player,,other,documented,0.84,1,1,1,0,58.0,69.8,67.0,deterministic_triage_not_ai_ranked,2026-08-30T13:28:01+00:00
283,SuperProd,superprod,,other,documented,0.84,1,1,1,0,58.0,69.8,67.0,deterministic_triage_not_ai_ranked,2026-08-30T13:28:01+00:00
1138,Supercell,supercell,,other,documented,0.84,1,1,1,0,58.0,69.8,67.0,deterministic_triage_not_ai_ranked,2026-08-30T13:28:01+00:00
133,Sur La Table,sur la table,,other,documented,0.84,1,1,1,0,58.0,69.8,67.0,deterministic_triage_not_ai_ranked,2026-08-30T13:28:01+00:00
942,Surprise Drinks,surprise drinks,,other,documented,0.84,1,1,1,0,58.0,69.8,67.0,deterministic_triage_not_ai_ranked,2026-08-30T13:28:01+00:00
664,Sweethearts,sweethearts,,other,documented,0.84,1,1,1,0,58.0,69.8,67.0,deterministic_triage_not_ai_ranked,2026-08-30T13:28:01+00:00
490,Synear,synear,,other,documented,0.84,1,1,1,0,58.0,69.8,67.0,deterministic_triage_not_ai_ranked,2026-08-30T13:28:01+00:00
491,TATA,tata,,other,documented,0.84,1,1,1,0,58.0,69.8,67.0,deterministic_triage_not_ai_ranked,2026-08-30T13:28:01+00:00
1120,TELEFUNKEN,telefunken,,other,documented,0.84,1,1,1,0,58.0,69.8,67.0,deterministic_triage_not_ai_ranked,2026-08-30T13:28:01+00:00
106,TGI Fridays,tgi fridays,,other,documented,0.84,1,1,1,0,58.0,69.8,67.0,deterministic_triage_not_ai_ranked,2026-08-30T13:28:01+00:00
493,TOI,toi,,other,documented,0.84,1,1,1,0,58.0,69.8,67.0,deterministic_triage_not_ai_ranked,2026-08-30T13:28:01+00:00
1122,TV Tokyo,tv tokyo,,other,documented,0.84,1,1,1,0,58.0,69.8,67.0,deterministic_triage_not_ai_ranked,2026-08-30T13:28:01+00:00
386,Take That,take that,,other,documented,0.84,1,1,1,0,58.0,69.8,67.0,deterministic_triage_not_ai_ranked,2026-08-30T13:28:01+00:00
759,Takopi's original sin,takopi s original sin,,other,documented,0.84,1,1,1,0,58.0,69.8,67.0,deterministic_triage_not_ai_ranked,2026-08-30T13:28:01+00:00
641,Talking Rain,talking rain,,other,documented,0.84,1,1,1,0,58.0,69.8,67.0,deterministic_triage_not_ai_ranked,2026-08-30T13:28:01+00:00
892,Tally Weijl,tally weijl,,other,documented,0.84,1,1,1,0,58.0,69.8,67.0,deterministic_triage_not_ai_ranked,2026-08-30T13:28:01+00:00
191,Tamagotchi,tamagotchi,,other,documented,0.84,1,1,1,0,58.0,69.8,67.0,deterministic_triage_not_ai_ranked,2026-08-30T13:28:01+00:00
1049,Taniya Nayak,taniya nayak,,other,documented,0.84,1,1,1,0,58.0,69.8,67.0,deterministic_triage_not_ai_ranked,2026-08-30T13:28:01+00:00
150,Tapatio Hot Sauce,tapatio hot sauce,,other,documented,0.84,1,1,1,0,58.0,69.8,67.0,deterministic_triage_not_ai_ranked,2026-08-30T13:28:01+00:00
849,Tara Moss,tara moss,,other,documented,0.84,1,1,1,0,58.0,69.8,67.0,deterministic_triage_not_ai_ranked,2026-08-30T13:28:01+00:00
730,Tears of Themis,tears of themis,,other,documented,0.84,1,1,1,0,58.0,69.8,67.0,deterministic_triage_not_ai_ranked,2026-08-30T13:28:01+00:00
609,Tempur Sealy,tempur sealy,,other,documented,0.84,1,1,1,0,58.0,69.8,67.0,deterministic_triage_not_ai_ranked,2026-08-30T13:28:01+00:00
1011,Tencent and NetEase,tencent and netease,,other,documented,0.84,1,1,1,0,58.0,69.8,67.0,deterministic_triage_not_ai_ranked,2026-08-30T13:28:01+00:00
850,Terrence Fogarty,terrence fogarty,,other,documented,0.84,1,1,1,0,58.0,69.8,67.0,deterministic_triage_not_ai_ranked,2026-08-30T13:28:01+00:00
851,Terry Doughty,terry doughty,,other,documented,0.84,1,1,1,0,58.0,69.8,67.0,deterministic_triage_not_ai_ranked,2026-08-30T13:28:01+00:00
1009,Tesco Thailand,tesco thailand,,other,documented,0.84,1,1,1,0,58.0,69.8,67.0,deterministic_triage_not_ai_ranked,2026-08-30T13:28:01+00:00
201,That's not my,that s not my,,other,documented,0.84,1,1,1,0,58.0,69.8,67.0,deterministic_triage_not_ai_ranked,2026-08-30T13:28:01+00:00
945,The Astrid Lindgren Company,the astrid lindgren company,,other,documented,0.84,1,1,1,0,58.0,69.8,67.0,deterministic_triage_not_ai_ranked,2026-08-30T13:28:01+00:00
217,The Cheesecake Factory,the cheesecake factory,,other,documented,0.84,1,1,1,0,58.0,69.8,67.0,deterministic_triage_not_ai_ranked,2026-08-30T13:28:01+00:00
788,The Cheesecake Shop,the cheesecake shop,,other,documented,0.84,1,1,1,0,58.0,69.8,67.0,deterministic_triage_not_ai_ranked,2026-08-30T13:28:01+00:00
294,The Jim Henson Company,the jim henson company,,other,documented,0.84,1,1,1,0,58.0,69.8,67.0,deterministic_triage_not_ai_ranked,2026-08-30T13:28:01+00:00
713,The Little Prince and Friends,the little prince and friends,,other,documented,0.84,1,1,1,0,58.0,69.8,67.0,deterministic_triage_not_ai_ranked,2026-08-30T13:28:01+00:00
778,The Lumistella Company,the lumistella company,,other,documented,0.84,1,1,1,0,58.0,69.8,67.0,deterministic_triage_not_ai_ranked,2026-08-30T13:28:01+00:00
791,The Magnum Ice Cream Company,the magnum ice cream company,,other,documented,0.84,1,1,1,0,58.0,69.8,67.0,deterministic_triage_not_ai_ranked,2026-08-30T13:28:01+00:00
962,The Magnum Ice Cream Company (formerly part of Unilever) and their brands,the magnum ice cream company formerly part of unilever and their brands,,other,documented,0.84,1,1,1,0,58.0,69.8,67.0,deterministic_triage_not_ai_ranked,2026-08-30T13:28:01+00:00
1057,The New York Post,the new york post,,other,documented,0.84,1,1,1,0,58.0,69.8,67.0,deterministic_triage_not_ai_ranked,2026-08-30T13:28:01+00:00
779,The Northcott Society/Cerebral Palsy Alliance,the northcott society cerebral palsy alliance,,other,documented,0.84,1,1,1,0,58.0,69.8,67.0,deterministic_triage_not_ai_ranked,2026-08-30T13:28:01+00:00
70,The Outer Worlds,the outer worlds,,other,documented,0.84,1,1,1,0,58.0,69.8,67.0,deterministic_triage_not_ai_ranked,2026-08-30T13:28:01+00:00
1121,The Paleo Diet and Tree Top Juice,the paleo diet and tree top juice,,other,documented,0.84,1,1,1,0,58.0,69.8,67.0,deterministic_triage_not_ai_ranked,2026-08-30T13:28:01+00:00
536,The RA,the ra,,other,documented,0.84,1,1,1,0,58.0,69.8,67.0,deterministic_triage_not_ai_ranked,2026-08-30T13:28:01+00:00
513,The Wiggles,the wiggles,,other,documented,0.84,1,1,1,0,58.0,69.8,67.0,deterministic_triage_not_ai_ranked,2026-08-30T13:28:01+00:00
794,Thomas Kinkade,thomas kinkade,,other,documented,0.84,1,1,1,0,58.0,69.8,67.0,deterministic_triage_not_ai_ranked,2026-08-30T13:28:01+00:00
869,Thomas Paul,thomas paul,,other,documented,0.84,1,1,1,0,58.0,69.8,67.0,deterministic_triage_not_ai_ranked,2026-08-30T13:28:01+00:00
881,Thomas Pink,thomas pink,,other,documented,0.84,1,1,1,0,58.0,69.8,67.0,deterministic_triage_not_ai_ranked,2026-08-30T13:28:01+00:00
660,Thunderbird Entertainment and Millimages,thunderbird entertainment and millimages,,other,documented,0.84,1,1,1,0,58.0,69.8,67.0,deterministic_triage_not_ai_ranked,2026-08-30T13:28:01+00:00
90,Tide,tide,,other,documented,0.84,1,1,1,0,58.0,69.8,67.0,deterministic_triage_not_ai_ranked,2026-08-30T13:28:01+00:00
492,Tim Hortons,tim hortons,,other,documented,0.84,1,1,1,0,58.0,69.8,67.0,deterministic_triage_not_ai_ranked,2026-08-30T13:28:01+00:00
852,Tina Higgins,tina higgins,,other,documented,0.84,1,1,1,0,58.0,69.8,67.0,deterministic_triage_not_ai_ranked,2026-08-30T13:28:01+00:00
648,Toei,toei,,other,documented,0.84,1,1,1,0,58.0,69.8,67.0,deterministic_triage_not_ai_ranked,2026-08-30T13:28:01+00:00
780,Toho,toho,,other,documented,0.84,1,1,1,0,58.0,69.8,67.0,deterministic_triage_not_ai_ranked,2026-08-30T13:28:01+00:00
187,Tony Roma's,tony roma s,,other,documented,0.84,1,1,1,0,58.0,69.8,67.0,deterministic_triage_not_ai_ranked,2026-08-30T13:28:01+00:00
206,Totally Spies and Bullseye,totally spies and bullseye,,other,documented,0.84,1,1,1,0,58.0,69.8,67.0,deterministic_triage_not_ai_ranked,2026-08-30T13:28:01+00:00
494,Trendy Sound,trendy sound,,other,documented,0.84,1,1,1,0,58.0,69.8,67.0,deterministic_triage_not_ai_ranked,2026-08-30T13:28:01+00:00
104,Troy-Built,troy built,,other,documented,0.84,1,1,1,0,58.0,69.8,67.0,deterministic_triage_not_ai_ranked,2026-08-30T13:28:01+00:00
637,Turnowsky and Ceci New York Portfolio of Artists,turnowsky and ceci new york portfolio of artists,,other,documented,0.84,1,1,1,0,58.0,69.8,67.0,deterministic_triage_not_ai_ranked,2026-08-30T13:28:01+00:00
177,U.S. National Soccer Team Players' Association,u s national soccer team players association,,other,documented,0.84,1,1,1,0,58.0,69.8,67.0,deterministic_triage_not_ai_ranked,2026-08-30T13:28:01+00:00
346,UCC and Woobles,ucc and woobles,,other,documented,0.84,1,1,1,0,58.0,69.8,67.0,deterministic_triage_not_ai_ranked,2026-08-30T13:28:01+00:00
757,UMAMUSUME Pretty Derby,umamusume pretty derby,,other,documented,0.84,1,1,1,0,58.0,69.8,67.0,deterministic_triage_not_ai_ranked,2026-08-30T13:28:01+00:00
34,UOOYYA,uooyya,,other,documented,0.84,1,1,1,0,58.0,69.8,67.0,deterministic_triage_not_ai_ranked,2026-08-30T13:28:01+00:00
979,UPS,ups,,other,documented,0.84,1,1,1,0,58.0,69.8,67.0,deterministic_triage_not_ai_ranked,2026-08-30T13:28:01+00:00
853,UTurn Studios,uturn studios,,other,documented,0.84,1,1,1,0,58.0,69.8,67.0,deterministic_triage_not_ai_ranked,2026-08-30T13:28:01+00:00
495,Ulike,ulike,,other,documented,0.84,1,1,1,0,58.0,69.8,67.0,deterministic_triage_not_ai_ranked,2026-08-30T13:28:01+00:00
532,Ultimate Fighting Championship,ultimate fighting championship,,other,documented,0.84,1,1,1,0,58.0,69.8,67.0,deterministic_triage_not_ai_ranked,2026-08-30T13:28:01+00:00
649,Un Mundo Feliz,un mundo feliz,,other,documented,0.84,1,1,1,0,58.0,69.8,67.0,deterministic_triage_not_ai_ranked,2026-08-30T13:28:01+00:00
959,Unilever including their brands Dove,unilever including their brands dove,,other,documented,0.84,1,1,1,0,58.0,69.8,67.0,deterministic_triage_not_ai_ranked,2026-08-30T13:28:01+00:00
369,United States Postal Service,united states postal service,,other,documented,0.84,1,1,1,0,58.0,69.8,67.0,deterministic_triage_not_ai_ranked,2026-08-30T13:28:01+00:00
176,Upper Deck,upper deck,,other,documented,0.84,1,1,1,0,58.0,69.8,67.0,deterministic_triage_not_ai_ranked,2026-08-30T13:28:01+00:00
714,Usagyuuun,usagyuuun,,other,documented,0.84,1,1,1,0,58.0,69.8,67.0,deterministic_triage_not_ai_ranked,2026-08-30T13:28:01+00:00
499,V City,v city,,other,documented,0.84,1,1,1,0,58.0,69.8,67.0,deterministic_triage_not_ai_ranked,2026-08-30T13:28:01+00:00
498,V Walk,v walk,,other,documented,0.84,1,1,1,0,58.0,69.8,67.0,deterministic_triage_not_ai_ranked,2026-08-30T13:28:01+00:00
500,V-care,v care,,other,documented,0.84,1,1,1,0,58.0,69.8,67.0,deterministic_triage_not_ai_ranked,2026-08-30T13:28:01+00:00
111,VW E-Games,vw e games,,other,documented,0.84,1,1,1,0,58.0,69.8,67.0,deterministic_triage_not_ai_ranked,2026-08-30T13:28:01+00:00
621,Vail Resorts and Collegiate Licensing Company,vail resorts and collegiate licensing company,,other,documented,0.84,1,1,1,0,58.0,69.8,67.0,deterministic_triage_not_ai_ranked,2026-08-30T13:28:01+00:00
854,Val Warner,val warner,,other,documented,0.84,1,1,1,0,58.0,69.8,67.0,deterministic_triage_not_ai_ranked,2026-08-30T13:28:01+00:00
855,Valerie Wieners,valerie wieners,,other,documented,0.84,1,1,1,0,58.0,69.8,67.0,deterministic_triage_not_ai_ranked,2026-08-30T13:28:01+00:00
1048,Vanessa Deleon,vanessa deleon,,other,documented,0.84,1,1,1,0,58.0,69.8,67.0,deterministic_triage_not_ai_ranked,2026-08-30T13:28:01+00:00
496,Veet,veet,,other,documented,0.84,1,1,1,0,58.0,69.8,67.0,deterministic_triage_not_ai_ranked,2026-08-30T13:28:01+00:00
370,Vespa and Volkswagen,vespa and volkswagen,,other,documented,0.84,1,1,1,0,58.0,69.8,67.0,deterministic_triage_not_ai_ranked,2026-08-30T13:28:01+00:00
91,Vicks,vicks,,other,documented,0.84,1,1,1,0,58.0,69.8,67.0,deterministic_triage_not_ai_ranked,2026-08-30T13:28:01+00:00
856,Victoria Schultz and Yvonne Coleman Burney,victoria schultz and yvonne coleman burney,,other,documented,0.84,1,1,1,0,58.0,69.8,67.0,deterministic_triage_not_ai_ranked,2026-08-30T13:28:01+00:00
1024,Vigoss,vigoss,,other,documented,0.84,1,1,1,0,58.0,69.8,67.0,deterministic_triage_not_ai_ranked,2026-08-30T13:28:01+00:00
996,Vinda,vinda,,other,documented,0.84,1,1,1,0,58.0,69.8,67.0,deterministic_triage_not_ai_ranked,2026-08-30T13:28:01+00:00
548,Vivastudio Corp,vivastudio corp,,other,documented,0.84,1,1,1,0,58.0,69.8,67.0,deterministic_triage_not_ai_ranked,2026-08-30T13:28:01+00:00
895,Vivienne Westwood,vivienne westwood,,other,documented,0.84,1,1,1,0,58.0,69.8,67.0,deterministic_triage_not_ai_ranked,2026-08-30T13:28:01+00:00
939,Voltron,voltron,,other,documented,0.84,1,1,1,0,58.0,69.8,67.0,deterministic_triage_not_ai_ranked,2026-08-30T13:28:01+00:00
110,Volvo,volvo,,other,documented,0.84,1,1,1,0,58.0,69.8,67.0,deterministic_triage_not_ai_ranked,2026-08-30T13:28:01+00:00
880,Von Dutch,von dutch,,other,documented,0.84,1,1,1,0,58.0,69.8,67.0,deterministic_triage_not_ai_ranked,2026-08-30T13:28:01+00:00
663,WARHEADS,warheads,,other,documented,0.84,1,1,1,0,58.0,69.8,67.0,deterministic_triage_not_ai_ranked,2026-08-30T13:28:01+00:00
863,WGBH,wgbh,,other,documented,0.84,1,1,1,0,58.0,69.8,67.0,deterministic_triage_not_ai_ranked,2026-08-30T13:28:01+00:00
113,WK Kellogg Co: All-Bran,wk kellogg co all bran,,other,documented,0.84,1,1,1,0,58.0,69.8,67.0,deterministic_triage_not_ai_ranked,2026-08-30T13:28:01+00:00
782,WMX,wmx,,other,documented,0.84,1,1,1,0,58.0,69.8,67.0,deterministic_triage_not_ai_ranked,2026-08-30T13:28:01+00:00
144,Wagner Spraytech,wagner spraytech,,other,documented,0.84,1,1,1,0,58.0,69.8,67.0,deterministic_triage_not_ai_ranked,2026-08-30T13:28:01+00:00
1126,Warner Bros Japan,warner bros japan,,other,documented,0.84,1,1,1,0,58.0,69.8,67.0,deterministic_triage_not_ai_ranked,2026-08-30T13:28:01+00:00
1114,Warner Brothers,warner brothers,,other,documented,0.84,1,1,1,0,58.0,69.8,67.0,deterministic_triage_not_ai_ranked,2026-08-30T13:28:01+00:00
940,Warrior Cats (Coolabi),warrior cats coolabi,,other,documented,0.84,1,1,1,0,58.0,69.8,67.0,deterministic_triage_not_ai_ranked,2026-08-30T13:28:01+00:00
565,Wayne Gretzky,wayne gretzky,,other,documented,0.84,1,1,1,0,58.0,69.8,67.0,deterministic_triage_not_ai_ranked,2026-08-30T13:28:01+00:00
685,Weatherbeater,weatherbeater,,other,documented,0.84,1,1,1,0,58.0,69.8,67.0,deterministic_triage_not_ai_ranked,2026-08-30T13:28:01+00:00
112,Weight Watchers,weight watchers,,other,documented,0.84,1,1,1,0,58.0,69.8,67.0,deterministic_triage_not_ai_ranked,2026-08-30T13:28:01+00:00
675,WeightWatchers (North America),weightwatchers north america,,other,documented,0.84,1,1,1,0,58.0,69.8,67.0,deterministic_triage_not_ai_ranked,2026-08-30T13:28:01+00:00
170,Wham-O,wham o,,other,documented,0.84,1,1,1,0,58.0,69.8,67.0,deterministic_triage_not_ai_ranked,2026-08-30T13:28:01+00:00
884,White Stuff,white stuff,,other,documented,0.84,1,1,1,0,58.0,69.8,67.0,deterministic_triage_not_ai_ranked,2026-08-30T13:28:01+00:00
781,WildBrain,wildbrain,,other,documented,0.84,1,1,1,0,58.0,69.8,67.0,deterministic_triage_not_ai_ranked,2026-08-30T13:28:01+00:00
651,Wildbrain and Jazwares,wildbrain and jazwares,,other,documented,0.84,1,1,1,0,58.0,69.8,67.0,deterministic_triage_not_ai_ranked,2026-08-30T13:28:01+00:00
1104,Wilson,wilson,,other,documented,0.84,1,1,1,0,58.0,69.8,67.0,deterministic_triage_not_ai_ranked,2026-08-30T13:28:01+00:00
502,Winner,winner,,other,documented,0.84,1,1,1,0,58.0,69.8,67.0,deterministic_triage_not_ai_ranked,2026-08-30T13:28:01+00:00
981,Wolf (“Law & Order”),wolf law and order,,other,documented,0.84,1,1,1,0,58.0,69.8,67.0,deterministic_triage_not_ai_ranked,2026-08-30T13:28:01+00:00
503,Wolong,wolong,,other,documented,0.84,1,1,1,0,58.0,69.8,67.0,deterministic_triage_not_ai_ranked,2026-08-30T13:28:01+00:00
12,Work with us,work with us,,other,review,0.704,3,4,3,0,58.0,78.3,67.0,deterministic_triage_not_ai_ranked,2026-08-30T13:28:01+00:00
280,World Legends Cup,world legends cup,,other,documented,0.84,1,1,1,0,58.0,69.8,67.0,deterministic_triage_not_ai_ranked,2026-08-30T13:28:01+00:00
533,World Wrestling Entertainment,world wrestling entertainment,,other,documented,0.84,1,1,1,0,58.0,69.8,67.0,deterministic_triage_not_ai_ranked,2026-08-30T13:28:01+00:00
673,Wounded Warrior Project,wounded warrior project,,other,documented,0.84,1,1,1,0,58.0,69.8,67.0,deterministic_triage_not_ai_ranked,2026-08-30T13:28:01+00:00
684,Wurlitzer,wurlitzer,,other,documented,0.84,1,1,1,0,58.0,69.8,67.0,deterministic_triage_not_ai_ranked,2026-08-30T13:28:01+00:00
504,Wyeth,wyeth,,other,documented,0.84,1,1,1,0,58.0,69.8,67.0,deterministic_triage_not_ai_ranked,2026-08-30T13:28:01+00:00
189,Wyler's Light,wyler s light,,other,documented,0.84,1,1,1,0,58.0,69.8,67.0,deterministic_triage_not_ai_ranked,2026-08-30T13:28:01+00:00
505,XiaoMi,xiaomi,,other,documented,0.84,1,1,1,0,58.0,69.8,67.0,deterministic_triage_not_ai_ranked,2026-08-30T13:28:01+00:00
506,Yishion,yishion,,other,documented,0.84,1,1,1,0,58.0,69.8,67.0,deterministic_triage_not_ai_ranked,2026-08-30T13:28:01+00:00
507,Yoplait,yoplait,,other,documented,0.84,1,1,1,0,58.0,69.8,67.0,deterministic_triage_not_ai_ranked,2026-08-30T13:28:01+00:00
941,Youtooz,youtooz,,other,documented,0.84,1,1,1,0,58.0,69.8,67.0,deterministic_triage_not_ai_ranked,2026-08-30T13:28:01+00:00
753,Yu Yu Hakusho,yu yu hakusho,,other,documented,0.84,1,1,1,0,58.0,69.8,67.0,deterministic_triage_not_ai_ranked,2026-08-30T13:28:01+00:00
745,Yu-Gi-Oh!,yu gi oh,,other,documented,0.84,1,1,1,0,58.0,69.8,67.0,deterministic_triage_not_ai_ranked,2026-08-30T13:28:01+00:00
508,Yuehai Tianhe City and more,yuehai tianhe city and more,,other,documented,0.84,1,1,1,0,58.0,69.8,67.0,deterministic_triage_not_ai_ranked,2026-08-30T13:28:01+00:00
758,Yuru Camp,yuru camp,,other,documented,0.84,1,1,1,0,58.0,69.8,67.0,deterministic_triage_not_ai_ranked,2026-08-30T13:28:01+00:00
868,Yvonne Ellen,yvonne ellen,,other,documented,0.84,1,1,1,0,58.0,69.8,67.0,deterministic_triage_not_ai_ranked,2026-08-30T13:28:01+00:00
383,Zayn Malik,zayn malik,,other,documented,0.84,1,1,1,0,58.0,69.8,67.0,deterministic_triage_not_ai_ranked,2026-08-30T13:28:01+00:00
731,Zenless Zone Zero,zenless zone zero,,other,documented,0.84,1,1,1,0,58.0,69.8,67.0,deterministic_triage_not_ai_ranked,2026-08-30T13:28:01+00:00
1012,adidas,adidas,,other,documented,0.84,1,1,1,0,58.0,69.8,67.0,deterministic_triage_not_ai_ranked,2026-08-30T13:28:01+00:00
1148,amongst others,amongst others,,other,documented,0.84,1,1,1,0,58.0,69.8,67.0,deterministic_triage_not_ai_ranked,2026-08-30T13:28:01+00:00
256,as well as other sports,as well as other sports,,other,documented,0.84,1,1,1,0,58.0,69.8,67.0,deterministic_triage_not_ai_ranked,2026-08-30T13:28:01+00:00
251,athletic conferences,athletic conferences,,other,documented,0.84,1,1,1,0,58.0,69.8,67.0,deterministic_triage_not_ai_ranked,2026-08-30T13:28:01+00:00
252,bowls,bowls,,other,documented,0.84,1,1,1,0,58.0,69.8,67.0,deterministic_triage_not_ai_ranked,2026-08-30T13:28:01+00:00
1063,celebrity and pop culture brands including 7-Eleven,celebrity and pop culture brands including 7 eleven,,other,documented,0.84,1,1,1,0,58.0,69.8,67.0,deterministic_triage_not_ai_ranked,2026-08-30T13:28:01+00:00
421,d'zzit,d zzit,,other,documented,0.84,1,1,1,0,58.0,69.8,67.0,deterministic_triage_not_ai_ranked,2026-08-30T13:28:01+00:00
257,entertainment and scholastic brands such as the National Baseball Hall of Fame,entertainment and scholastic brands such as the national baseball hall of fame,,other,documented,0.84,1,1,1,0,58.0,69.8,67.0,deterministic_triage_not_ai_ranked,2026-08-30T13:28:01+00:00
29,heytea,heytea,,other,documented,0.84,1,1,1,0,58.0,69.8,67.0,deterministic_triage_not_ai_ranked,2026-08-30T13:28:01+00:00
747,hololive,hololive,,other,documented,0.84,1,1,1,0,58.0,69.8,67.0,deterministic_triage_not_ai_ranked,2026-08-30T13:28:01+00:00
994,momax,momax,,other,documented,0.84,1,1,1,0,58.0,69.8,67.0,deterministic_triage_not_ai_ranked,2026-08-30T13:28:01+00:00
30,tbh and Razer,tbh and razer,,other,documented,0.84,1,1,1,0,58.0,69.8,67.0,deterministic_triage_not_ai_ranked,2026-08-30T13:28:01+00:00
253,the NCAA,the ncaa,,other,documented,0.84,1,1,1,0,58.0,69.8,67.0,deterministic_triage_not_ai_ranked,2026-08-30T13:28:01+00:00
754,“Evangelion,evangelion,,other,documented,0.84,1,1,1,0,58.0,69.8,67.0,deterministic_triage_not_ai_ranked,2026-08-30T13:28:01+00:00
732,“Jujutsu Kaisen,jujutsu kaisen,,other,documented,0.84,1,1,1,0,58.0,69.8,67.0,deterministic_triage_not_ai_ranked,2026-08-30T13:28:01+00:00
307,“Senna” (Netflix Series),senna netflix series,,other,documented,0.84,1,1,1,0,58.0,69.8,67.0,deterministic_triage_not_ai_ranked,2026-08-30T13:28:01+00:00
711,“THE CUPHEAD SHOW,the cuphead show,,other,documented,0.84,1,1,1,0,58.0,69.8,67.0,deterministic_triage_not_ai_ranked,2026-08-30T13:28:01+00:00
335,“True Romance,true romance,,other,documented,0.84,1,1,1,0,58.0,69.8,67.0,deterministic_triage_not_ai_ranked,2026-08-30T13:28:01+00:00
733,” Blue Lock,blue lock,,other,documented,0.84,1,1,1,0,58.0,69.8,67.0,deterministic_triage_not_ai_ranked,2026-08-30T13:28:01+00:00
338,” Licensee Clients: Arcane Wonders,licensee clients arcane wonders,,other,documented,0.84,1,1,1,0,58.0,69.8,67.0,deterministic_triage_not_ai_ranked,2026-08-30T13:28:01+00:00
755,” MASHLE MAGIC AND MUSCLES,mashle magic and muscles,,other,documented,0.84,1,1,1,0,58.0,69.8,67.0,deterministic_triage_not_ai_ranked,2026-08-30T13:28:01+00:00
712,” Pinkfong World & Pinkfong Baby Shark,pinkfong world and pinkfong baby shark,,other,documented,0.84,1,1,1,0,58.0,69.8,67.0,deterministic_triage_not_ai_ranked,2026-08-30T13:28:01+00:00
515,” Pusheen,pusheen,,other,documented,0.84,1,1,1,0,58.0,69.8,67.0,deterministic_triage_not_ai_ranked,2026-08-30T13:28:01+00:00
337,” “3000 Miles to Graceland,3000 miles to graceland,,other,documented,0.84,1,1,1,0,58.0,69.8,67.0,deterministic_triage_not_ai_ranked,2026-08-30T13:28:01+00:00
314,” “American Psycho,american psycho,,other,documented,0.84,1,1,1,0,58.0,69.8,67.0,deterministic_triage_not_ai_ranked,2026-08-30T13:28:01+00:00
320,” “Black Hawk Down,black hawk down,,other,documented,0.84,1,1,1,0,58.0,69.8,67.0,deterministic_triage_not_ai_ranked,2026-08-30T13:28:01+00:00
321,” “Coupe de Ville,coupe de ville,,other,documented,0.84,1,1,1,0,58.0,69.8,67.0,deterministic_triage_not_ai_ranked,2026-08-30T13:28:01+00:00
322,” “Dead Ringers,dead ringers,,other,documented,0.84,1,1,1,0,58.0,69.8,67.0,deterministic_triage_not_ai_ranked,2026-08-30T13:28:01+00:00
323,” “Exorcist III,exorcist iii,,other,documented,0.84,1,1,1,0,58.0,69.8,67.0,deterministic_triage_not_ai_ranked,2026-08-30T13:28:01+00:00
325,” “Exorcist: Domination,exorcist domination,,other,documented,0.84,1,1,1,0,58.0,69.8,67.0,deterministic_triage_not_ai_ranked,2026-08-30T13:28:01+00:00
324,” “Exorcist: The Beginning,exorcist the beginning,,other,documented,0.84,1,1,1,0,58.0,69.8,67.0,deterministic_triage_not_ai_ranked,2026-08-30T13:28:01+00:00
326,” “Get Carter,get carter,,other,documented,0.84,1,1,1,0,58.0,69.8,67.0,deterministic_triage_not_ai_ranked,2026-08-30T13:28:01+00:00
317,” “Hannibal,hannibal,,other,documented,0.84,1,1,1,0,58.0,69.8,67.0,deterministic_triage_not_ai_ranked,2026-08-30T13:28:01+00:00
327,” “Heist,heist,,other,documented,0.84,1,1,1,0,58.0,69.8,67.0,deterministic_triage_not_ai_ranked,2026-08-30T13:28:01+00:00
328,” “Juwanna Mann,juwanna mann,,other,documented,0.84,1,1,1,0,58.0,69.8,67.0,deterministic_triage_not_ai_ranked,2026-08-30T13:28:01+00:00
329,” “Major League,major league,,other,documented,0.84,1,1,1,0,58.0,69.8,67.0,deterministic_triage_not_ai_ranked,2026-08-30T13:28:01+00:00
316,” “Narcos Mexico,narcos mexico,,other,documented,0.84,1,1,1,0,58.0,69.8,67.0,deterministic_triage_not_ai_ranked,2026-08-30T13:28:01+00:00
330,” “Nightbreed,nightbreed,,other,documented,0.84,1,1,1,0,58.0,69.8,67.0,deterministic_triage_not_ai_ranked,2026-08-30T13:28:01+00:00
331,” “Punch Drunk Love,punch drunk love,,other,documented,0.84,1,1,1,0,58.0,69.8,67.0,deterministic_triage_not_ai_ranked,2026-08-30T13:28:01+00:00
319,” “Return to Silent Hill,return to silent hill,,other,documented,0.84,1,1,1,0,58.0,69.8,67.0,deterministic_triage_not_ai_ranked,2026-08-30T13:28:01+00:00
318,” “Silent Hill,silent hill,,other,documented,0.84,1,1,1,0,58.0,69.8,67.0,deterministic_triage_not_ai_ranked,2026-08-30T13:28:01+00:00
332,” “The Crush,the crush,,other,documented,0.84,1,1,1,0,58.0,69.8,67.0,deterministic_triage_not_ai_ranked,2026-08-30T13:28:01+00:00
334,” “The Fog” (2005),the fog 2005,,other,documented,0.84,1,1,1,0,58.0,69.8,67.0,deterministic_triage_not_ai_ranked,2026-08-30T13:28:01+00:00
333,” “The Whole Nine Yards,the whole nine yards,,other,documented,0.84,1,1,1,0,58.0,69.8,67.0,deterministic_triage_not_ai_ranked,2026-08-30T13:28:01+00:00
336,” “Young Guns,young guns,,other,documented,0.84,1,1,1,0,58.0,69.8,67.0,deterministic_triage_not_ai_ranked,2026-08-30T13:28:01+00:00
1702,Assassination Classroom,assassination classroom,https://mediatoon-licensing.com/en/licence/assassination-classroom/,other,documented,0.82,1,1,1,0,58.0,68.4,66.1,deterministic_triage_not_ai_ranked,2026-08-30T13:28:01+00:00
1703,Blake Et Mortimer,blake et mortimer,https://mediatoon-licensing.com/en/licence/blake-et-mortimer/,other,documented,0.82,1,1,1,0,58.0,68.4,66.1,deterministic_triage_not_ai_ranked,2026-08-30T13:28:01+00:00
1704,Dad,dad,https://mediatoon-licensing.com/en/licence/dad/,other,documented,0.82,1,1,1,0,58.0,68.4,66.1,deterministic_triage_not_ai_ranked,2026-08-30T13:28:01+00:00
1707,Hunter X Hunter,hunter x hunter,https://mediatoon-licensing.com/en/licence/hunter-x-hunter/,other,documented,0.82,1,1,1,0,58.0,68.4,66.1,deterministic_triage_not_ai_ranked,2026-08-30T13:28:01+00:00
1708,Lucky Luke,lucky luke,https://mediatoon-licensing.com/en/licence/lucky-luke/,other,documented,0.82,1,1,1,0,58.0,68.4,66.1,deterministic_triage_not_ai_ranked,2026-08-30T13:28:01+00:00
1705,Marsupilami,marsupilami,https://mediatoon-licensing.com/en/licence/marsupilami/,other,documented,0.82,1,1,1,0,58.0,68.4,66.1,deterministic_triage_not_ai_ranked,2026-08-30T13:28:01+00:00
1706,Naruto,naruto,https://mediatoon-licensing.com/en/licence/naruto/,other,documented,0.82,1,1,1,0,58.0,68.4,66.1,deterministic_triage_not_ai_ranked,2026-08-30T13:28:01+00:00
1709,Naruto Shippuden,naruto shippuden,https://mediatoon-licensing.com/en/licence/naruto-shippuden/,other,documented,0.82,1,1,1,0,58.0,68.4,66.1,deterministic_triage_not_ai_ranked,2026-08-30T13:28:01+00:00
1701,Yakari,yakari,https://mediatoon-licensing.com/en/licence/yakari/,other,documented,0.82,1,1,1,0,58.0,68.4,66.1,deterministic_triage_not_ai_ranked,2026-08-30T13:28:01+00:00
1437,Build a Bear,build a bear,https://www.glg-brands.com/brand-licensing2/build-a-bear,entertainment_character,high_confidence,0.97,1,2,1,2,42.0,78.9,64.8,deterministic_triage_not_ai_ranked,2026-08-30T13:28:01+00:00
1552,Mickey Da Cat Dora,mickey da cat dora,https://www.glg-brands.com/brand-licensing6/mickey-da-cat-dora,entertainment_character,high_confidence,0.97,1,2,1,2,42.0,78.9,64.8,deterministic_triage_not_ai_ranked,2026-08-30T13:28:01+00:00
1617,Toys R us,toys r us,https://www.glg-brands.com/brand-licensing5/toys-r-us,entertainment_character,high_confidence,0.97,1,2,1,2,42.0,78.9,64.8,deterministic_triage_not_ai_ranked,2026-08-30T13:28:01+00:00
1239,Felix The Cat,felix the cat,https://imglicensing.com/brands/felix-the-cat/,entertainment_character,high_confidence,0.95,1,3,1,3,42.0,77.5,64.0,deterministic_triage_not_ai_ranked,2026-08-30T13:28:01+00:00
1638,About Our Strategy,about our strategy,,other,review,0.74,1,1,1,0,58.0,62.8,62.7,deterministic_triage_not_ai_ranked,2026-08-30T13:28:01+00:00
1292,Addison Rae,addison rae,,other,review,0.74,1,4,1,0,58.0,62.8,62.7,deterministic_triage_not_ai_ranked,2026-08-30T13:28:01+00:00
1700,All our brands,all our brands,,other,review,0.74,1,1,1,0,58.0,62.8,62.7,deterministic_triage_not_ai_ranked,2026-08-30T13:28:01+00:00
1678,BRAND & LICENZIATARI,brand and licenziatari,,other,review,0.74,1,1,1,0,58.0,62.8,62.7,deterministic_triage_not_ai_ranked,2026-08-30T13:28:01+00:00
1301,Back to Brands,back to brands,,other,review,0.74,1,1,1,0,58.0,62.8,62.7,deterministic_triage_not_ai_ranked,2026-08-30T13:28:01+00:00
1265,Brand Consulting,brand consulting,,other,review,0.74,1,2,1,0,58.0,62.8,62.7,deterministic_triage_not_ai_ranked,2026-08-30T13:28:01+00:00
1646,Brand Extension,brand extension,,other,review,0.74,1,1,1,0,58.0,62.8,62.7,deterministic_triage_not_ai_ranked,2026-08-30T13:28:01+00:00
1667,Brand Licensing Representation,brand licensing representation,,other,review,0.74,1,1,1,0,58.0,62.8,62.7,deterministic_triage_not_ai_ranked,2026-08-30T13:28:01+00:00
1642,Brand Licensing Strategy,brand licensing strategy,,other,review,0.74,1,2,1,0,58.0,62.8,62.7,deterministic_triage_not_ai_ranked,2026-08-30T13:28:01+00:00
1401,Brand List,brand list,,other,review,0.74,1,2,1,0,58.0,62.8,62.7,deterministic_triage_not_ai_ranked,2026-08-30T13:28:01+00:00
1677,Brand Owners & Licensees,brand owners and licensees,,other,review,0.74,1,1,1,0,58.0,62.8,62.7,deterministic_triage_not_ai_ranked,2026-08-30T13:28:01+00:00
1637,Brand Strategy,brand strategy,,other,review,0.74,1,2,1,0,58.0,62.8,62.7,deterministic_triage_not_ai_ranked,2026-08-30T13:28:01+00:00
1400,Brands Available for Licensing,brands available for licensing,,other,review,0.74,1,2,1,0,58.0,62.8,62.7,deterministic_triage_not_ai_ranked,2026-08-30T13:28:01+00:00
1691,Brown Jordan Fires,brown jordan fires,,other,review,0.74,1,2,1,0,58.0,62.8,62.7,deterministic_triage_not_ai_ranked,2026-08-30T13:28:01+00:00
1286,CLC,clc,,other,review,0.74,1,2,1,0,58.0,62.8,62.7,deterministic_triage_not_ai_ranked,2026-08-30T13:28:01+00:00
1746,Celebrity Estates,celebrity estates,,other,review,0.74,1,1,1,0,58.0,62.8,62.7,deterministic_triage_not_ai_ranked,2026-08-30T13:28:01+00:00
1399,Click to see our full portfolio of brands,click to see our full portfolio of brands,,other,review,0.74,1,1,1,0,58.0,62.8,62.7,deterministic_triage_not_ai_ranked,2026-08-30T13:28:01+00:00
1741,Clip Licensing Campaigns,clip licensing campaigns,,other,review,0.74,1,1,1,0,58.0,62.8,62.7,deterministic_triage_not_ai_ranked,2026-08-30T13:28:01+00:00
1675,"Codimage, agence de licences",codimage agence de licences,,other,review,0.74,1,2,1,0,58.0,62.8,62.7,deterministic_triage_not_ai_ranked,2026-08-30T13:28:01+00:00
1639,Collaborations →,collaborations,,other,review,0.74,1,1,1,0,58.0,62.8,62.7,deterministic_triage_not_ai_ranked,2026-08-30T13:28:01+00:00
1688,Country Living,country living,,other,review,0.74,1,2,1,0,58.0,62.8,62.7,deterministic_triage_not_ai_ranked,2026-08-30T13:28:01+00:00
1734,Direct Line,direct line,,other,review,0.74,1,1,1,0,58.0,62.8,62.7,deterministic_triage_not_ai_ranked,2026-08-30T13:28:01+00:00
1302,EN,en,,other,review,0.74,1,1,1,0,58.0,62.8,62.7,deterministic_triage_not_ai_ranked,2026-08-30T13:28:01+00:00
1303,ES,es,,other,review,0.74,1,1,1,0,58.0,62.8,62.7,deterministic_triage_not_ai_ranked,2026-08-30T13:28:01+00:00
1289,Eartha Kitt,eartha kitt,,other,review,0.74,1,2,1,0,58.0,62.8,62.7,deterministic_triage_not_ai_ranked,2026-08-30T13:28:01+00:00
1648,Explore All Clients,explore all clients,,other,review,0.74,1,1,1,0,58.0,62.8,62.7,deterministic_triage_not_ai_ranked,2026-08-30T13:28:01+00:00
1645,Explore Our Clients,explore our clients,,other,review,0.74,1,1,1,0,58.0,62.8,62.7,deterministic_triage_not_ai_ranked,2026-08-30T13:28:01+00:00
1698,Explore all brands,explore all brands,,other,review,0.74,1,1,1,0,58.0,62.8,62.7,deterministic_triage_not_ai_ranked,2026-08-30T13:28:01+00:00
1,For Brand owners,for brand owners,,other,review,0.74,1,2,1,0,58.0,62.8,62.7,deterministic_triage_not_ai_ranked,2026-08-30T13:28:01+00:00
1711,Go to Brands,go to brands,,other,review,0.74,1,2,1,0,58.0,62.8,62.7,deterministic_triage_not_ai_ranked,2026-08-30T13:28:01+00:00
1713,Go to Clients,go to clients,,other,review,0.74,1,2,1,0,58.0,62.8,62.7,deterministic_triage_not_ai_ranked,2026-08-30T13:28:01+00:00
1736,Highlighted,highlighted,,other,review,0.74,1,1,1,0,58.0,62.8,62.7,deterministic_triage_not_ai_ranked,2026-08-30T13:28:01+00:00
1693,Hunter Fan Company,hunter fan company,,other,review,0.74,1,2,1,0,58.0,62.8,62.7,deterministic_triage_not_ai_ranked,2026-08-30T13:28:01+00:00
1280,IMG Licensing,img licensing,,other,review,0.74,1,2,1,0,58.0,62.8,62.7,deterministic_triage_not_ai_ranked,2026-08-30T13:28:01+00:00
1396,Lamborghini2,lamborghini2,,other,review,0.74,1,1,1,0,58.0,62.8,62.7,deterministic_triage_not_ai_ranked,2026-08-30T13:28:01+00:00
1684,Licensing Benefits,licensing benefits,,other,review,0.74,1,2,1,0,58.0,62.8,62.7,deterministic_triage_not_ai_ranked,2026-08-30T13:28:01+00:00
1683,Licensing Program Strategic Planning,licensing program strategic planning,,other,review,0.74,1,2,1,0,58.0,62.8,62.7,deterministic_triage_not_ai_ranked,2026-08-30T13:28:01+00:00
1686,Licensing Program Support,licensing program support,,other,review,0.74,1,2,1,0,58.0,62.8,62.7,deterministic_triage_not_ai_ranked,2026-08-30T13:28:01+00:00
1699,Marcas,marcas,,other,review,0.74,1,1,1,0,58.0,62.8,62.7,deterministic_triage_not_ai_ranked,2026-08-30T13:28:01+00:00
1290,Matthew Langille,matthew langille,,other,review,0.74,1,4,1,0,58.0,62.8,62.7,deterministic_triage_not_ai_ranked,2026-08-30T13:28:01+00:00
1279,Mayweather,mayweather,,other,review,0.74,1,4,1,0,58.0,62.8,62.7,deterministic_triage_not_ai_ranked,2026-08-30T13:28:01+00:00
1644,Mercedes G Wagon,mercedes g wagon,,other,review,0.74,1,1,1,0,58.0,62.8,62.7,deterministic_triage_not_ai_ranked,2026-08-30T13:28:01+00:00
1270,Mickael Jackson,mickael jackson,,other,review,0.74,1,2,1,0,58.0,62.8,62.7,deterministic_triage_not_ai_ranked,2026-08-30T13:28:01+00:00
1739,Money Supermarket,money supermarket,,other,review,0.74,1,1,1,0,58.0,62.8,62.7,deterministic_triage_not_ai_ranked,2026-08-30T13:28:01+00:00
1304,PT,pt,,other,review,0.74,1,1,1,0,58.0,62.8,62.7,deterministic_triage_not_ai_ranked,2026-08-30T13:28:01+00:00
1685,Partnership Values,partnership values,,other,review,0.74,1,2,1,0,58.0,62.8,62.7,deterministic_triage_not_ai_ranked,2026-08-30T13:28:01+00:00
1643,Portfolio & Clients,portfolio and clients,,other,review,0.74,1,2,1,0,58.0,62.8,62.7,deterministic_triage_not_ai_ranked,2026-08-30T13:28:01+00:00
1395,Search our complete list of Brands,search our complete list of brands,,other,review,0.74,1,1,1,0,58.0,62.8,62.7,deterministic_triage_not_ai_ranked,2026-08-30T13:28:01+00:00
1695,Specialty Sleep Matttresses,specialty sleep matttresses,,other,review,0.74,1,2,1,0,58.0,62.8,62.7,deterministic_triage_not_ai_ranked,2026-08-30T13:28:01+00:00
1682,Strategic Brand Licensing,strategic brand licensing,,other,review,0.74,1,2,1,0,58.0,62.8,62.7,deterministic_triage_not_ai_ranked,2026-08-30T13:28:01+00:00
1687,Successful Results,successful results,,other,review,0.74,1,2,1,0,58.0,62.8,62.7,deterministic_triage_not_ai_ranked,2026-08-30T13:28:01+00:00
1710,Switch to English,switch to english,,other,review,0.74,1,1,1,0,58.0,62.8,62.7,deterministic_triage_not_ai_ranked,2026-08-30T13:28:01+00:00
1753,Universal,universal,,other,review,0.74,1,1,1,0,58.0,62.8,62.7,deterministic_triage_not_ai_ranked,2026-08-30T13:28:01+00:00
1398,VW,vw,,other,review,0.74,1,1,1,0,58.0,62.8,62.7,deterministic_triage_not_ai_ranked,2026-08-30T13:28:01+00:00
1397,Vespa,vespa,,other,review,0.74,1,1,1,0,58.0,62.8,62.7,deterministic_triage_not_ai_ranked,2026-08-30T13:28:01+00:00
1712,View All Brands,view all brands,,other,review,0.74,1,1,1,0,58.0,62.8,62.7,deterministic_triage_not_ai_ranked,2026-08-30T13:28:01+00:00
1640,"brand collabs, co-branded products",brand collabs co branded products,,other,review,0.74,1,1,1,0,58.0,62.8,62.7,deterministic_triage_not_ai_ranked,2026-08-30T13:28:01+00:00
2,brand owner services,brand owner services,,other,review,0.74,1,2,1,0,58.0,62.8,62.7,deterministic_triage_not_ai_ranked,2026-08-30T13:28:01+00:00
1641,"co-branded products, brand collaborations",co branded products brand collaborations,,other,review,0.74,1,1,1,0,58.0,62.8,62.7,deterministic_triage_not_ai_ranked,2026-08-30T13:28:01+00:00
1762,huglondon,huglondon,,other,review,0.74,1,2,1,0,58.0,62.8,62.7,deterministic_triage_not_ai_ranked,2026-08-30T13:28:01+00:00
1676,’marques gérées’,marques gerees,,other,review,0.74,1,1,1,0,58.0,62.8,62.7,deterministic_triage_not_ai_ranked,2026-08-30T13:28:01+00:00
1340,Planet Cat,planet cat,https://www.jewelbranding.com/client/planet-cat/,entertainment_character,high_confidence,0.91,1,2,1,1,42.0,74.7,62.3,deterministic_triage_not_ai_ranked,2026-08-30T13:28:01+00:00
1387,The Children Of Noisy Village,the children of noisy village,https://rightsandbrands.com/brands/the-children-of-noisy-village/,entertainment_character,high_confidence,0.91,1,1,1,1,42.0,74.7,62.3,deterministic_triage_not_ai_ranked,2026-08-30T13:28:01+00:00
115,Bear Naked,bear naked,,entertainment_character,documented,0.84,1,1,1,0,42.0,69.8,59.3,deterministic_triage_not_ai_ranked,2026-08-30T13:28:01+00:00
339,Blip Toys,blip toys,,entertainment_character,documented,0.84,1,1,1,0,42.0,69.8,59.3,deterministic_triage_not_ai_ranked,2026-08-30T13:28:01+00:00
127,Build-A-Bear Workshop,build a bear workshop,,entertainment_character,documented,0.84,1,1,1,0,42.0,69.8,59.3,deterministic_triage_not_ai_ranked,2026-08-30T13:28:01+00:00
736,City Hunter The Movie: Angel Dust,city hunter the movie angel dust,,entertainment_character,documented,0.84,1,1,1,0,42.0,69.8,59.3,deterministic_triage_not_ai_ranked,2026-08-30T13:28:01+00:00
645,"Dav Pilkey (“Dog Man,” “Captain Underpants”) and Van Holten",dav pilkey dog man captain underpants and van holten,,entertainment_character,documented,0.84,1,1,1,0,42.0,69.8,59.3,deterministic_triage_not_ai_ranked,2026-08-30T13:28:01+00:00
281,Dog Whispered and Cris Morena,dog whispered and cris morena,,entertainment_character,documented,0.84,1,1,1,0,42.0,69.8,59.3,deterministic_triage_not_ai_ranked,2026-08-30T13:28:01+00:00
174,Dog is Good,dog is good,,entertainment_character,documented,0.84,1,1,1,0,42.0,69.8,59.3,deterministic_triage_not_ai_ranked,2026-08-30T13:28:01+00:00
956,Joester Loria Group for “Dog Man,joester loria group for dog man,,entertainment_character,documented,0.84,1,1,1,0,42.0,69.8,59.3,deterministic_triage_not_ai_ranked,2026-08-30T13:28:01+00:00
68,Microsoft Gaming Studios: XBOX,microsoft gaming studios xbox,,entertainment_character,documented,0.84,1,1,1,0,42.0,69.8,59.3,deterministic_triage_not_ai_ranked,2026-08-30T13:28:01+00:00
401,More than 300 licensees including: Aimer Kids,more than 300 licensees including aimer kids,,entertainment_character,documented,0.84,1,1,1,0,42.0,69.8,59.3,deterministic_triage_not_ai_ranked,2026-08-30T13:28:01+00:00
937,Paddington (Studio Canal Kids & Family),paddington studio canal kids and family,,entertainment_character,documented,0.84,1,1,1,0,42.0,69.8,59.3,deterministic_triage_not_ai_ranked,2026-08-30T13:28:01+00:00
237,Paddington Bear,paddington bear,,entertainment_character,documented,0.84,1,1,1,0,42.0,69.8,59.3,deterministic_triage_not_ai_ranked,2026-08-30T13:28:01+00:00
285,ROI Animation,roi animation,,entertainment_character,documented,0.84,1,1,1,0,42.0,69.8,59.3,deterministic_triage_not_ai_ranked,2026-08-30T13:28:01+00:00
776,Sony Film,sony film,,entertainment_character,documented,0.84,1,1,1,0,42.0,69.8,59.3,deterministic_triage_not_ai_ranked,2026-08-30T13:28:01+00:00
969,The Suave Brands Company (Suave for Kids),the suave brands company suave for kids,,entertainment_character,documented,0.84,1,1,1,0,42.0,69.8,59.3,deterministic_triage_not_ai_ranked,2026-08-30T13:28:01+00:00
1696,Youth / Kids Furnishings,youth kids furnishings,,entertainment_character,review,0.74,1,2,1,0,42.0,62.8,55.1,deterministic_triage_not_ai_ranked,2026-08-30T13:28:01+00:00
1679,kids,kids,,entertainment_character,review,0.74,1,1,1,0,42.0,62.8,55.1,deterministic_triage_not_ai_ranked,2026-08-30T13:28:01+00:00
1680,kids entertainment,kids entertainment,,entertainment_character,review,0.74,1,1,1,0,42.0,62.8,55.1,deterministic_triage_not_ai_ranked,2026-08-30T13:28:01+00:00
