id,agency,brand,relationship_status,quality_score,evidence_count,brand_url,source_urls,methods
27,AISH,Clamp,agent_supplied_client_listing,0.84,1,,"[""https://www.licenseglobal.com/licensing-resources/top-global-licensing-agents-client-list""]","[""licenseglobal_client_list""]"
25,AISH,Crayon Shinchan,agent_supplied_client_listing,0.84,1,,"[""https://www.licenseglobal.com/licensing-resources/top-global-licensing-agents-client-list""]","[""licenseglobal_client_list""]"
24,AISH,Doraemon,agent_supplied_client_listing,0.84,1,,"[""https://www.licenseglobal.com/licensing-resources/top-global-licensing-agents-client-list""]","[""licenseglobal_client_list""]"
30,AISH,Mcdull and B-ROBO KABUTACK,agent_supplied_client_listing,0.84,1,,"[""https://www.licenseglobal.com/licensing-resources/top-global-licensing-agents-client-list""]","[""licenseglobal_client_list""]"
29,AISH,Rollin's Wild,agent_supplied_client_listing,0.84,1,,"[""https://www.licenseglobal.com/licensing-resources/top-global-licensing-agents-client-list""]","[""licenseglobal_client_list""]"
28,AISH,Sakamoto Days,agent_supplied_client_listing,0.84,1,,"[""https://www.licenseglobal.com/licensing-resources/top-global-licensing-agents-client-list""]","[""licenseglobal_client_list""]"
26,AISH,San-X,agent_supplied_client_listing,0.84,1,,"[""https://www.licenseglobal.com/licensing-resources/top-global-licensing-agents-client-list""]","[""licenseglobal_client_list""]"
53,ARTiSTORY,CHAGEE,agent_supplied_client_listing,0.84,1,,"[""https://www.licenseglobal.com/licensing-resources/top-global-licensing-agents-client-list""]","[""licenseglobal_client_list""]"
60,ARTiSTORY,Intel and Siam Paragon,agent_supplied_client_listing,0.84,1,,"[""https://www.licenseglobal.com/licensing-resources/top-global-licensing-agents-client-list""]","[""licenseglobal_client_list""]"
58,ARTiSTORY,JD.com,agent_supplied_client_listing,0.84,1,,"[""https://www.licenseglobal.com/licensing-resources/top-global-licensing-agents-client-list""]","[""licenseglobal_client_list""]"
55,ARTiSTORY,Lele Sadoughi,agent_supplied_client_listing,0.84,1,,"[""https://www.licenseglobal.com/licensing-resources/top-global-licensing-agents-client-list""]","[""licenseglobal_client_list""]"
54,ARTiSTORY,Malaysia Airports,agent_supplied_client_listing,0.84,1,,"[""https://www.licenseglobal.com/licensing-resources/top-global-licensing-agents-client-list""]","[""licenseglobal_client_list""]"
57,ARTiSTORY,Moleskine,agent_supplied_client_listing,0.84,1,,"[""https://www.licenseglobal.com/licensing-resources/top-global-licensing-agents-client-list""]","[""licenseglobal_client_list""]"
56,ARTiSTORY,UOOYYA,agent_supplied_client_listing,0.84,1,,"[""https://www.licenseglobal.com/licensing-resources/top-global-licensing-agents-client-list""]","[""licenseglobal_client_list""]"
45,Alifish,BANDAI,agent_supplied_client_listing,0.84,1,,"[""https://www.licenseglobal.com/licensing-resources/top-global-licensing-agents-client-list""]","[""licenseglobal_client_list""]"
46,Alifish,Gap,agent_supplied_client_listing,0.84,1,https://imglicensing.com/brands/gap/,"[""https://www.licenseglobal.com/licensing-resources/top-global-licensing-agents-client-list""]","[""licenseglobal_client_list""]"
35,Alifish,KFC,agent_supplied_client_listing,0.84,1,https://brandgenuity.com/clients/kfc,"[""https://www.licenseglobal.com/licensing-resources/top-global-licensing-agents-client-list""]","[""licenseglobal_client_list""]"
33,Alifish,MINISO,agent_supplied_client_listing,0.84,1,,"[""https://www.licenseglobal.com/licensing-resources/top-global-licensing-agents-client-list""]","[""licenseglobal_client_list""]"
38,Alifish,McDonald’s,agent_supplied_client_listing,0.84,1,https://imglicensing.com/brands/mcdonalds/,"[""https://www.licenseglobal.com/licensing-resources/top-global-licensing-agents-client-list""]","[""licenseglobal_client_list""]"
31,Alifish,POP MART,agent_supplied_client_listing,0.84,1,,"[""https://www.licenseglobal.com/licensing-resources/top-global-licensing-agents-client-list""]","[""licenseglobal_client_list""]"
41,Alifish,SEGA,agent_supplied_client_listing,0.84,1,,"[""https://www.licenseglobal.com/licensing-resources/top-global-licensing-agents-client-list""]","[""licenseglobal_client_list""]"
48,Alifish,THERMOS,agent_supplied_client_listing,0.84,1,,"[""https://www.licenseglobal.com/licensing-resources/top-global-licensing-agents-client-list""]","[""licenseglobal_client_list""]"
51,Alifish,heytea,agent_supplied_client_listing,0.84,1,,"[""https://www.licenseglobal.com/licensing-resources/top-global-licensing-agents-client-list""]","[""licenseglobal_client_list""]"
50,Alifish,luckin coffee,agent_supplied_client_listing,0.84,1,,"[""https://www.licenseglobal.com/licensing-resources/top-global-licensing-agents-client-list""]","[""licenseglobal_client_list""]"
52,Alifish,tbh and Razer,agent_supplied_client_listing,0.84,1,,"[""https://www.licenseglobal.com/licensing-resources/top-global-licensing-agents-client-list""]","[""licenseglobal_client_list""]"
148,Beanstalk,Apple Jacks,agent_supplied_client_listing,0.84,1,,"[""https://www.licenseglobal.com/licensing-resources/top-global-licensing-agents-client-list""]","[""licenseglobal_client_list""]"
62,Beanstalk,Atari,agent_supplied_client_listing,0.84,1,,"[""https://www.licenseglobal.com/licensing-resources/top-global-licensing-agents-client-list""]","[""licenseglobal_client_list""]"
61,Beanstalk,Audi,agent_supplied_client_listing,0.84,1,,"[""https://www.licenseglobal.com/licensing-resources/top-global-licensing-agents-client-list""]","[""licenseglobal_client_list""]"
64,Beanstalk,BT21,agent_supplied_client_listing,0.84,1,,"[""https://www.licenseglobal.com/licensing-resources/top-global-licensing-agents-client-list""]","[""licenseglobal_client_list""]"
7,Beanstalk,Baileys,first_party_portfolio_presence,0.91,1,https://www.beanstalk.com/client/baileys,"[""https://www.beanstalk.com/""]","[""portfolio_card""]"
149,Beanstalk,Bear Naked,agent_supplied_client_listing,0.84,1,,"[""https://www.licenseglobal.com/licensing-resources/top-global-licensing-agents-client-list""]","[""licenseglobal_client_list""]"
63,Beanstalk,Bentley,agent_supplied_client_listing,0.84,1,,"[""https://www.licenseglobal.com/licensing-resources/top-global-licensing-agents-client-list""]","[""licenseglobal_client_list""]"
108,Beanstalk,Bounce,agent_supplied_client_listing,0.84,1,,"[""https://www.licenseglobal.com/licensing-resources/top-global-licensing-agents-client-list""]","[""licenseglobal_client_list""]"
109,Beanstalk,Braun,agent_supplied_client_listing,0.84,1,,"[""https://www.licenseglobal.com/licensing-resources/top-global-licensing-agents-client-list""]","[""licenseglobal_client_list""]"
72,Beanstalk,Captain Morgan,agent_supplied_client_listing,0.84,1,,"[""https://www.licenseglobal.com/licensing-resources/top-global-licensing-agents-client-list""]","[""licenseglobal_client_list""]"
66,Beanstalk,Cath Kidston,agent_supplied_client_listing,0.84,1,,"[""https://www.licenseglobal.com/licensing-resources/top-global-licensing-agents-client-list""]","[""licenseglobal_client_list""]"
67,Beanstalk,Chef Eric Adjepong,agent_supplied_client_listing,0.84,1,,"[""https://www.licenseglobal.com/licensing-resources/top-global-licensing-agents-client-list""]","[""licenseglobal_client_list""]"
68,Beanstalk,Choco Milk,agent_supplied_client_listing,0.84,1,,"[""https://www.licenseglobal.com/licensing-resources/top-global-licensing-agents-client-list""]","[""licenseglobal_client_list""]"
69,Beanstalk,Cinnabon,agent_supplied_client_listing,0.84,1,,"[""https://www.licenseglobal.com/licensing-resources/top-global-licensing-agents-client-list""]","[""licenseglobal_client_list""]"
150,Beanstalk,Corn Flakes,agent_supplied_client_listing,0.84,1,,"[""https://www.licenseglobal.com/licensing-resources/top-global-licensing-agents-client-list""]","[""licenseglobal_client_list""]"
151,Beanstalk,Corn Pops,agent_supplied_client_listing,0.84,1,,"[""https://www.licenseglobal.com/licensing-resources/top-global-licensing-agents-client-list""]","[""licenseglobal_client_list""]"
129,Beanstalk,Craftsman,agent_supplied_client_listing,0.84,1,,"[""https://www.licenseglobal.com/licensing-resources/top-global-licensing-agents-client-list""]","[""licenseglobal_client_list""]"
110,Beanstalk,Crest,agent_supplied_client_listing,0.84,1,,"[""https://www.licenseglobal.com/licensing-resources/top-global-licensing-agents-client-list""]","[""licenseglobal_client_list""]"
73,Beanstalk,Crown Royal,agent_supplied_client_listing,0.84,1,,"[""https://www.licenseglobal.com/licensing-resources/top-global-licensing-agents-client-list""]","[""licenseglobal_client_list""]"
152,Beanstalk,Crunchy Nut,agent_supplied_client_listing,0.84,1,,"[""https://www.licenseglobal.com/licensing-resources/top-global-licensing-agents-client-list""]","[""licenseglobal_client_list""]"
130,Beanstalk,Cub Cadet,agent_supplied_client_listing,0.84,1,,"[""https://www.licenseglobal.com/licensing-resources/top-global-licensing-agents-client-list""]","[""licenseglobal_client_list""]"
131,Beanstalk,DEWALT,agent_supplied_client_listing,0.84,1,,"[""https://www.licenseglobal.com/licensing-resources/top-global-licensing-agents-client-list""]","[""licenseglobal_client_list""]"
111,Beanstalk,Dawn,agent_supplied_client_listing,0.84,1,,"[""https://www.licenseglobal.com/licensing-resources/top-global-licensing-agents-client-list""]","[""licenseglobal_client_list""]"
71,Beanstalk,Diageo: Baileys,agent_supplied_client_listing,0.84,1,,"[""https://www.licenseglobal.com/licensing-resources/top-global-licensing-agents-client-list""]","[""licenseglobal_client_list""]"
78,Beanstalk,Dinotopia,agent_supplied_client_listing,0.84,1,,"[""https://www.licenseglobal.com/licensing-resources/top-global-licensing-agents-client-list""]","[""licenseglobal_client_list""]"
5,Beanstalk,Dole,first_party_portfolio_presence,0.91,2,https://www.beanstalk.com/client/dole,"[""https://www.beanstalk.com/"", ""https://www.licenseglobal.com/licensing-resources/top-global-licensing-agents-client-list""]","[""licenseglobal_client_list"", ""portfolio_card""]"
113,Beanstalk,Downy,agent_supplied_client_listing,0.84,1,,"[""https://www.licenseglobal.com/licensing-resources/top-global-licensing-agents-client-list""]","[""licenseglobal_client_list""]"
112,Beanstalk,Dreft,agent_supplied_client_listing,0.84,1,,"[""https://www.licenseglobal.com/licensing-resources/top-global-licensing-agents-client-list""]","[""licenseglobal_client_list""]"
1444,Beanstalk,EN,first_party_portfolio_presence,0.74,1,,"[""https://www.beanstalk.com/en/brand-owners""]","[""portfolio_card""]"
1445,Beanstalk,ES,first_party_portfolio_presence,0.74,1,,"[""https://www.beanstalk.com/en/brand-owners""]","[""portfolio_card""]"
86,Beanstalk,Eggo,agent_supplied_client_listing,0.84,1,https://www.joesterloriagroup.com/portfolio/project-three-sng7y-jkgxx-kmlk5-64gk3-28jj6-whllz-628j9-wrfjk-lw89h-2swne-p255j-d2dde-cyaj6-wtjy9-sm384-zbh6p,"[""https://www.licenseglobal.com/licensing-resources/top-global-licensing-agents-client-list""]","[""licenseglobal_client_list""]"
79,Beanstalk,Fable,agent_supplied_client_listing,0.84,1,,"[""https://www.licenseglobal.com/licensing-resources/top-global-licensing-agents-client-list""]","[""licenseglobal_client_list""]"
132,Beanstalk,Facom,agent_supplied_client_listing,0.84,1,,"[""https://www.licenseglobal.com/licensing-resources/top-global-licensing-agents-client-list""]","[""licenseglobal_client_list""]"
114,Beanstalk,Fairy,agent_supplied_client_listing,0.84,1,,"[""https://www.licenseglobal.com/licensing-resources/top-global-licensing-agents-client-list""]","[""licenseglobal_client_list""]"
115,Beanstalk,Febreze,agent_supplied_client_listing,0.84,1,,"[""https://www.licenseglobal.com/licensing-resources/top-global-licensing-agents-client-list""]","[""licenseglobal_client_list""]"
116,Beanstalk,Flash,agent_supplied_client_listing,0.84,1,,"[""https://www.licenseglobal.com/licensing-resources/top-global-licensing-agents-client-list""]","[""licenseglobal_client_list""]"
1,Beanstalk,For Brand owners,first_party_portfolio_presence,0.74,2,,"[""https://www.beanstalk.com/"", ""https://www.beanstalk.com/en/brand-owners""]","[""portfolio_card""]"
153,Beanstalk,Froot Loops,agent_supplied_client_listing,0.84,1,,"[""https://www.licenseglobal.com/licensing-resources/top-global-licensing-agents-client-list""]","[""licenseglobal_client_list""]"
154,Beanstalk,Frosted Flakes,agent_supplied_client_listing,0.84,1,,"[""https://www.licenseglobal.com/licensing-resources/top-global-licensing-agents-client-list""]","[""licenseglobal_client_list""]"
155,Beanstalk,Frosted Mini Wheats,agent_supplied_client_listing,0.84,1,,"[""https://www.licenseglobal.com/licensing-resources/top-global-licensing-agents-client-list""]","[""licenseglobal_client_list""]"
117,Beanstalk,Gain,agent_supplied_client_listing,0.84,1,,"[""https://www.licenseglobal.com/licensing-resources/top-global-licensing-agents-client-list""]","[""licenseglobal_client_list""]"
74,Beanstalk,Gordon’s,agent_supplied_client_listing,0.84,1,,"[""https://www.licenseglobal.com/licensing-resources/top-global-licensing-agents-client-list""]","[""licenseglobal_client_list""]"
75,Beanstalk,Guinness,agent_supplied_client_listing,0.84,1,https://www.beanstalk.com/client/case-study-template-l97dl,"[""https://www.licenseglobal.com/licensing-resources/top-global-licensing-agents-client-list""]","[""licenseglobal_client_list""]"
100,Beanstalk,Halo,agent_supplied_client_listing,0.84,1,,"[""https://www.licenseglobal.com/licensing-resources/top-global-licensing-agents-client-list""]","[""licenseglobal_client_list""]"
80,Beanstalk,Hi-Chew,agent_supplied_client_listing,0.84,1,,"[""https://www.licenseglobal.com/licensing-resources/top-global-licensing-agents-client-list""]","[""licenseglobal_client_list""]"
156,Beanstalk,Honey Smacks,agent_supplied_client_listing,0.84,1,,"[""https://www.licenseglobal.com/licensing-resources/top-global-licensing-agents-client-list""]","[""licenseglobal_client_list""]"
81,Beanstalk,Iron Maiden,agent_supplied_client_listing,0.84,1,,"[""https://www.licenseglobal.com/licensing-resources/top-global-licensing-agents-client-list""]","[""licenseglobal_client_list""]"
83,Beanstalk,Julius-K9,agent_supplied_client_listing,0.84,1,,"[""https://www.licenseglobal.com/licensing-resources/top-global-licensing-agents-client-list""]","[""licenseglobal_client_list""]"
84,Beanstalk,Just Dance,agent_supplied_client_listing,0.84,1,,"[""https://www.licenseglobal.com/licensing-resources/top-global-licensing-agents-client-list""]","[""licenseglobal_client_list""]"
157,Beanstalk,Kashi,agent_supplied_client_listing,0.84,1,,"[""https://www.licenseglobal.com/licensing-resources/top-global-licensing-agents-client-list""]","[""licenseglobal_client_list""]"
3,Beanstalk,Kellanova,first_party_portfolio_presence,0.91,1,https://www.beanstalk.com/client/kellanova,"[""https://www.beanstalk.com/""]","[""portfolio_card""]"
85,Beanstalk,Kellanova: Cheez-It,agent_supplied_client_listing,0.84,1,,"[""https://www.licenseglobal.com/licensing-resources/top-global-licensing-agents-client-list""]","[""licenseglobal_client_list""]"
158,Beanstalk,Krave,agent_supplied_client_listing,0.84,1,,"[""https://www.licenseglobal.com/licensing-resources/top-global-licensing-agents-client-list""]","[""licenseglobal_client_list""]"
118,Beanstalk,Lenor,agent_supplied_client_listing,0.84,1,,"[""https://www.licenseglobal.com/licensing-resources/top-global-licensing-agents-client-list""]","[""licenseglobal_client_list""]"
94,Beanstalk,Line Friends,agent_supplied_client_listing,0.84,1,https://www.joesterloriagroup.com/portfolio/project-three-sng7y-jkgxx-kmlk5-64gk3-28jj6-whllz-628j9-wrfjk-lw89h-2swne-p255j-d2dde-cyaj6-jgdfh,"[""https://www.licenseglobal.com/licensing-resources/top-global-licensing-agents-client-list""]","[""licenseglobal_client_list""]"
133,Beanstalk,Mac Tools,agent_supplied_client_listing,0.84,1,,"[""https://www.licenseglobal.com/licensing-resources/top-global-licensing-agents-client-list""]","[""licenseglobal_client_list""]"
97,Beanstalk,Magna-Tiles,agent_supplied_client_listing,0.84,1,,"[""https://www.licenseglobal.com/licensing-resources/top-global-licensing-agents-client-list""]","[""licenseglobal_client_list""]"
98,Beanstalk,Matthew Williamson Design,agent_supplied_client_listing,0.84,1,,"[""https://www.licenseglobal.com/licensing-resources/top-global-licensing-agents-client-list""]","[""licenseglobal_client_list""]"
99,Beanstalk,Microsoft Gaming Studios: XBOX,agent_supplied_client_listing,0.84,1,,"[""https://www.licenseglobal.com/licensing-resources/top-global-licensing-agents-client-list""]","[""licenseglobal_client_list""]"
104,Beanstalk,Monster Jam,agent_supplied_client_listing,0.84,1,,"[""https://www.licenseglobal.com/licensing-resources/top-global-licensing-agents-client-list""]","[""licenseglobal_client_list""]"
88,Beanstalk,MorningStar Farms,agent_supplied_client_listing,0.84,1,,"[""https://www.licenseglobal.com/licensing-resources/top-global-licensing-agents-client-list""]","[""licenseglobal_client_list""]"
119,Beanstalk,Mr. Clean,agent_supplied_client_listing,0.84,1,,"[""https://www.licenseglobal.com/licensing-resources/top-global-licensing-agents-client-list""]","[""licenseglobal_client_list""]"
120,Beanstalk,Oral B,agent_supplied_client_listing,0.84,1,,"[""https://www.licenseglobal.com/licensing-resources/top-global-licensing-agents-client-list""]","[""licenseglobal_client_list""]"
14,Beanstalk,Our Services,first_party_portfolio_presence,0.63,1,,"[""https://www.beanstalk.com/""]","[""semantic_anchor""]"
105,Beanstalk,Ozzy Osbourne,agent_supplied_client_listing,0.84,1,,"[""https://www.licenseglobal.com/licensing-resources/top-global-licensing-agents-client-list""]","[""licenseglobal_client_list""]"
107,Beanstalk,P&G: Ariel,agent_supplied_client_listing,0.84,1,,"[""https://www.licenseglobal.com/licensing-resources/top-global-licensing-agents-client-list""]","[""licenseglobal_client_list""]"
1446,Beanstalk,PT,first_party_portfolio_presence,0.74,1,,"[""https://www.beanstalk.com/en/brand-owners""]","[""portfolio_card""]"
121,Beanstalk,Pampers,agent_supplied_client_listing,0.84,1,,"[""https://www.licenseglobal.com/licensing-resources/top-global-licensing-agents-client-list""]","[""licenseglobal_client_list""]"
124,Beanstalk,Pennzoil,agent_supplied_client_listing,0.84,1,,"[""https://www.licenseglobal.com/licensing-resources/top-global-licensing-agents-client-list""]","[""licenseglobal_client_list""]"
6,Beanstalk,Pg,first_party_portfolio_presence,0.91,2,https://www.beanstalk.com/client/pg,"[""https://www.beanstalk.com/""]","[""portfolio_card""]"
76,Beanstalk,Pimm’s,agent_supplied_client_listing,0.84,1,,"[""https://www.licenseglobal.com/licensing-resources/top-global-licensing-agents-client-list""]","[""licenseglobal_client_list""]"
89,Beanstalk,Pop-Tarts,agent_supplied_client_listing,0.84,1,,"[""https://www.licenseglobal.com/licensing-resources/top-global-licensing-agents-client-list""]","[""licenseglobal_client_list""]"
134,Beanstalk,Porter Cable,agent_supplied_client_listing,0.84,1,,"[""https://www.licenseglobal.com/licensing-resources/top-global-licensing-agents-client-list""]","[""licenseglobal_client_list""]"
90,Beanstalk,Pringles,agent_supplied_client_listing,0.84,1,https://www.joesterloriagroup.com/portfolio/project-three-sng7y-jkgxx-kmlk5-64gk3-28jj6-whllz-628j9-wrfjk-lw89h-2swne-p255j-d2dde-cyaj6-wtjy9-sm384,"[""https://www.licenseglobal.com/licensing-resources/top-global-licensing-agents-client-list""]","[""licenseglobal_client_list""]"
125,Beanstalk,Quaker State,agent_supplied_client_listing,0.84,1,,"[""https://www.licenseglobal.com/licensing-resources/top-global-licensing-agents-client-list""]","[""licenseglobal_client_list""]"
126,Beanstalk,Rabbids,agent_supplied_client_listing,0.84,1,,"[""https://www.licenseglobal.com/licensing-resources/top-global-licensing-agents-client-list""]","[""licenseglobal_client_list""]"
159,Beanstalk,Raisin Bran,agent_supplied_client_listing,0.84,1,,"[""https://www.licenseglobal.com/licensing-resources/top-global-licensing-agents-client-list""]","[""licenseglobal_client_list""]"
103,Beanstalk,Rare,agent_supplied_client_listing,0.84,1,,"[""https://www.licenseglobal.com/licensing-resources/top-global-licensing-agents-client-list""]","[""licenseglobal_client_list""]"
127,Beanstalk,Rayman,agent_supplied_client_listing,0.84,1,,"[""https://www.licenseglobal.com/licensing-resources/top-global-licensing-agents-client-list""]","[""licenseglobal_client_list""]"
92,Beanstalk,Rice Krispies Treats,agent_supplied_client_listing,0.84,1,https://www.joesterloriagroup.com/portfolio/project-three-sng7y-jkgxx-kmlk5-64gk3-28jj6-whllz-628j9-wrfjk-lw89h-2swne-p255j-d2dde-cyaj6-wtjy9,"[""https://www.licenseglobal.com/licensing-resources/top-global-licensing-agents-client-list""]","[""licenseglobal_client_list""]"
128,Beanstalk,Ritz Paris,agent_supplied_client_listing,0.84,1,,"[""https://www.licenseglobal.com/licensing-resources/top-global-licensing-agents-client-list""]","[""licenseglobal_client_list""]"
102,Beanstalk,Sea of Thieves,agent_supplied_client_listing,0.84,1,,"[""https://www.licenseglobal.com/licensing-resources/top-global-licensing-agents-client-list""]","[""licenseglobal_client_list""]"
77,Beanstalk,Smirnoff,agent_supplied_client_listing,0.84,1,,"[""https://www.licenseglobal.com/licensing-resources/top-global-licensing-agents-client-list""]","[""licenseglobal_client_list""]"
160,Beanstalk,Special K and Yvonne Ellen,agent_supplied_client_listing,0.84,1,,"[""https://www.licenseglobal.com/licensing-resources/top-global-licensing-agents-client-list""]","[""licenseglobal_client_list""]"
135,Beanstalk,Stanley,agent_supplied_client_listing,0.84,1,,"[""https://www.licenseglobal.com/licensing-resources/top-global-licensing-agents-client-list""]","[""licenseglobal_client_list""]"
11,Beanstalk,Stanley Black & Decker,first_party_portfolio_presence,0.91,1,https://www.beanstalk.com/client/stanley-black-decker,"[""https://www.beanstalk.com/""]","[""portfolio_card""]"
137,Beanstalk,TED,agent_supplied_client_listing,0.84,1,,"[""https://www.licenseglobal.com/licensing-resources/top-global-licensing-agents-client-list""]","[""licenseglobal_client_list""]"
139,Beanstalk,TGI Fridays,agent_supplied_client_listing,0.84,1,,"[""https://www.licenseglobal.com/licensing-resources/top-global-licensing-agents-client-list""]","[""licenseglobal_client_list""]"
9,Beanstalk,The Met,first_party_portfolio_presence,0.91,1,https://www.beanstalk.com/client/the-met,"[""https://www.beanstalk.com/""]","[""portfolio_card""]"
140,Beanstalk,The Metropolitan Museum of Art,agent_supplied_client_listing,0.84,1,,"[""https://www.licenseglobal.com/licensing-resources/top-global-licensing-agents-client-list""]","[""licenseglobal_client_list""]"
141,Beanstalk,The Ohio State University,agent_supplied_client_listing,0.84,1,,"[""https://www.licenseglobal.com/licensing-resources/top-global-licensing-agents-client-list""]","[""licenseglobal_client_list""]"
101,Beanstalk,The Outer Worlds,agent_supplied_client_listing,0.84,1,,"[""https://www.licenseglobal.com/licensing-resources/top-global-licensing-agents-client-list""]","[""licenseglobal_client_list""]"
122,Beanstalk,Tide,agent_supplied_client_listing,0.84,1,,"[""https://www.licenseglobal.com/licensing-resources/top-global-licensing-agents-client-list""]","[""licenseglobal_client_list""]"
142,Beanstalk,Tonino Lamborghini,agent_supplied_client_listing,0.84,1,,"[""https://www.licenseglobal.com/licensing-resources/top-global-licensing-agents-client-list""]","[""licenseglobal_client_list""]"
136,Beanstalk,Troy-Built,agent_supplied_client_listing,0.84,1,,"[""https://www.licenseglobal.com/licensing-resources/top-global-licensing-agents-client-list""]","[""licenseglobal_client_list""]"
13,Beanstalk,U.S. Army,first_party_portfolio_presence,0.91,2,https://www.beanstalk.com/client/us-army,"[""https://www.beanstalk.com/"", ""https://www.licenseglobal.com/licensing-resources/top-global-licensing-agents-client-list""]","[""licenseglobal_client_list"", ""portfolio_card""]"
145,Beanstalk,VW E-Games,agent_supplied_client_listing,0.84,1,,"[""https://www.licenseglobal.com/licensing-resources/top-global-licensing-agents-client-list""]","[""licenseglobal_client_list""]"
123,Beanstalk,Vicks,agent_supplied_client_listing,0.84,1,,"[""https://www.licenseglobal.com/licensing-resources/top-global-licensing-agents-client-list""]","[""licenseglobal_client_list""]"
144,Beanstalk,Volvo,agent_supplied_client_listing,0.84,1,,"[""https://www.licenseglobal.com/licensing-resources/top-global-licensing-agents-client-list""]","[""licenseglobal_client_list""]"
147,Beanstalk,WK Kellogg Co: All-Bran,agent_supplied_client_listing,0.84,1,,"[""https://www.licenseglobal.com/licensing-resources/top-global-licensing-agents-client-list""]","[""licenseglobal_client_list""]"
146,Beanstalk,Weight Watchers,agent_supplied_client_listing,0.84,1,,"[""https://www.licenseglobal.com/licensing-resources/top-global-licensing-agents-client-list""]","[""licenseglobal_client_list""]"
21,Beanstalk,Work with us,first_party_portfolio_presence,0.63,1,,"[""https://www.beanstalk.com/""]","[""semantic_anchor""]"
8,Beanstalk,Xbox,first_party_portfolio_presence,0.91,1,https://www.beanstalk.com/client/xbox,"[""https://www.beanstalk.com/""]","[""portfolio_card""]"
2,Beanstalk,brand owner services,first_party_portfolio_presence,0.74,2,,"[""https://www.beanstalk.com/"", ""https://www.beanstalk.com/en/brand-owners""]","[""portfolio_card""]"
1896,Born Licensing,Action Man And Moneysupermarket,first_party_portfolio_presence,0.91,1,https://bornlicensing.com/portfolio/action-man-and-moneysupermarket,"[""https://bornlicensing.com/work/""]","[""portfolio_card""]"
1415,Born Licensing,Angry Birds,first_party_portfolio_presence,0.63,2,,"[""https://bornlicensing.com/portfolio-thumbs/box-tops-and-general-mills-license-saved-by-the-bell"", ""https://bornlicensing.com/work/""]","[""semantic_anchor""]"
1909,Born Licensing,Bill And Teds Excellent Adventure And Walmart,first_party_portfolio_presence,0.91,1,https://bornlicensing.com/portfolio/bill-and-teds-excellent-adventure-and-walmart,"[""https://bornlicensing.com/work/""]","[""portfolio_card""]"
1907,Born Licensing,Bridget Jones And Marks And Spencer,first_party_portfolio_presence,0.91,1,https://bornlicensing.com/portfolio/bridget-jones-and-marks-and-spencer,"[""https://bornlicensing.com/work/""]","[""portfolio_card""]"
1903,Born Licensing,Bruce Lee Boost,first_party_portfolio_presence,0.91,1,https://bornlicensing.com/portfolio/bruce-lee-boost,"[""https://bornlicensing.com/work/""]","[""portfolio_card""]"
1872,Born Licensing,Buddy The Elf Asda Christmas,first_party_portfolio_presence,0.91,1,https://bornlicensing.com/portfolio/buddy-the-elf-asda-christmas,"[""https://bornlicensing.com/work/""]","[""portfolio_card""]"
1898,Born Licensing,Bumblebee And Direct Line Were On It,first_party_portfolio_presence,0.91,1,https://bornlicensing.com/portfolio/bumblebee-and-direct-line-were-on-it,"[""https://bornlicensing.com/work/""]","[""portfolio_card""]"
1910,Born Licensing,Candy Crush And Samsung,first_party_portfolio_presence,0.91,1,https://bornlicensing.com/portfolio/candy-crush-and-samsung,"[""https://bornlicensing.com/work/""]","[""portfolio_card""]"
253,Born Licensing,Care Bears,first_party_portfolio_presence,0.63,2,,"[""https://bornlicensing.com/portfolio-thumbs/box-tops-and-general-mills-license-saved-by-the-bell"", ""https://bornlicensing.com/work/""]","[""semantic_anchor""]"
1902,Born Licensing,Care Bears In Google Advert,first_party_portfolio_presence,0.91,1,https://bornlicensing.com/portfolio/care-bears-in-google-advert,"[""https://bornlicensing.com/work/""]","[""portfolio_card""]"
1904,Born Licensing,Celebrity Estates,first_party_portfolio_presence,0.74,1,,"[""https://bornlicensing.com/work/""]","[""portfolio_card""]"
1899,Born Licensing,Clip Licensing Campaigns,first_party_portfolio_presence,0.74,1,,"[""https://bornlicensing.com/work/""]","[""portfolio_card""]"
1892,Born Licensing,Direct Line,first_party_portfolio_presence,0.74,1,,"[""https://bornlicensing.com/work/""]","[""portfolio_card""]"
1157,Born Licensing,Disney,first_party_portfolio_presence,0.74,1,,"[""https://bornlicensing.com/work/""]","[""portfolio_card""]"
1887,Born Licensing,Donatello And Direct Line,first_party_portfolio_presence,0.91,1,https://bornlicensing.com/portfolio/donatello-and-direct-line,"[""https://bornlicensing.com/work/""]","[""portfolio_card""]"
1884,Born Licensing,Ford Aloha Wanderwell,first_party_portfolio_presence,0.91,1,https://bornlicensing.com/portfolio/ford-aloha-wanderwell,"[""https://bornlicensing.com/work/""]","[""portfolio_card""]"
1882,Born Licensing,Ford And Brannigan,first_party_portfolio_presence,0.91,1,https://bornlicensing.com/portfolio/ford-and-brannigan,"[""https://bornlicensing.com/work/""]","[""portfolio_card""]"
1890,Born Licensing,Furby In Natwest Tv Ad,first_party_portfolio_presence,0.91,1,https://bornlicensing.com/portfolio/furby-in-natwest-tv-ad,"[""https://bornlicensing.com/work/""]","[""portfolio_card""]"
1885,Born Licensing,Geico And Angry Birds,first_party_portfolio_presence,0.91,1,https://bornlicensing.com/portfolio/geico-and-angry-birds,"[""https://bornlicensing.com/work/""]","[""portfolio_card""]"
1881,Born Licensing,Geico And Furby,first_party_portfolio_presence,0.91,1,https://bornlicensing.com/portfolio/geico-and-furby,"[""https://bornlicensing.com/work/""]","[""portfolio_card""]"
1878,Born Licensing,Ghirardelli And Spongebob Squarepants,first_party_portfolio_presence,0.91,1,https://bornlicensing.com/portfolio/ghirardelli-and-spongebob-squarepants,"[""https://bornlicensing.com/work/""]","[""portfolio_card""]"
1901,Born Licensing,Gi Joe And Subaru,first_party_portfolio_presence,0.91,1,https://bornlicensing.com/portfolio/gi-joe-and-subaru,"[""https://bornlicensing.com/work/""]","[""portfolio_card""]"
665,Born Licensing,Hasbro,first_party_portfolio_presence,0.74,2,,"[""https://bornlicensing.com/portfolio-thumbs/box-tops-and-general-mills-license-saved-by-the-bell"", ""https://bornlicensing.com/work/""]","[""portfolio_card"", ""semantic_anchor""]"
1894,Born Licensing,Highlighted,first_party_portfolio_presence,0.74,1,,"[""https://bornlicensing.com/work/""]","[""portfolio_card""]"
1912,Born Licensing,Inspira Health And Operation,first_party_portfolio_presence,0.91,1,https://bornlicensing.com/portfolio/inspira-health-and-operation,"[""https://bornlicensing.com/work/""]","[""portfolio_card""]"
1874,Born Licensing,Invesco And The Joy Of Painting,first_party_portfolio_presence,0.91,1,https://bornlicensing.com/portfolio/invesco-and-the-joy-of-painting,"[""https://bornlicensing.com/work/""]","[""portfolio_card""]"
1880,Born Licensing,Johnsonville Foods And Popeye And Rockem Sockem,first_party_portfolio_presence,0.91,1,https://bornlicensing.com/portfolio/johnsonville-foods-and-popeye-and-rockem-sockem,"[""https://bornlicensing.com/work/""]","[""portfolio_card""]"
1918,Born Licensing,Kfc Licenses Tekken 7 Trackmania Turbo,first_party_portfolio_presence,0.91,1,https://bornlicensing.com/portfolio/kfc-licenses-tekken-7-trackmania-turbo,"[""https://bornlicensing.com/work/""]","[""portfolio_card""]"
1068,Born Licensing,King Features,first_party_portfolio_presence,0.63,2,,"[""https://bornlicensing.com/portfolio-thumbs/box-tops-and-general-mills-license-saved-by-the-bell"", ""https://bornlicensing.com/work/""]","[""semantic_anchor""]"
1873,Born Licensing,King Valkyrie Direct Line,first_party_portfolio_presence,0.91,1,https://bornlicensing.com/portfolio/king-valkyrie-direct-line,"[""https://bornlicensing.com/work/""]","[""portfolio_card""]"
1889,Born Licensing,League Of Legends And Google Pixel,first_party_portfolio_presence,0.91,1,https://bornlicensing.com/portfolio/league-of-legends-and-google-pixel,"[""https://bornlicensing.com/work/""]","[""portfolio_card""]"
1385,Born Licensing,MGM,first_party_portfolio_presence,0.74,1,,"[""https://bornlicensing.com/work/""]","[""portfolio_card""]"
1900,Born Licensing,Masters Of The Universe And Moneysupermarket,first_party_portfolio_presence,0.91,1,https://bornlicensing.com/portfolio/masters-of-the-universe-and-moneysupermarket,"[""https://bornlicensing.com/work/""]","[""portfolio_card""]"
1275,Born Licensing,Miraculous,first_party_portfolio_presence,0.63,2,,"[""https://bornlicensing.com/portfolio-thumbs/box-tops-and-general-mills-license-saved-by-the-bell"", ""https://bornlicensing.com/work/""]","[""semantic_anchor""]"
1897,Born Licensing,Money Supermarket,first_party_portfolio_presence,0.74,1,,"[""https://bornlicensing.com/work/""]","[""portfolio_card""]"
1915,Born Licensing,Neighbours And Cadbury,first_party_portfolio_presence,0.91,1,https://bornlicensing.com/portfolio/neighbours-and-cadbury,"[""https://bornlicensing.com/work/""]","[""portfolio_card""]"
1159,Born Licensing,Nickelodeon,first_party_portfolio_presence,0.74,1,,"[""https://bornlicensing.com/work/""]","[""portfolio_card""]"
1917,Born Licensing,Operation Allegheny Health Network,first_party_portfolio_presence,0.91,1,https://bornlicensing.com/portfolio/operation-allegheny-health-network,"[""https://bornlicensing.com/work/""]","[""portfolio_card""]"
1886,Born Licensing,Optimus Prime And Direct Line,first_party_portfolio_presence,0.91,1,https://bornlicensing.com/portfolio/optimus-prime-and-direct-line,"[""https://bornlicensing.com/work/""]","[""portfolio_card""]"
591,Born Licensing,Paramount,first_party_portfolio_presence,0.63,2,,"[""https://bornlicensing.com/portfolio-thumbs/box-tops-and-general-mills-license-saved-by-the-bell"", ""https://bornlicensing.com/work/""]","[""semantic_anchor""]"
1277,Born Licensing,Penguin Ventures,first_party_portfolio_presence,0.63,2,,"[""https://bornlicensing.com/portfolio-thumbs/box-tops-and-general-mills-license-saved-by-the-bell"", ""https://bornlicensing.com/work/""]","[""semantic_anchor""]"
1883,Born Licensing,Pga Tour Superstore Happy Gilmore,first_party_portfolio_presence,0.91,1,https://bornlicensing.com/portfolio/pga-tour-superstore-happy-gilmore,"[""https://bornlicensing.com/work/""]","[""portfolio_card""]"
1877,Born Licensing,Popeye And Anchor Milk,first_party_portfolio_presence,0.91,1,https://bornlicensing.com/portfolio/popeye-and-anchor-milk,"[""https://bornlicensing.com/work/""]","[""portfolio_card""]"
1891,Born Licensing,Robocop And Direct Line,first_party_portfolio_presence,0.91,1,https://bornlicensing.com/portfolio/robocop-and-direct-line,"[""https://bornlicensing.com/work/""]","[""portfolio_card""]"
1888,Born Licensing,Rocky And Facebook,first_party_portfolio_presence,0.91,1,https://bornlicensing.com/portfolio/rocky-and-facebook,"[""https://bornlicensing.com/work/""]","[""portfolio_card""]"
304,Born Licensing,Sesame Workshop,first_party_portfolio_presence,0.63,2,,"[""https://bornlicensing.com/portfolio-thumbs/box-tops-and-general-mills-license-saved-by-the-bell"", ""https://bornlicensing.com/work/""]","[""semantic_anchor""]"
1905,Born Licensing,Sindy And Thelma Louise And Moneysupermarket,first_party_portfolio_presence,0.91,1,https://bornlicensing.com/portfolio/sindy-and-thelma-louise-and-moneysupermarket,"[""https://bornlicensing.com/work/""]","[""portfolio_card""]"
1486,Born Licensing,Skip to Content,first_party_portfolio_presence,0.63,2,,"[""https://bornlicensing.com/portfolio-thumbs/box-tops-and-general-mills-license-saved-by-the-bell"", ""https://bornlicensing.com/work/""]","[""semantic_anchor""]"
1916,Born Licensing,Spongebob Squarepants And Ea Sports,first_party_portfolio_presence,0.91,1,https://bornlicensing.com/portfolio/spongebob-squarepants-and-ea-sports,"[""https://bornlicensing.com/work/""]","[""portfolio_card""]"
1913,Born Licensing,Spongebob Squarepants And Sonic And Whiplash And Instagram,first_party_portfolio_presence,0.91,1,https://bornlicensing.com/portfolio/spongebob-squarepants-and-sonic-and-whiplash-and-instagram,"[""https://bornlicensing.com/work/""]","[""portfolio_card""]"
1919,Born Licensing,Spongebob Squarepants Ritz Crackers,first_party_portfolio_presence,0.91,1,https://bornlicensing.com/portfolio/spongebob-squarepants-ritz-crackers,"[""https://bornlicensing.com/work/""]","[""portfolio_card""]"
1908,Born Licensing,Spongebob Squarepants Wallace And Gromit And T Mobile,first_party_portfolio_presence,0.91,1,https://bornlicensing.com/portfolio/spongebob-squarepants-wallace-and-gromit-and-t-mobile,"[""https://bornlicensing.com/work/""]","[""portfolio_card""]"
1879,Born Licensing,Street Fighter And The Aa,first_party_portfolio_presence,0.91,1,https://bornlicensing.com/portfolio/street-fighter-and-the-aa,"[""https://bornlicensing.com/work/""]","[""portfolio_card""]"
1893,Born Licensing,The Muppets And Barclaycard,first_party_portfolio_presence,0.91,1,https://bornlicensing.com/portfolio/the-muppets-and-barclaycard,"[""https://bornlicensing.com/work/""]","[""portfolio_card""]"
1542,Born Licensing,The Smurfs,first_party_portfolio_presence,0.63,2,,"[""https://bornlicensing.com/portfolio-thumbs/box-tops-and-general-mills-license-saved-by-the-bell"", ""https://bornlicensing.com/work/""]","[""semantic_anchor""]"
1875,Born Licensing,Tjmaxx And Scooby Doo,first_party_portfolio_presence,0.91,1,https://bornlicensing.com/portfolio/tjmaxx-and-scooby-doo,"[""https://bornlicensing.com/work/""]","[""portfolio_card""]"
1906,Born Licensing,Transformers And Simonds Homes,first_party_portfolio_presence,0.91,1,https://bornlicensing.com/portfolio/transformers-and-simonds-homes,"[""https://bornlicensing.com/work/""]","[""portfolio_card""]"
1911,Born Licensing,Universal,first_party_portfolio_presence,0.74,1,,"[""https://bornlicensing.com/work/""]","[""portfolio_card""]"
1876,Born Licensing,Virgin Atlantic And Maya Angelou Oprah Master Class,first_party_portfolio_presence,0.91,1,https://bornlicensing.com/portfolio/virgin-atlantic-and-maya-angelou-oprah-master-class,"[""https://bornlicensing.com/work/""]","[""portfolio_card""]"
1914,Born Licensing,Wallace And Gromit And Tesco,first_party_portfolio_presence,0.91,1,https://bornlicensing.com/portfolio/wallace-and-gromit-and-tesco,"[""https://bornlicensing.com/work/""]","[""portfolio_card""]"
1895,Born Licensing,Winnie The Pooh And British Airways,first_party_portfolio_presence,0.91,1,https://bornlicensing.com/portfolio/winnie-the-pooh-and-british-airways,"[""https://bornlicensing.com/work/""]","[""portfolio_card""]"
1920,Born Licensing,huglondon,first_party_portfolio_presence,0.74,2,,"[""https://bornlicensing.com/portfolio-thumbs/box-tops-and-general-mills-license-saved-by-the-bell"", ""https://bornlicensing.com/work/""]","[""portfolio_card"", ""semantic_anchor""]"
1856,Bradford Licensing,Explore all brands,first_party_portfolio_presence,0.74,1,,"[""https://www.bradfordlicensing.com/""]","[""portfolio_card""]"
1482,Bradford Licensing,Skip to Content,first_party_portfolio_presence,0.63,2,,"[""https://www.bradfordlicensing.com/"", ""https://www.bradfordlicensing.com/brands""]","[""semantic_anchor""]"
161,Brand Activation Consulting (BAC),Build-A-Bear Workshop,agent_supplied_client_listing,0.84,1,,"[""https://www.licenseglobal.com/licensing-resources/top-global-licensing-agents-client-list""]","[""licenseglobal_client_list""]"
164,Brand Activation Consulting (BAC),Hormel Foods,agent_supplied_client_listing,0.84,1,,"[""https://www.licenseglobal.com/licensing-resources/top-global-licensing-agents-client-list""]","[""licenseglobal_client_list""]"
165,Brand Activation Consulting (BAC),Just Born Confections,agent_supplied_client_listing,0.84,1,,"[""https://www.licenseglobal.com/licensing-resources/top-global-licensing-agents-client-list""]","[""licenseglobal_client_list""]"
166,Brand Activation Consulting (BAC),Revlon and Tropicana Group,agent_supplied_client_listing,0.84,1,,"[""https://www.licenseglobal.com/licensing-resources/top-global-licensing-agents-client-list""]","[""licenseglobal_client_list""]"
162,Brand Activation Consulting (BAC),The Hershey Company,agent_supplied_client_listing,0.84,1,,"[""https://www.licenseglobal.com/licensing-resources/top-global-licensing-agents-client-list""]","[""licenseglobal_client_list""]"
169,Brand Appeal Group,Cherokee,agent_supplied_client_listing,0.84,1,https://www.glg-brands.com/brand-licensing5/cherokee,"[""https://www.licenseglobal.com/licensing-resources/top-global-licensing-agents-client-list""]","[""licenseglobal_client_list""]"
174,Brand Appeal Group,Elen Tracy,agent_supplied_client_listing,0.84,1,,"[""https://www.licenseglobal.com/licensing-resources/top-global-licensing-agents-client-list""]","[""licenseglobal_client_list""]"
171,Brand Appeal Group,Gaiam,agent_supplied_client_listing,0.84,1,,"[""https://www.licenseglobal.com/licensing-resources/top-global-licensing-agents-client-list""]","[""licenseglobal_client_list""]"
175,Brand Appeal Group,John Deere,agent_supplied_client_listing,0.84,1,,"[""https://www.licenseglobal.com/licensing-resources/top-global-licensing-agents-client-list""]","[""licenseglobal_client_list""]"
177,Brand Appeal Group,Kappa,agent_supplied_client_listing,0.84,1,,"[""https://www.licenseglobal.com/licensing-resources/top-global-licensing-agents-client-list""]","[""licenseglobal_client_list""]"
167,Brand Appeal Group,Martha Stewart,agent_supplied_client_listing,0.84,1,,"[""https://www.licenseglobal.com/licensing-resources/top-global-licensing-agents-client-list""]","[""licenseglobal_client_list""]"
18,Brand Appeal Group,Our Services,first_party_portfolio_presence,0.63,1,,"[""https://www.brandappealgroup.com/brands/""]","[""semantic_anchor""]"
173,Brand Appeal Group,PsychoBunny,agent_supplied_client_listing,0.84,1,,"[""https://www.licenseglobal.com/licensing-resources/top-global-licensing-agents-client-list""]","[""licenseglobal_client_list""]"
176,Brand Appeal Group,Rebecca Minkoff,agent_supplied_client_listing,0.84,1,,"[""https://www.licenseglobal.com/licensing-resources/top-global-licensing-agents-client-list""]","[""licenseglobal_client_list""]"
179,Brand Appeal Group,Roots and TaylorMade,agent_supplied_client_listing,0.84,1,,"[""https://www.licenseglobal.com/licensing-resources/top-global-licensing-agents-client-list""]","[""licenseglobal_client_list""]"
1481,Brand Appeal Group,Skip to Content,first_party_portfolio_presence,0.63,1,,"[""https://www.brandappealgroup.com/brands/""]","[""semantic_anchor""]"
168,Brand Appeal Group,Sur La Table,agent_supplied_client_listing,0.84,1,,"[""https://www.licenseglobal.com/licensing-resources/top-global-licensing-agents-client-list""]","[""licenseglobal_client_list""]"
184,Brand Capital Marketing,Barrett Firearms and Polywood,agent_supplied_client_listing,0.84,1,,"[""https://www.licenseglobal.com/licensing-resources/top-global-licensing-agents-client-list""]","[""licenseglobal_client_list""]"
181,Brand Capital Marketing,Brown Jordan,first_party_portfolio_presence,0.84,3,,"[""https://brandcapitalmarketing.com/brands/"", ""https://brandcapitalmarketing.com/licensing-benefits/"", ""https://www.licenseglobal.com/licensing-resources/top-global-licensing-agents-client-list""]","[""licenseglobal_client_list"", ""portfolio_card""]"
1848,Brand Capital Marketing,Brown Jordan Fires,first_party_portfolio_presence,0.74,2,,"[""https://brandcapitalmarketing.com/brands/"", ""https://brandcapitalmarketing.com/licensing-benefits/""]","[""portfolio_card""]"
1849,Brand Capital Marketing,Brown Jordan Outdoor Kitchens,first_party_portfolio_presence,0.74,2,,"[""https://brandcapitalmarketing.com/brands/"", ""https://brandcapitalmarketing.com/licensing-benefits/""]","[""portfolio_card""]"
1845,Brand Capital Marketing,Country Living,first_party_portfolio_presence,0.74,2,,"[""https://brandcapitalmarketing.com/brands/"", ""https://brandcapitalmarketing.com/licensing-benefits/""]","[""portfolio_card""]"
1851,Brand Capital Marketing,Heritage Home Group,first_party_portfolio_presence,0.74,2,,"[""https://brandcapitalmarketing.com/brands/"", ""https://brandcapitalmarketing.com/licensing-benefits/""]","[""portfolio_card""]"
1850,Brand Capital Marketing,Hunter Fan Company,first_party_portfolio_presence,0.74,2,,"[""https://brandcapitalmarketing.com/brands/"", ""https://brandcapitalmarketing.com/licensing-benefits/""]","[""portfolio_card""]"
1841,Brand Capital Marketing,Licensing Benefits,first_party_portfolio_presence,0.74,2,,"[""https://brandcapitalmarketing.com/brands/"", ""https://brandcapitalmarketing.com/licensing-benefits/""]","[""portfolio_card""]"
1840,Brand Capital Marketing,Licensing Program Strategic Planning,first_party_portfolio_presence,0.74,2,,"[""https://brandcapitalmarketing.com/brands/"", ""https://brandcapitalmarketing.com/licensing-benefits/""]","[""portfolio_card""]"
1843,Brand Capital Marketing,Licensing Program Support,first_party_portfolio_presence,0.74,2,,"[""https://brandcapitalmarketing.com/brands/"", ""https://brandcapitalmarketing.com/licensing-benefits/""]","[""portfolio_card""]"
19,Brand Capital Marketing,Our Services,first_party_portfolio_presence,0.74,2,,"[""https://brandcapitalmarketing.com/brands/"", ""https://brandcapitalmarketing.com/licensing-benefits/""]","[""portfolio_card""]"
1825,Brand Capital Marketing,Our team,first_party_portfolio_presence,0.74,2,,"[""https://brandcapitalmarketing.com/brands/"", ""https://brandcapitalmarketing.com/licensing-benefits/""]","[""portfolio_card""]"
1842,Brand Capital Marketing,Partnership Values,first_party_portfolio_presence,0.74,2,,"[""https://brandcapitalmarketing.com/brands/"", ""https://brandcapitalmarketing.com/licensing-benefits/""]","[""portfolio_card""]"
1852,Brand Capital Marketing,Specialty Sleep Matttresses,first_party_portfolio_presence,0.74,2,,"[""https://brandcapitalmarketing.com/brands/"", ""https://brandcapitalmarketing.com/licensing-benefits/""]","[""portfolio_card""]"
183,Brand Capital Marketing,"Spectrum Brands (Cutter, Repel, Spectracide, Ecologic, Garden Safe, Hot Shot and Black Flag)",agent_supplied_client_listing,0.84,1,,"[""https://www.licenseglobal.com/licensing-resources/top-global-licensing-agents-client-list""]","[""licenseglobal_client_list""]"
1839,Brand Capital Marketing,Strategic Brand Licensing,first_party_portfolio_presence,0.74,2,,"[""https://brandcapitalmarketing.com/brands/"", ""https://brandcapitalmarketing.com/licensing-benefits/""]","[""portfolio_card""]"
1844,Brand Capital Marketing,Successful Results,first_party_portfolio_presence,0.74,2,,"[""https://brandcapitalmarketing.com/brands/"", ""https://brandcapitalmarketing.com/licensing-benefits/""]","[""portfolio_card""]"
180,Brand Capital Marketing,Trex,first_party_portfolio_presence,0.84,3,,"[""https://brandcapitalmarketing.com/brands/"", ""https://brandcapitalmarketing.com/licensing-benefits/"", ""https://www.licenseglobal.com/licensing-resources/top-global-licensing-agents-client-list""]","[""licenseglobal_client_list"", ""portfolio_card""]"
1846,Brand Capital Marketing,Trex Outdoor Furniture,first_party_portfolio_presence,0.74,2,,"[""https://brandcapitalmarketing.com/brands/"", ""https://brandcapitalmarketing.com/licensing-benefits/""]","[""portfolio_card""]"
1847,Brand Capital Marketing,Trex Outdoor Pergolas,first_party_portfolio_presence,0.74,2,,"[""https://brandcapitalmarketing.com/brands/"", ""https://brandcapitalmarketing.com/licensing-benefits/""]","[""portfolio_card""]"
182,Brand Capital Marketing,Wagner Spraytech,agent_supplied_client_listing,0.84,1,,"[""https://www.licenseglobal.com/licensing-resources/top-global-licensing-agents-client-list""]","[""licenseglobal_client_list""]"
1853,Brand Capital Marketing,Youth / Kids Furnishings,first_party_portfolio_presence,0.74,2,,"[""https://brandcapitalmarketing.com/brands/"", ""https://brandcapitalmarketing.com/licensing-benefits/""]","[""portfolio_card""]"
189,Brand Central,Bimbo Bakeries,agent_supplied_client_listing,0.84,1,,"[""https://www.licenseglobal.com/licensing-resources/top-global-licensing-agents-client-list""]","[""licenseglobal_client_list""]"
190,Brand Central,Boston Beer Company and Calypso Lemonade,agent_supplied_client_listing,0.84,1,,"[""https://www.licenseglobal.com/licensing-resources/top-global-licensing-agents-client-list""]","[""licenseglobal_client_list""]"
1800,Brand Central,Brand Extension,first_party_portfolio_presence,0.74,1,,"[""https://brandcentral.com/""]","[""portfolio_card""]"
186,Brand Central,J.M. Smucker Co,agent_supplied_client_listing,0.84,1,,"[""https://www.licenseglobal.com/licensing-resources/top-global-licensing-agents-client-list""]","[""licenseglobal_client_list""]"
187,Brand Central,Kraft Heinz,agent_supplied_client_listing,0.84,1,,"[""https://www.licenseglobal.com/licensing-resources/top-global-licensing-agents-client-list""]","[""licenseglobal_client_list""]"
185,Brand Central,Mars Wrigley,agent_supplied_client_listing,0.84,1,,"[""https://www.licenseglobal.com/licensing-resources/top-global-licensing-agents-client-list""]","[""licenseglobal_client_list""]"
1478,Brand Central,Skip to Content,first_party_portfolio_presence,0.63,1,,"[""https://brandcentral.com/""]","[""semantic_anchor""]"
188,Brand Central,Tapatio Hot Sauce,agent_supplied_client_listing,0.84,1,,"[""https://www.licenseglobal.com/licensing-resources/top-global-licensing-agents-client-list""]","[""licenseglobal_client_list""]"
195,Brand Licensing Team,Galardi Group 5 Love Languages and Kahala Brands,agent_supplied_client_listing,0.84,1,,"[""https://www.licenseglobal.com/licensing-resources/top-global-licensing-agents-client-list""]","[""licenseglobal_client_list""]"
191,Brand Licensing Team,General Mills,agent_supplied_client_listing,0.84,1,,"[""https://www.licenseglobal.com/licensing-resources/top-global-licensing-agents-client-list""]","[""licenseglobal_client_list""]"
193,Brand Licensing Team,Molson Coors,agent_supplied_client_listing,0.84,1,,"[""https://www.licenseglobal.com/licensing-resources/top-global-licensing-agents-client-list""]","[""licenseglobal_client_list""]"
194,Brand Licensing Team,Phillips66,agent_supplied_client_listing,0.84,1,,"[""https://www.licenseglobal.com/licensing-resources/top-global-licensing-agents-client-list""]","[""licenseglobal_client_list""]"
1447,Brandgenuity,Arm And Hammer,first_party_portfolio_presence,0.91,2,https://brandgenuity.com/clients/arm-and-hammer,"[""https://brandgenuity.com/clients"", ""https://brandgenuity.com/clients/""]","[""portfolio_card""]"
196,Brandgenuity,BMW,first_party_portfolio_presence,0.91,3,https://brandgenuity.com/clients/bmw,"[""https://brandgenuity.com/clients"", ""https://brandgenuity.com/clients/"", ""https://www.licenseglobal.com/licensing-resources/top-global-licensing-agents-client-list""]","[""licenseglobal_client_list"", ""portfolio_card""]"
1448,Brandgenuity,Banana Boat,first_party_portfolio_presence,0.91,2,https://brandgenuity.com/clients/banana-boat,"[""https://brandgenuity.com/clients"", ""https://brandgenuity.com/clients/""]","[""portfolio_card""]"
1449,Brandgenuity,Buffalo Trace,first_party_portfolio_presence,0.91,2,https://brandgenuity.com/clients/buffalo-trace,"[""https://brandgenuity.com/clients"", ""https://brandgenuity.com/clients/""]","[""portfolio_card""]"
197,Brandgenuity,"Church & Dwight (ARM & HAMMER, OxiClean, Flawless, Trojan)",agent_supplied_client_listing,0.84,1,,"[""https://www.licenseglobal.com/licensing-resources/top-global-licensing-agents-client-list""]","[""licenseglobal_client_list""]"
201,Brandgenuity,"Conagra (Swiss Miss, Vlasic)",agent_supplied_client_listing,0.84,1,,"[""https://www.licenseglobal.com/licensing-resources/top-global-licensing-agents-client-list""]","[""licenseglobal_client_list""]"
1450,Brandgenuity,Cremo,first_party_portfolio_presence,0.91,2,https://brandgenuity.com/clients/cremo,"[""https://brandgenuity.com/clients"", ""https://brandgenuity.com/clients/""]","[""portfolio_card""]"
1451,Brandgenuity,Diaper Genie,first_party_portfolio_presence,0.91,2,https://brandgenuity.com/clients/diaper-genie,"[""https://brandgenuity.com/clients"", ""https://brandgenuity.com/clients/""]","[""portfolio_card""]"
202,Brandgenuity,Dr. Scholl’s,agent_supplied_client_listing,0.84,1,,"[""https://www.licenseglobal.com/licensing-resources/top-global-licensing-agents-client-list""]","[""licenseglobal_client_list""]"
200,Brandgenuity,EA (The Sims),agent_supplied_client_listing,0.84,1,,"[""https://www.licenseglobal.com/licensing-resources/top-global-licensing-agents-client-list""]","[""licenseglobal_client_list""]"
206,Brandgenuity,"Edgewell Personal Care (Banana Boat, Hawaiian Tropic, Cremo, Schick, Skintimate, Wet Ones)",agent_supplied_client_listing,0.84,1,,"[""https://www.licenseglobal.com/licensing-resources/top-global-licensing-agents-client-list""]","[""licenseglobal_client_list""]"
1452,Brandgenuity,Fireball,first_party_portfolio_presence,0.91,2,https://brandgenuity.com/clients/fireball,"[""https://brandgenuity.com/clients"", ""https://brandgenuity.com/clients/""]","[""portfolio_card""]"
1453,Brandgenuity,Flawless,first_party_portfolio_presence,0.91,2,https://brandgenuity.com/clients/flawless,"[""https://brandgenuity.com/clients"", ""https://brandgenuity.com/clients/""]","[""portfolio_card""]"
1454,Brandgenuity,Hawaiian Tropic,first_party_portfolio_presence,0.91,2,https://brandgenuity.com/clients/hawaiian-tropic,"[""https://brandgenuity.com/clients"", ""https://brandgenuity.com/clients/""]","[""portfolio_card""]"
1455,Brandgenuity,Jergens,first_party_portfolio_presence,0.91,2,https://brandgenuity.com/clients/jergens,"[""https://brandgenuity.com/clients"", ""https://brandgenuity.com/clients/""]","[""portfolio_card""]"
1456,Brandgenuity,John Frieda,first_party_portfolio_presence,0.91,2,https://brandgenuity.com/clients/john-frieda,"[""https://brandgenuity.com/clients"", ""https://brandgenuity.com/clients/""]","[""portfolio_card""]"
36,Brandgenuity,KFC,first_party_portfolio_presence,0.91,3,https://brandgenuity.com/clients/kfc,"[""https://brandgenuity.com/clients"", ""https://brandgenuity.com/clients/"", ""https://www.licenseglobal.com/licensing-resources/top-global-licensing-agents-client-list""]","[""licenseglobal_client_list"", ""portfolio_card""]"
207,Brandgenuity,"Kao (Jergens, John Freida)",agent_supplied_client_listing,0.84,1,,"[""https://www.licenseglobal.com/licensing-resources/top-global-licensing-agents-client-list""]","[""licenseglobal_client_list""]"
204,Brandgenuity,Kona Ice,first_party_portfolio_presence,0.91,3,https://brandgenuity.com/clients/kona-ice,"[""https://brandgenuity.com/clients"", ""https://brandgenuity.com/clients/"", ""https://www.licenseglobal.com/licensing-resources/top-global-licensing-agents-client-list""]","[""licenseglobal_client_list"", ""portfolio_card""]"
1457,Brandgenuity,Litter Genie,first_party_portfolio_presence,0.91,2,https://brandgenuity.com/clients/litter-genie,"[""https://brandgenuity.com/clients"", ""https://brandgenuity.com/clients/""]","[""portfolio_card""]"
199,Brandgenuity,Mike’s Hot Honey,first_party_portfolio_presence,0.91,3,https://brandgenuity.com/clients/mikes-hot-honey,"[""https://brandgenuity.com/clients"", ""https://brandgenuity.com/clients/"", ""https://www.licenseglobal.com/licensing-resources/top-global-licensing-agents-client-list""]","[""licenseglobal_client_list"", ""portfolio_card""]"
1458,Brandgenuity,Mini,first_party_portfolio_presence,0.91,2,https://brandgenuity.com/clients/mini,"[""https://brandgenuity.com/clients"", ""https://brandgenuity.com/clients/""]","[""portfolio_card""]"
1459,Brandgenuity,Nflpa,first_party_portfolio_presence,0.91,2,https://brandgenuity.com/clients/nflpa,"[""https://brandgenuity.com/clients"", ""https://brandgenuity.com/clients/""]","[""portfolio_card""]"
1460,Brandgenuity,Nhlpa,first_party_portfolio_presence,0.91,2,https://brandgenuity.com/clients/nhlpa,"[""https://brandgenuity.com/clients"", ""https://brandgenuity.com/clients/""]","[""portfolio_card""]"
1461,Brandgenuity,Nissan,first_party_portfolio_presence,0.91,2,https://brandgenuity.com/clients/nissan,"[""https://brandgenuity.com/clients"", ""https://brandgenuity.com/clients/""]","[""portfolio_card""]"
198,Brandgenuity,"Nissan (GTR, Z, NISMO, Datsun)",agent_supplied_client_listing,0.84,1,,"[""https://www.licenseglobal.com/licensing-resources/top-global-licensing-agents-client-list""]","[""licenseglobal_client_list""]"
1462,Brandgenuity,Ocean Spray,first_party_portfolio_presence,0.91,2,https://brandgenuity.com/clients/ocean-spray,"[""https://brandgenuity.com/clients"", ""https://brandgenuity.com/clients/""]","[""portfolio_card""]"
1463,Brandgenuity,Oxiclean,first_party_portfolio_presence,0.91,2,https://brandgenuity.com/clients/oxiclean,"[""https://brandgenuity.com/clients"", ""https://brandgenuity.com/clients/""]","[""portfolio_card""]"
1464,Brandgenuity,Playtex Baby,first_party_portfolio_presence,0.91,2,https://brandgenuity.com/clients/playtex-baby,"[""https://brandgenuity.com/clients"", ""https://brandgenuity.com/clients/""]","[""portfolio_card""]"
203,Brandgenuity,Purple,first_party_portfolio_presence,0.91,3,https://brandgenuity.com/clients/purple,"[""https://brandgenuity.com/clients"", ""https://brandgenuity.com/clients/"", ""https://www.licenseglobal.com/licensing-resources/top-global-licensing-agents-client-list""]","[""licenseglobal_client_list"", ""portfolio_card""]"
1465,Brandgenuity,Royal Shakespeare Company,first_party_portfolio_presence,0.91,2,https://brandgenuity.com/clients/royal-shakespeare-company,"[""https://brandgenuity.com/clients"", ""https://brandgenuity.com/clients/""]","[""portfolio_card""]"
208,Brandgenuity,Royal Shakespeare Company and NFL Players Association (Europe only),agent_supplied_client_listing,0.84,1,,"[""https://www.licenseglobal.com/licensing-resources/top-global-licensing-agents-client-list""]","[""licenseglobal_client_list""]"
205,Brandgenuity,"Sazerac (Buffalo Trace, Fireball, Southern Comfort)",agent_supplied_client_listing,0.84,1,,"[""https://www.licenseglobal.com/licensing-resources/top-global-licensing-agents-client-list""]","[""licenseglobal_client_list""]"
1466,Brandgenuity,Schick,first_party_portfolio_presence,0.91,2,https://brandgenuity.com/clients/schick,"[""https://brandgenuity.com/clients"", ""https://brandgenuity.com/clients/""]","[""portfolio_card""]"
1467,Brandgenuity,Skintimate,first_party_portfolio_presence,0.91,2,https://brandgenuity.com/clients/skintimate,"[""https://brandgenuity.com/clients"", ""https://brandgenuity.com/clients/""]","[""portfolio_card""]"
1476,Brandgenuity,Skip to Content,first_party_portfolio_presence,0.63,2,,"[""https://brandgenuity.com/clients"", ""https://brandgenuity.com/clients/""]","[""semantic_anchor""]"
1468,Brandgenuity,Southern Comfort,first_party_portfolio_presence,0.91,2,https://brandgenuity.com/clients/southern-comfort,"[""https://brandgenuity.com/clients"", ""https://brandgenuity.com/clients/""]","[""portfolio_card""]"
1469,Brandgenuity,Swiss Miss,first_party_portfolio_presence,0.91,2,https://brandgenuity.com/clients/swiss-miss,"[""https://brandgenuity.com/clients"", ""https://brandgenuity.com/clients/""]","[""portfolio_card""]"
1470,Brandgenuity,The Sims,first_party_portfolio_presence,0.91,2,https://brandgenuity.com/clients/the-sims,"[""https://brandgenuity.com/clients"", ""https://brandgenuity.com/clients/""]","[""portfolio_card""]"
1471,Brandgenuity,Trojan,first_party_portfolio_presence,0.91,2,https://brandgenuity.com/clients/trojan,"[""https://brandgenuity.com/clients"", ""https://brandgenuity.com/clients/""]","[""portfolio_card""]"
1472,Brandgenuity,Vitafusion,first_party_portfolio_presence,0.91,2,https://brandgenuity.com/clients/vitafusion,"[""https://brandgenuity.com/clients"", ""https://brandgenuity.com/clients/""]","[""portfolio_card""]"
1473,Brandgenuity,Vlasic,first_party_portfolio_presence,0.91,2,https://brandgenuity.com/clients/vlasic,"[""https://brandgenuity.com/clients"", ""https://brandgenuity.com/clients/""]","[""portfolio_card""]"
1474,Brandgenuity,Wet Ones,first_party_portfolio_presence,0.91,2,https://brandgenuity.com/clients/wet-ones,"[""https://brandgenuity.com/clients"", ""https://brandgenuity.com/clients/""]","[""portfolio_card""]"
1475,Brandgenuity,Xtra,first_party_portfolio_presence,0.91,2,https://brandgenuity.com/clients/xtra,"[""https://brandgenuity.com/clients"", ""https://brandgenuity.com/clients/""]","[""portfolio_card""]"
212,Brentwood Licensing,Borghese,agent_supplied_client_listing,0.84,1,,"[""https://www.licenseglobal.com/licensing-resources/top-global-licensing-agents-client-list""]","[""licenseglobal_client_list""]"
210,Brentwood Licensing,Dearfoams,agent_supplied_client_listing,0.84,1,,"[""https://www.licenseglobal.com/licensing-resources/top-global-licensing-agents-client-list""]","[""licenseglobal_client_list""]"
213,Brentwood Licensing,Dog is Good,agent_supplied_client_listing,0.84,1,,"[""https://www.licenseglobal.com/licensing-resources/top-global-licensing-agents-client-list""]","[""licenseglobal_client_list""]"
211,Brentwood Licensing,Old Farmer’s Almanac,agent_supplied_client_listing,0.84,1,,"[""https://www.licenseglobal.com/licensing-resources/top-global-licensing-agents-client-list""]","[""licenseglobal_client_list""]"
214,Brentwood Licensing,Peace Frogs and Rubes Cartoons,agent_supplied_client_listing,0.84,1,,"[""https://www.licenseglobal.com/licensing-resources/top-global-licensing-agents-client-list""]","[""licenseglobal_client_list""]"
209,Brentwood Licensing,Wham-O,agent_supplied_client_listing,0.84,1,,"[""https://www.licenseglobal.com/licensing-resources/top-global-licensing-agents-client-list""]","[""licenseglobal_client_list""]"
217,Brevettar,Canada Soccer,agent_supplied_client_listing,0.84,1,,"[""https://www.licenseglobal.com/licensing-resources/top-global-licensing-agents-client-list""]","[""licenseglobal_client_list""]"
218,Brevettar,Canadian Soccer Players' Association and Canadian Men's National Soccer Team Players Association,agent_supplied_client_listing,0.84,1,,"[""https://www.licenseglobal.com/licensing-resources/top-global-licensing-agents-client-list""]","[""licenseglobal_client_list""]"
216,Brevettar,U.S. National Soccer Team Players' Association,agent_supplied_client_listing,0.84,1,,"[""https://www.licenseglobal.com/licensing-resources/top-global-licensing-agents-client-list""]","[""licenseglobal_client_list""]"
215,Brevettar,Upper Deck,agent_supplied_client_listing,0.84,1,,"[""https://www.licenseglobal.com/licensing-resources/top-global-licensing-agents-client-list""]","[""licenseglobal_client_list""]"
228,Broad Street Licensing Group,BIC USA,agent_supplied_client_listing,0.84,1,,"[""https://www.licenseglobal.com/licensing-resources/top-global-licensing-agents-client-list""]","[""licenseglobal_client_list""]"
1821,Broad Street Licensing Group,Brand Licensing,first_party_portfolio_presence,0.74,1,,"[""https://bslg.com/brand-representation/""]","[""portfolio_card""]"
1823,Broad Street Licensing Group,Brand Licensing Representation,first_party_portfolio_presence,0.74,1,,"[""https://bslg.com/brand-representation/""]","[""portfolio_card""]"
1801,Broad Street Licensing Group,Brand Representation,first_party_portfolio_presence,0.74,2,,"[""https://bslg.com/"", ""https://bslg.com/brand-representation/""]","[""portfolio_card""]"
219,Broad Street Licensing Group,Burger King,agent_supplied_client_listing,0.84,1,,"[""https://www.licenseglobal.com/licensing-resources/top-global-licensing-agents-client-list""]","[""licenseglobal_client_list""]"
1803,Broad Street Licensing Group,Explore All Clients,first_party_portfolio_presence,0.74,1,,"[""https://bslg.com/""]","[""portfolio_card""]"
225,Broad Street Licensing Group,Farm Rich,agent_supplied_client_listing,0.84,1,,"[""https://www.licenseglobal.com/licensing-resources/top-global-licensing-agents-client-list""]","[""licenseglobal_client_list""]"
223,Broad Street Licensing Group,Hard Rock,agent_supplied_client_listing,0.84,1,,"[""https://www.licenseglobal.com/licensing-resources/top-global-licensing-agents-client-list""]","[""licenseglobal_client_list""]"
226,Broad Street Licensing Group,OWS Foods,agent_supplied_client_listing,0.84,1,,"[""https://www.licenseglobal.com/licensing-resources/top-global-licensing-agents-client-list""]","[""licenseglobal_client_list""]"
230,Broad Street Licensing Group,Otter Pops and Pure Kick,agent_supplied_client_listing,0.84,1,,"[""https://www.licenseglobal.com/licensing-resources/top-global-licensing-agents-client-list""]","[""licenseglobal_client_list""]"
222,Broad Street Licensing Group,Rich Products,agent_supplied_client_listing,0.84,1,,"[""https://www.licenseglobal.com/licensing-resources/top-global-licensing-agents-client-list""]","[""licenseglobal_client_list""]"
224,Broad Street Licensing Group,SeaPak,agent_supplied_client_listing,0.84,1,,"[""https://www.licenseglobal.com/licensing-resources/top-global-licensing-agents-client-list""]","[""licenseglobal_client_list""]"
220,Broad Street Licensing Group,Subway,agent_supplied_client_listing,0.84,1,,"[""https://www.licenseglobal.com/licensing-resources/top-global-licensing-agents-client-list""]","[""licenseglobal_client_list""]"
227,Broad Street Licensing Group,Tony Roma's,agent_supplied_client_listing,0.84,1,,"[""https://www.licenseglobal.com/licensing-resources/top-global-licensing-agents-client-list""]","[""licenseglobal_client_list""]"
229,Broad Street Licensing Group,Wyler's Light,agent_supplied_client_listing,0.84,1,,"[""https://www.licenseglobal.com/licensing-resources/top-global-licensing-agents-client-list""]","[""licenseglobal_client_list""]"
235,Bulldog Licensing,Beano,agent_supplied_client_listing,0.84,1,,"[""https://www.licenseglobal.com/licensing-resources/top-global-licensing-agents-client-list""]","[""licenseglobal_client_list""]"
246,Bulldog Licensing,Beddybyes,agent_supplied_client_listing,0.84,1,,"[""https://www.licenseglobal.com/licensing-resources/top-global-licensing-agents-client-list""]","[""licenseglobal_client_list""]"
241,Bulldog Licensing,Beyblade X,agent_supplied_client_listing,0.84,1,,"[""https://www.licenseglobal.com/licensing-resources/top-global-licensing-agents-client-list""]","[""licenseglobal_client_list""]"
234,Bulldog Licensing,BioWare,agent_supplied_client_listing,0.84,1,,"[""https://www.licenseglobal.com/licensing-resources/top-global-licensing-agents-client-list""]","[""licenseglobal_client_list""]"
250,Bulldog Licensing,Care Bears,agent_supplied_client_listing,0.84,1,https://imglicensing.com/brands/care-bears/,"[""https://www.licenseglobal.com/licensing-resources/top-global-licensing-agents-client-list""]","[""licenseglobal_client_list""]"
254,Bulldog Licensing,Kidz Bop,agent_supplied_client_listing,0.84,1,,"[""https://www.licenseglobal.com/licensing-resources/top-global-licensing-agents-client-list""]","[""licenseglobal_client_list""]"
236,Bulldog Licensing,Match Attax,agent_supplied_client_listing,0.84,1,,"[""https://www.licenseglobal.com/licensing-resources/top-global-licensing-agents-client-list""]","[""licenseglobal_client_list""]"
232,Bulldog Licensing,Me to You,agent_supplied_client_listing,0.84,1,,"[""https://www.licenseglobal.com/licensing-resources/top-global-licensing-agents-client-list""]","[""licenseglobal_client_list""]"
242,Bulldog Licensing,Mr Bean,agent_supplied_client_listing,0.84,1,,"[""https://www.licenseglobal.com/licensing-resources/top-global-licensing-agents-client-list""]","[""licenseglobal_client_list""]"
244,Bulldog Licensing,Pinch of Nom,agent_supplied_client_listing,0.84,1,,"[""https://www.licenseglobal.com/licensing-resources/top-global-licensing-agents-client-list""]","[""licenseglobal_client_list""]"
247,Bulldog Licensing,Popeye,agent_supplied_client_listing,0.84,1,https://rightsandbrands.com/brands/popeye/,"[""https://www.licenseglobal.com/licensing-resources/top-global-licensing-agents-client-list""]","[""licenseglobal_client_list""]"
240,Bulldog Licensing,Rolling Stone Magazine,agent_supplied_client_listing,0.84,1,,"[""https://www.licenseglobal.com/licensing-resources/top-global-licensing-agents-client-list""]","[""licenseglobal_client_list""]"
237,Bulldog Licensing,Sesame Street,agent_supplied_client_listing,0.84,1,,"[""https://www.licenseglobal.com/licensing-resources/top-global-licensing-agents-client-list""]","[""licenseglobal_client_list""]"
231,Bulldog Licensing,Tamagotchi,agent_supplied_client_listing,0.84,1,,"[""https://www.licenseglobal.com/licensing-resources/top-global-licensing-agents-client-list""]","[""licenseglobal_client_list""]"
245,Bulldog Licensing,That's not my,agent_supplied_client_listing,0.84,1,,"[""https://www.licenseglobal.com/licensing-resources/top-global-licensing-agents-client-list""]","[""licenseglobal_client_list""]"
255,Bulldog Licensing,Totally Spies and Bullseye,agent_supplied_client_listing,0.84,1,,"[""https://www.licenseglobal.com/licensing-resources/top-global-licensing-agents-client-list""]","[""licenseglobal_client_list""]"
256,CAA Brand Management,Anheuser-Busch,agent_supplied_client_listing,0.84,1,,"[""https://www.licenseglobal.com/licensing-resources/top-global-licensing-agents-client-list""]","[""licenseglobal_client_list""]"
257,CAA Brand Management,Artestar,agent_supplied_client_listing,0.84,1,,"[""https://www.licenseglobal.com/licensing-resources/top-global-licensing-agents-client-list""]","[""licenseglobal_client_list""]"
258,CAA Brand Management,Baby Milo,agent_supplied_client_listing,0.84,1,,"[""https://www.licenseglobal.com/licensing-resources/top-global-licensing-agents-client-list""]","[""licenseglobal_client_list""]"
259,CAA Brand Management,Bath and Body Works,agent_supplied_client_listing,0.84,1,,"[""https://www.licenseglobal.com/licensing-resources/top-global-licensing-agents-client-list""]","[""licenseglobal_client_list""]"
260,CAA Brand Management,Beatrix Potter,agent_supplied_client_listing,0.84,1,,"[""https://www.licenseglobal.com/licensing-resources/top-global-licensing-agents-client-list""]","[""licenseglobal_client_list""]"
261,CAA Brand Management,Bob Marley,agent_supplied_client_listing,0.84,1,,"[""https://www.licenseglobal.com/licensing-resources/top-global-licensing-agents-client-list""]","[""licenseglobal_client_list""]"
262,CAA Brand Management,Bobcat,agent_supplied_client_listing,0.84,1,https://www.glg-brands.com/brand-licensing2/bobcat,"[""https://www.licenseglobal.com/licensing-resources/top-global-licensing-agents-client-list""]","[""licenseglobal_client_list""]"
1405,CAA Brand Management,Brand Consulting,first_party_portfolio_presence,0.74,2,,"[""https://www.caa.com/caabrandmanagement"", ""https://www.caa.com/entertainmenttalent/brand-management""]","[""portfolio_card""]"
1404,CAA Brand Management,Brand Studio,first_party_portfolio_presence,0.91,2,https://www.caa.com/brands/brand-studio,"[""https://www.caa.com/caabrandmanagement"", ""https://www.caa.com/entertainmenttalent/brand-management""]","[""portfolio_card""]"
264,CAA Brand Management,Bugatti,agent_supplied_client_listing,0.84,1,,"[""https://www.licenseglobal.com/licensing-resources/top-global-licensing-agents-client-list""]","[""licenseglobal_client_list""]"
311,CAA Brand Management,CAA Talent and UCLA,agent_supplied_client_listing,0.84,1,,"[""https://www.licenseglobal.com/licensing-resources/top-global-licensing-agents-client-list""]","[""licenseglobal_client_list""]"
1406,CAA Brand Management,Caa Brand Studio,first_party_portfolio_presence,0.91,2,https://www.caa.com/brands/caa-brand-studio,"[""https://www.caa.com/caabrandmanagement"", ""https://www.caa.com/entertainmenttalent/brand-management""]","[""portfolio_card""]"
266,CAA Brand Management,California Pizza Kitchen,agent_supplied_client_listing,0.84,1,,"[""https://www.licenseglobal.com/licensing-resources/top-global-licensing-agents-client-list""]","[""licenseglobal_client_list""]"
270,CAA Brand Management,Coca-Cola,agent_supplied_client_listing,0.84,1,,"[""https://www.licenseglobal.com/licensing-resources/top-global-licensing-agents-client-list""]","[""licenseglobal_client_list""]"
268,CAA Brand Management,Condé Nast,agent_supplied_client_listing,0.84,1,,"[""https://www.licenseglobal.com/licensing-resources/top-global-licensing-agents-client-list""]","[""licenseglobal_client_list""]"
272,CAA Brand Management,Dr. Seuss,agent_supplied_client_listing,0.84,1,,"[""https://www.licenseglobal.com/licensing-resources/top-global-licensing-agents-client-list""]","[""licenseglobal_client_list""]"
273,CAA Brand Management,Draper James,agent_supplied_client_listing,0.84,1,,"[""https://www.licenseglobal.com/licensing-resources/top-global-licensing-agents-client-list""]","[""licenseglobal_client_list""]"
274,CAA Brand Management,Ford,agent_supplied_client_listing,0.84,1,https://www.glg-brands.com/brand-licensing3/ford,"[""https://www.licenseglobal.com/licensing-resources/top-global-licensing-agents-client-list""]","[""licenseglobal_client_list""]"
276,CAA Brand Management,Formula One,agent_supplied_client_listing,0.84,1,,"[""https://www.licenseglobal.com/licensing-resources/top-global-licensing-agents-client-list""]","[""licenseglobal_client_list""]"
277,CAA Brand Management,Frida Kahlo,agent_supplied_client_listing,0.84,1,,"[""https://www.licenseglobal.com/licensing-resources/top-global-licensing-agents-client-list""]","[""licenseglobal_client_list""]"
279,CAA Brand Management,Genshin Impact,agent_supplied_client_listing,0.84,1,,"[""https://www.licenseglobal.com/licensing-resources/top-global-licensing-agents-client-list""]","[""licenseglobal_client_list""]"
281,CAA Brand Management,Headspace,agent_supplied_client_listing,0.84,1,,"[""https://www.licenseglobal.com/licensing-resources/top-global-licensing-agents-client-list""]","[""licenseglobal_client_list""]"
282,CAA Brand Management,Iconix,agent_supplied_client_listing,0.84,1,,"[""https://www.licenseglobal.com/licensing-resources/top-global-licensing-agents-client-list""]","[""licenseglobal_client_list""]"
283,CAA Brand Management,Jonathan Adler,agent_supplied_client_listing,0.84,1,,"[""https://www.licenseglobal.com/licensing-resources/top-global-licensing-agents-client-list""]","[""licenseglobal_client_list""]"
284,CAA Brand Management,McLaren,agent_supplied_client_listing,0.84,1,,"[""https://www.licenseglobal.com/licensing-resources/top-global-licensing-agents-client-list""]","[""licenseglobal_client_list""]"
286,CAA Brand Management,Miffy,agent_supplied_client_listing,0.84,1,https://www.joesterloriagroup.com/portfolio/project-three-sng7y-jkgxx-kmlk5-64gk3-28jj6-whllz-628j9,"[""https://www.licenseglobal.com/licensing-resources/top-global-licensing-agents-client-list""]","[""licenseglobal_client_list""]"
285,CAA Brand Management,Minecraft,agent_supplied_client_listing,0.84,1,,"[""https://www.licenseglobal.com/licensing-resources/top-global-licensing-agents-client-list""]","[""licenseglobal_client_list""]"
288,CAA Brand Management,Mondelez,agent_supplied_client_listing,0.84,1,,"[""https://www.licenseglobal.com/licensing-resources/top-global-licensing-agents-client-list""]","[""licenseglobal_client_list""]"
289,CAA Brand Management,Ms. Rachel,agent_supplied_client_listing,0.84,1,,"[""https://www.licenseglobal.com/licensing-resources/top-global-licensing-agents-client-list""]","[""licenseglobal_client_list""]"
290,CAA Brand Management,Netflix,agent_supplied_client_listing,0.84,1,,"[""https://www.licenseglobal.com/licensing-resources/top-global-licensing-agents-client-list""]","[""licenseglobal_client_list""]"
293,CAA Brand Management,One Championship,agent_supplied_client_listing,0.84,1,,"[""https://www.licenseglobal.com/licensing-resources/top-global-licensing-agents-client-list""]","[""licenseglobal_client_list""]"
294,CAA Brand Management,Outdoor Voices,agent_supplied_client_listing,0.84,1,,"[""https://www.licenseglobal.com/licensing-resources/top-global-licensing-agents-client-list""]","[""licenseglobal_client_list""]"
295,CAA Brand Management,PacSun,agent_supplied_client_listing,0.84,1,,"[""https://www.licenseglobal.com/licensing-resources/top-global-licensing-agents-client-list""]","[""licenseglobal_client_list""]"
296,CAA Brand Management,Paddington Bear,agent_supplied_client_listing,0.84,1,,"[""https://www.licenseglobal.com/licensing-resources/top-global-licensing-agents-client-list""]","[""licenseglobal_client_list""]"
297,CAA Brand Management,Paramount Pictures,agent_supplied_client_listing,0.84,1,,"[""https://www.licenseglobal.com/licensing-resources/top-global-licensing-agents-client-list""]","[""licenseglobal_client_list""]"
298,CAA Brand Management,Playboy,agent_supplied_client_listing,0.84,1,,"[""https://www.licenseglobal.com/licensing-resources/top-global-licensing-agents-client-list""]","[""licenseglobal_client_list""]"
299,CAA Brand Management,Porsche,agent_supplied_client_listing,0.84,1,,"[""https://www.licenseglobal.com/licensing-resources/top-global-licensing-agents-client-list""]","[""licenseglobal_client_list""]"
300,CAA Brand Management,Red Bull Racing,agent_supplied_client_listing,0.84,1,,"[""https://www.licenseglobal.com/licensing-resources/top-global-licensing-agents-client-list""]","[""licenseglobal_client_list""]"
301,CAA Brand Management,Riot Games,agent_supplied_client_listing,0.84,1,,"[""https://www.licenseglobal.com/licensing-resources/top-global-licensing-agents-client-list""]","[""licenseglobal_client_list""]"
302,CAA Brand Management,Royal Berkshire Polo Club,agent_supplied_client_listing,0.84,1,,"[""https://www.licenseglobal.com/licensing-resources/top-global-licensing-agents-client-list""]","[""licenseglobal_client_list""]"
303,CAA Brand Management,Sesame Workshop,agent_supplied_client_listing,0.84,1,,"[""https://www.licenseglobal.com/licensing-resources/top-global-licensing-agents-client-list""]","[""licenseglobal_client_list""]"
305,CAA Brand Management,Smurfs,agent_supplied_client_listing,0.84,1,,"[""https://www.licenseglobal.com/licensing-resources/top-global-licensing-agents-client-list""]","[""licenseglobal_client_list""]"
306,CAA Brand Management,Sony Pictures,agent_supplied_client_listing,0.84,1,,"[""https://www.licenseglobal.com/licensing-resources/top-global-licensing-agents-client-list""]","[""licenseglobal_client_list""]"
308,CAA Brand Management,Spalding,agent_supplied_client_listing,0.84,1,,"[""https://www.licenseglobal.com/licensing-resources/top-global-licensing-agents-client-list""]","[""licenseglobal_client_list""]"
310,CAA Brand Management,Stumble Guys,agent_supplied_client_listing,0.84,1,,"[""https://www.licenseglobal.com/licensing-resources/top-global-licensing-agents-client-list""]","[""licenseglobal_client_list""]"
221,CAA Brand Management,Subway,agent_supplied_client_listing,0.84,1,,"[""https://www.licenseglobal.com/licensing-resources/top-global-licensing-agents-client-list""]","[""licenseglobal_client_list""]"
269,CAA Brand Management,The Cheesecake Factory,agent_supplied_client_listing,0.84,1,,"[""https://www.licenseglobal.com/licensing-resources/top-global-licensing-agents-client-list""]","[""licenseglobal_client_list""]"
312,CLC,CLC currently represents nearly 800 colleges and universities,agent_supplied_client_listing,0.84,1,,"[""https://www.licenseglobal.com/licensing-resources/top-global-licensing-agents-client-list""]","[""licenseglobal_client_list""]"
317,CLC,Heisman Trophy Trus and other top collegiate brands,agent_supplied_client_listing,0.84,1,,"[""https://www.licenseglobal.com/licensing-resources/top-global-licensing-agents-client-list""]","[""licenseglobal_client_list""]"
320,CLC,Operation Hat Trick and hundreds of K-12 schools and state athletic associations,agent_supplied_client_listing,0.84,1,,"[""https://www.licenseglobal.com/licensing-resources/top-global-licensing-agents-client-list""]","[""licenseglobal_client_list""]"
318,CLC,as well as other sports,agent_supplied_client_listing,0.84,1,,"[""https://www.licenseglobal.com/licensing-resources/top-global-licensing-agents-client-list""]","[""licenseglobal_client_list""]"
313,CLC,athletic conferences,agent_supplied_client_listing,0.84,1,,"[""https://www.licenseglobal.com/licensing-resources/top-global-licensing-agents-client-list""]","[""licenseglobal_client_list""]"
314,CLC,bowls,agent_supplied_client_listing,0.84,1,,"[""https://www.licenseglobal.com/licensing-resources/top-global-licensing-agents-client-list""]","[""licenseglobal_client_list""]"
319,CLC,entertainment and scholastic brands such as the National Baseball Hall of Fame,agent_supplied_client_listing,0.84,1,,"[""https://www.licenseglobal.com/licensing-resources/top-global-licensing-agents-client-list""]","[""licenseglobal_client_list""]"
316,CLC,the College Football Playoff,agent_supplied_client_listing,0.84,1,,"[""https://www.licenseglobal.com/licensing-resources/top-global-licensing-agents-client-list""]","[""licenseglobal_client_list""]"
315,CLC,the NCAA,agent_supplied_client_listing,0.84,1,,"[""https://www.licenseglobal.com/licensing-resources/top-global-licensing-agents-client-list""]","[""licenseglobal_client_list""]"
1832,CODIMAGE,"Codimage, agence de licences",first_party_portfolio_presence,0.74,2,,"[""https://www.codimage.fr/pages/brands-managed-by-codimage.html"", ""https://www.codimage.fr/pages/codimage-licensing-agency-specialized-in-luxury-brands.html""]","[""portfolio_card""]"
1833,CODIMAGE,’marques gérées’,first_party_portfolio_presence,0.74,1,,"[""https://www.codimage.fr/pages/codimage-licensing-agency-specialized-in-luxury-brands.html""]","[""portfolio_card""]"
336,CPL Compañía Panamericana De Licencias,Atlus,agent_supplied_client_listing,0.84,1,,"[""https://www.licenseglobal.com/licensing-resources/top-global-licensing-agents-client-list""]","[""licenseglobal_client_list""]"
344,CPL Compañía Panamericana De Licencias,Dog Whispered and Cris Morena,agent_supplied_client_listing,0.84,1,,"[""https://www.licenseglobal.com/licensing-resources/top-global-licensing-agents-client-list""]","[""licenseglobal_client_list""]"
339,CPL Compañía Panamericana De Licencias,Futurity Brands (Paul Frank),agent_supplied_client_listing,0.84,1,,"[""https://www.licenseglobal.com/licensing-resources/top-global-licensing-agents-client-list""]","[""licenseglobal_client_list""]"
342,CPL Compañía Panamericana De Licencias,Inter de Milán,agent_supplied_client_listing,0.84,1,,"[""https://www.licenseglobal.com/licensing-resources/top-global-licensing-agents-client-list""]","[""licenseglobal_client_list""]"
340,CPL Compañía Panamericana De Licencias,Molang,agent_supplied_client_listing,0.84,1,,"[""https://www.licenseglobal.com/licensing-resources/top-global-licensing-agents-client-list""]","[""licenseglobal_client_list""]"
335,CPL Compañía Panamericana De Licencias,Sega of America,agent_supplied_client_listing,0.84,1,,"[""https://www.licenseglobal.com/licensing-resources/top-global-licensing-agents-client-list""]","[""licenseglobal_client_list""]"
341,CPL Compañía Panamericana De Licencias,Semk Ent. (B-Duck),agent_supplied_client_listing,0.84,1,,"[""https://www.licenseglobal.com/licensing-resources/top-global-licensing-agents-client-list""]","[""licenseglobal_client_list""]"
337,CPL Compañía Panamericana De Licencias,Ubisoft,agent_supplied_client_listing,0.84,1,,"[""https://www.licenseglobal.com/licensing-resources/top-global-licensing-agents-client-list""]","[""licenseglobal_client_list""]"
334,CPL Compañía Panamericana De Licencias,Warner Bros. Discovery,agent_supplied_client_listing,0.84,1,,"[""https://www.licenseglobal.com/licensing-resources/top-global-licensing-agents-client-list""]","[""licenseglobal_client_list""]"
343,CPL Compañía Panamericana De Licencias,World Legends Cup,agent_supplied_client_listing,0.84,1,,"[""https://www.licenseglobal.com/licensing-resources/top-global-licensing-agents-client-list""]","[""licenseglobal_client_list""]"
321,Collaborations Licensing,Bauducco,agent_supplied_client_listing,0.84,1,,"[""https://www.licenseglobal.com/licensing-resources/top-global-licensing-agents-client-list""]","[""licenseglobal_client_list""]"
322,Collaborations Licensing,Bums & Roses,agent_supplied_client_listing,0.84,1,,"[""https://www.licenseglobal.com/licensing-resources/top-global-licensing-agents-client-list""]","[""licenseglobal_client_list""]"
323,Collaborations Licensing,Coyote Promotions,agent_supplied_client_listing,0.84,1,,"[""https://www.licenseglobal.com/licensing-resources/top-global-licensing-agents-client-list""]","[""licenseglobal_client_list""]"
324,Collaborations Licensing,Critical Role,agent_supplied_client_listing,0.84,1,,"[""https://www.licenseglobal.com/licensing-resources/top-global-licensing-agents-client-list""]","[""licenseglobal_client_list""]"
325,Collaborations Licensing,Dr. Squatch,agent_supplied_client_listing,0.84,1,,"[""https://www.licenseglobal.com/licensing-resources/top-global-licensing-agents-client-list""]","[""licenseglobal_client_list""]"
326,Collaborations Licensing,Grüns,agent_supplied_client_listing,0.84,1,,"[""https://www.licenseglobal.com/licensing-resources/top-global-licensing-agents-client-list""]","[""licenseglobal_client_list""]"
327,Collaborations Licensing,Hedley & Bennett,agent_supplied_client_listing,0.84,1,,"[""https://www.licenseglobal.com/licensing-resources/top-global-licensing-agents-client-list""]","[""licenseglobal_client_list""]"
328,Collaborations Licensing,Jukebox,agent_supplied_client_listing,0.84,1,,"[""https://www.licenseglobal.com/licensing-resources/top-global-licensing-agents-client-list""]","[""licenseglobal_client_list""]"
329,Collaborations Licensing,Little Words Project,agent_supplied_client_listing,0.84,1,,"[""https://www.licenseglobal.com/licensing-resources/top-global-licensing-agents-client-list""]","[""licenseglobal_client_list""]"
330,Collaborations Licensing,Mush,agent_supplied_client_listing,0.84,1,,"[""https://www.licenseglobal.com/licensing-resources/top-global-licensing-agents-client-list""]","[""licenseglobal_client_list""]"
331,Collaborations Licensing,OLIPOP,agent_supplied_client_listing,0.84,1,,"[""https://www.licenseglobal.com/licensing-resources/top-global-licensing-agents-client-list""]","[""licenseglobal_client_list""]"
332,Collaborations Licensing,Palace,agent_supplied_client_listing,0.84,1,,"[""https://www.licenseglobal.com/licensing-resources/top-global-licensing-agents-client-list""]","[""licenseglobal_client_list""]"
333,Collaborations Licensing,Sauz and Smash Kitchen,agent_supplied_client_listing,0.84,1,,"[""https://www.licenseglobal.com/licensing-resources/top-global-licensing-agents-client-list""]","[""licenseglobal_client_list""]"
349,DeAPlaneta Entertainment,Animaj,agent_supplied_client_listing,0.84,1,,"[""https://www.licenseglobal.com/licensing-resources/top-global-licensing-agents-client-list""]","[""licenseglobal_client_list""]"
361,DeAPlaneta Entertainment,CJ,agent_supplied_client_listing,0.84,1,,"[""https://www.licenseglobal.com/licensing-resources/top-global-licensing-agents-client-list""]","[""licenseglobal_client_list""]"
356,DeAPlaneta Entertainment,Cloudco Entertainment,agent_supplied_client_listing,0.84,1,,"[""https://www.licenseglobal.com/licensing-resources/top-global-licensing-agents-client-list""]","[""licenseglobal_client_list""]"
354,DeAPlaneta Entertainment,Global Music,agent_supplied_client_listing,0.84,1,,"[""https://www.licenseglobal.com/licensing-resources/top-global-licensing-agents-client-list""]","[""licenseglobal_client_list""]"
358,DeAPlaneta Entertainment,IMPS,agent_supplied_client_listing,0.84,1,,"[""https://www.licenseglobal.com/licensing-resources/top-global-licensing-agents-client-list""]","[""licenseglobal_client_list""]"
353,DeAPlaneta Entertainment,Kidscave,agent_supplied_client_listing,0.84,1,,"[""https://www.licenseglobal.com/licensing-resources/top-global-licensing-agents-client-list""]","[""licenseglobal_client_list""]"
355,DeAPlaneta Entertainment,Mangouste,agent_supplied_client_listing,0.84,1,,"[""https://www.licenseglobal.com/licensing-resources/top-global-licensing-agents-client-list""]","[""licenseglobal_client_list""]"
345,DeAPlaneta Entertainment,Mediawan,agent_supplied_client_listing,0.84,1,,"[""https://www.licenseglobal.com/licensing-resources/top-global-licensing-agents-client-list""]","[""licenseglobal_client_list""]"
347,DeAPlaneta Entertainment,Moody,agent_supplied_client_listing,0.84,1,,"[""https://www.licenseglobal.com/licensing-resources/top-global-licensing-agents-client-list""]","[""licenseglobal_client_list""]"
348,DeAPlaneta Entertainment,ROI Animation,agent_supplied_client_listing,0.84,1,,"[""https://www.licenseglobal.com/licensing-resources/top-global-licensing-agents-client-list""]","[""licenseglobal_client_list""]"
359,DeAPlaneta Entertainment,Seaseme Workshop,agent_supplied_client_listing,0.84,1,,"[""https://www.licenseglobal.com/licensing-resources/top-global-licensing-agents-client-list""]","[""licenseglobal_client_list""]"
350,DeAPlaneta Entertainment,Spin Master,agent_supplied_client_listing,0.84,1,,"[""https://www.licenseglobal.com/licensing-resources/top-global-licensing-agents-client-list""]","[""licenseglobal_client_list""]"
346,DeAPlaneta Entertainment,SuperProd,agent_supplied_client_listing,0.84,1,,"[""https://www.licenseglobal.com/licensing-resources/top-global-licensing-agents-client-list""]","[""licenseglobal_client_list""]"
360,DeAPlaneta Entertainment,The Jim Henson Company,agent_supplied_client_listing,0.84,1,,"[""https://www.licenseglobal.com/licensing-resources/top-global-licensing-agents-client-list""]","[""licenseglobal_client_list""]"
1792,Earthbound Brands,About Our Strategy,first_party_portfolio_presence,0.74,1,,"[""https://earthboundbrands.com/licensing/""]","[""portfolio_card""]"
1796,Earthbound Brands,Brand Licensing Strategy,first_party_portfolio_presence,0.74,2,,"[""https://earthboundbrands.com/licensing/"", ""https://earthboundbrands.com/services/brand-licensing-strategy/""]","[""portfolio_card""]"
1791,Earthbound Brands,Brand Strategy,first_party_portfolio_presence,0.74,2,,"[""https://earthboundbrands.com/licensing/"", ""https://earthboundbrands.com/services/brand-licensing-strategy/""]","[""portfolio_card""]"
1793,Earthbound Brands,Collaborations →,first_party_portfolio_presence,0.74,1,,"[""https://earthboundbrands.com/licensing/""]","[""portfolio_card""]"
1794,Earthbound Brands,"brand collabs, co-branded products",first_party_portfolio_presence,0.74,1,,"[""https://earthboundbrands.com/licensing/""]","[""portfolio_card""]"
1795,Earthbound Brands,"co-branded products, brand collaborations",first_party_portfolio_presence,0.74,1,,"[""https://earthboundbrands.com/licensing/""]","[""portfolio_card""]"
367,Evolution USA,Blackburn,agent_supplied_client_listing,0.84,1,,"[""https://www.licenseglobal.com/licensing-resources/top-global-licensing-agents-client-list""]","[""licenseglobal_client_list""]"
405,Evolution USA,Blip Toys,agent_supplied_client_listing,0.84,1,,"[""https://www.licenseglobal.com/licensing-resources/top-global-licensing-agents-client-list""]","[""licenseglobal_client_list""]"
368,Evolution USA,Bushnell,agent_supplied_client_listing,0.84,1,,"[""https://www.licenseglobal.com/licensing-resources/top-global-licensing-agents-client-list""]","[""licenseglobal_client_list""]"
369,Evolution USA,Bushnell Golf,agent_supplied_client_listing,0.84,1,,"[""https://www.licenseglobal.com/licensing-resources/top-global-licensing-agents-client-list""]","[""licenseglobal_client_list""]"
370,Evolution USA,Camelbak,agent_supplied_client_listing,0.84,1,,"[""https://www.licenseglobal.com/licensing-resources/top-global-licensing-agents-client-list""]","[""licenseglobal_client_list""]"
364,Evolution USA,Camp Chef,agent_supplied_client_listing,0.84,1,,"[""https://www.licenseglobal.com/licensing-resources/top-global-licensing-agents-client-list""]","[""licenseglobal_client_list""]"
406,Evolution USA,Cosmox,agent_supplied_client_listing,0.84,1,,"[""https://www.licenseglobal.com/licensing-resources/top-global-licensing-agents-client-list""]","[""licenseglobal_client_list""]"
375,Evolution USA,Dali Universe,agent_supplied_client_listing,0.84,1,,"[""https://www.licenseglobal.com/licensing-resources/top-global-licensing-agents-client-list""]","[""licenseglobal_client_list""]"
376,Evolution USA,Ella Fitzgerald Estate,agent_supplied_client_listing,0.84,1,,"[""https://www.licenseglobal.com/licensing-resources/top-global-licensing-agents-client-list""]","[""licenseglobal_client_list""]"
407,Evolution USA,Fashion Angels,agent_supplied_client_listing,0.84,1,,"[""https://www.licenseglobal.com/licensing-resources/top-global-licensing-agents-client-list""]","[""licenseglobal_client_list""]"
365,Evolution USA,Fox Racing,agent_supplied_client_listing,0.84,1,,"[""https://www.licenseglobal.com/licensing-resources/top-global-licensing-agents-client-list""]","[""licenseglobal_client_list""]"
366,Evolution USA,Hoppe's 9,agent_supplied_client_listing,0.84,1,,"[""https://www.licenseglobal.com/licensing-resources/top-global-licensing-agents-client-list""]","[""licenseglobal_client_list""]"
374,Evolution USA,Loteria,agent_supplied_client_listing,0.84,1,,"[""https://www.licenseglobal.com/licensing-resources/top-global-licensing-agents-client-list""]","[""licenseglobal_client_list""]"
408,Evolution USA,MVN Entertainment,agent_supplied_client_listing,0.84,1,,"[""https://www.licenseglobal.com/licensing-resources/top-global-licensing-agents-client-list""]","[""licenseglobal_client_list""]"
378,Evolution USA,Neopets,agent_supplied_client_listing,0.84,1,,"[""https://www.licenseglobal.com/licensing-resources/top-global-licensing-agents-client-list""]","[""licenseglobal_client_list""]"
410,Evolution USA,PMI,agent_supplied_client_listing,0.84,1,,"[""https://www.licenseglobal.com/licensing-resources/top-global-licensing-agents-client-list""]","[""licenseglobal_client_list""]"
409,Evolution USA,Phenom Elite,agent_supplied_client_listing,0.84,1,,"[""https://www.licenseglobal.com/licensing-resources/top-global-licensing-agents-client-list""]","[""licenseglobal_client_list""]"
379,Evolution USA,Pressman Films: “The Crow,agent_supplied_client_listing,0.84,1,,"[""https://www.licenseglobal.com/licensing-resources/top-global-licensing-agents-client-list""]","[""licenseglobal_client_list""]"
363,Evolution USA,Primo Hunting,agent_supplied_client_listing,0.84,1,,"[""https://www.licenseglobal.com/licensing-resources/top-global-licensing-agents-client-list""]","[""licenseglobal_client_list""]"
362,Evolution USA,Revelyst Brands: Simms Fishing,agent_supplied_client_listing,0.84,1,,"[""https://www.licenseglobal.com/licensing-resources/top-global-licensing-agents-client-list""]","[""licenseglobal_client_list""]"
371,Evolution USA,Senna Brands: Ayrton Senna,agent_supplied_client_listing,0.84,1,,"[""https://www.licenseglobal.com/licensing-resources/top-global-licensing-agents-client-list""]","[""licenseglobal_client_list""]"
372,Evolution USA,Senna Driven,agent_supplied_client_listing,0.84,1,,"[""https://www.licenseglobal.com/licensing-resources/top-global-licensing-agents-client-list""]","[""licenseglobal_client_list""]"
411,Evolution USA,Sky Castle Toys,agent_supplied_client_listing,0.84,1,,"[""https://www.licenseglobal.com/licensing-resources/top-global-licensing-agents-client-list""]","[""licenseglobal_client_list""]"
377,Evolution USA,Smoko,agent_supplied_client_listing,0.84,1,,"[""https://www.licenseglobal.com/licensing-resources/top-global-licensing-agents-client-list""]","[""licenseglobal_client_list""]"
412,Evolution USA,UCC and Woobles,agent_supplied_client_listing,0.84,1,,"[""https://www.licenseglobal.com/licensing-resources/top-global-licensing-agents-client-list""]","[""licenseglobal_client_list""]"
373,Evolution USA,“Senna” (Netflix Series),agent_supplied_client_listing,0.84,1,,"[""https://www.licenseglobal.com/licensing-resources/top-global-licensing-agents-client-list""]","[""licenseglobal_client_list""]"
401,Evolution USA,“True Romance,agent_supplied_client_listing,0.84,1,,"[""https://www.licenseglobal.com/licensing-resources/top-global-licensing-agents-client-list""]","[""licenseglobal_client_list""]"
381,Evolution USA,” Gaumont Television: “Narcos,agent_supplied_client_listing,0.84,1,,"[""https://www.licenseglobal.com/licensing-resources/top-global-licensing-agents-client-list""]","[""licenseglobal_client_list""]"
404,Evolution USA,” Licensee Clients: Arcane Wonders,agent_supplied_client_listing,0.84,1,,"[""https://www.licenseglobal.com/licensing-resources/top-global-licensing-agents-client-list""]","[""licenseglobal_client_list""]"
403,Evolution USA,” “3000 Miles to Graceland,agent_supplied_client_listing,0.84,1,,"[""https://www.licenseglobal.com/licensing-resources/top-global-licensing-agents-client-list""]","[""licenseglobal_client_list""]"
380,Evolution USA,” “American Psycho,agent_supplied_client_listing,0.84,1,,"[""https://www.licenseglobal.com/licensing-resources/top-global-licensing-agents-client-list""]","[""licenseglobal_client_list""]"
386,Evolution USA,” “Black Hawk Down,agent_supplied_client_listing,0.84,1,,"[""https://www.licenseglobal.com/licensing-resources/top-global-licensing-agents-client-list""]","[""licenseglobal_client_list""]"
387,Evolution USA,” “Coupe de Ville,agent_supplied_client_listing,0.84,1,,"[""https://www.licenseglobal.com/licensing-resources/top-global-licensing-agents-client-list""]","[""licenseglobal_client_list""]"
388,Evolution USA,” “Dead Ringers,agent_supplied_client_listing,0.84,1,,"[""https://www.licenseglobal.com/licensing-resources/top-global-licensing-agents-client-list""]","[""licenseglobal_client_list""]"
389,Evolution USA,” “Exorcist III,agent_supplied_client_listing,0.84,1,,"[""https://www.licenseglobal.com/licensing-resources/top-global-licensing-agents-client-list""]","[""licenseglobal_client_list""]"
391,Evolution USA,” “Exorcist: Domination,agent_supplied_client_listing,0.84,1,,"[""https://www.licenseglobal.com/licensing-resources/top-global-licensing-agents-client-list""]","[""licenseglobal_client_list""]"
390,Evolution USA,” “Exorcist: The Beginning,agent_supplied_client_listing,0.84,1,,"[""https://www.licenseglobal.com/licensing-resources/top-global-licensing-agents-client-list""]","[""licenseglobal_client_list""]"
392,Evolution USA,” “Get Carter,agent_supplied_client_listing,0.84,1,,"[""https://www.licenseglobal.com/licensing-resources/top-global-licensing-agents-client-list""]","[""licenseglobal_client_list""]"
383,Evolution USA,” “Hannibal,agent_supplied_client_listing,0.84,1,,"[""https://www.licenseglobal.com/licensing-resources/top-global-licensing-agents-client-list""]","[""licenseglobal_client_list""]"
393,Evolution USA,” “Heist,agent_supplied_client_listing,0.84,1,,"[""https://www.licenseglobal.com/licensing-resources/top-global-licensing-agents-client-list""]","[""licenseglobal_client_list""]"
394,Evolution USA,” “Juwanna Mann,agent_supplied_client_listing,0.84,1,,"[""https://www.licenseglobal.com/licensing-resources/top-global-licensing-agents-client-list""]","[""licenseglobal_client_list""]"
395,Evolution USA,” “Major League,agent_supplied_client_listing,0.84,1,,"[""https://www.licenseglobal.com/licensing-resources/top-global-licensing-agents-client-list""]","[""licenseglobal_client_list""]"
382,Evolution USA,” “Narcos Mexico,agent_supplied_client_listing,0.84,1,,"[""https://www.licenseglobal.com/licensing-resources/top-global-licensing-agents-client-list""]","[""licenseglobal_client_list""]"
396,Evolution USA,” “Nightbreed,agent_supplied_client_listing,0.84,1,,"[""https://www.licenseglobal.com/licensing-resources/top-global-licensing-agents-client-list""]","[""licenseglobal_client_list""]"
397,Evolution USA,” “Punch Drunk Love,agent_supplied_client_listing,0.84,1,,"[""https://www.licenseglobal.com/licensing-resources/top-global-licensing-agents-client-list""]","[""licenseglobal_client_list""]"
385,Evolution USA,” “Return to Silent Hill,agent_supplied_client_listing,0.84,1,,"[""https://www.licenseglobal.com/licensing-resources/top-global-licensing-agents-client-list""]","[""licenseglobal_client_list""]"
384,Evolution USA,” “Silent Hill,agent_supplied_client_listing,0.84,1,,"[""https://www.licenseglobal.com/licensing-resources/top-global-licensing-agents-client-list""]","[""licenseglobal_client_list""]"
398,Evolution USA,” “The Crush,agent_supplied_client_listing,0.84,1,,"[""https://www.licenseglobal.com/licensing-resources/top-global-licensing-agents-client-list""]","[""licenseglobal_client_list""]"
400,Evolution USA,” “The Fog” (2005),agent_supplied_client_listing,0.84,1,,"[""https://www.licenseglobal.com/licensing-resources/top-global-licensing-agents-client-list""]","[""licenseglobal_client_list""]"
399,Evolution USA,” “The Whole Nine Yards,agent_supplied_client_listing,0.84,1,,"[""https://www.licenseglobal.com/licensing-resources/top-global-licensing-agents-client-list""]","[""licenseglobal_client_list""]"
402,Evolution USA,” “Young Guns,agent_supplied_client_listing,0.84,1,,"[""https://www.licenseglobal.com/licensing-resources/top-global-licensing-agents-client-list""]","[""licenseglobal_client_list""]"
1484,Firefly Brand Management,Skip to Content,first_party_portfolio_presence,0.63,2,,"[""https://fireflybrandmanagement.com/"", ""https://fireflybrandmanagement.com/brands/""]","[""semantic_anchor""]"
1555,GLG Brands,808 Audio,first_party_portfolio_presence,0.91,1,https://www.glg-brands.com/brand-licensing6/808-audio,"[""https://www.glg-brands.com/brands-list""]","[""portfolio_card""]"
1560,GLG Brands,ALPINE,first_party_portfolio_presence,0.97,2,https://www.glg-brands.com/brand-licensing5/alpine,"[""https://www.glg-brands.com/brand-licensing1/acer"", ""https://www.glg-brands.com/brands-list""]","[""embedded_or_network_json"", ""portfolio_card""]"
1561,GLG Brands,ALV by Alviero Martini,first_party_portfolio_presence,0.97,2,https://www.glg-brands.com/brand-licensing1/alv-by-alviero-martini,"[""https://www.glg-brands.com/brand-licensing1/acer"", ""https://www.glg-brands.com/brands-list""]","[""embedded_or_network_json"", ""portfolio_card""]"
1570,GLG Brands,AVIREX,first_party_portfolio_presence,0.97,2,https://www.glg-brands.com/brand-licensing6/avirex,"[""https://www.glg-brands.com/brand-licensing1/acer"", ""https://www.glg-brands.com/brands-list""]","[""embedded_or_network_json"", ""portfolio_card""]"
418,GLG Brands,Acer,first_party_portfolio_presence,0.91,1,https://www.glg-brands.com/brand-licensing1/acer,"[""https://www.glg-brands.com/brands-list""]","[""portfolio_card""]"
1556,GLG Brands,Acoustic Research,first_party_portfolio_presence,0.97,2,https://www.glg-brands.com/brand-licensing7/acoustic-research,"[""https://www.glg-brands.com/brand-licensing1/acer"", ""https://www.glg-brands.com/brands-list""]","[""embedded_or_network_json"", ""portfolio_card""]"
1557,GLG Brands,Admiral,first_party_portfolio_presence,0.97,2,https://www.glg-brands.com/brand-licensing1/admiral,"[""https://www.glg-brands.com/brand-licensing1/acer"", ""https://www.glg-brands.com/brands-list""]","[""embedded_or_network_json"", ""portfolio_card""]"
1558,GLG Brands,Akademiks,first_party_portfolio_presence,0.97,2,https://www.glg-brands.com/brand-licensing1/akademiks,"[""https://www.glg-brands.com/brand-licensing1/acer"", ""https://www.glg-brands.com/brands-list""]","[""embedded_or_network_json"", ""portfolio_card""]"
1559,GLG Brands,Alessandro Dell'Acqua,first_party_portfolio_presence,0.97,2,https://www.glg-brands.com/brand-licensing1/alessandro-dell'acqua,"[""https://www.glg-brands.com/brand-licensing1/acer"", ""https://www.glg-brands.com/brands-list""]","[""embedded_or_network_json"", ""portfolio_card""]"
1562,GLG Brands,Andrea Alvin Portfolio,first_party_portfolio_presence,0.97,2,https://www.glg-brands.com/brand-licensing6/andrea-alvin-portfolio,"[""https://www.glg-brands.com/brand-licensing1/acer"", ""https://www.glg-brands.com/brands-list""]","[""embedded_or_network_json"", ""portfolio_card""]"
1563,GLG Brands,Anne Klein,first_party_portfolio_presence,0.97,2,https://www.glg-brands.com/brand-licensing1/anne-klein,"[""https://www.glg-brands.com/brand-licensing1/acer"", ""https://www.glg-brands.com/brands-list""]","[""embedded_or_network_json"", ""portfolio_card""]"
1564,GLG Brands,AnziBesson,first_party_portfolio_presence,0.97,2,https://www.glg-brands.com/brand-licensing7/anzibesson,"[""https://www.glg-brands.com/brand-licensing1/acer"", ""https://www.glg-brands.com/brands-list""]","[""embedded_or_network_json"", ""portfolio_card""]"
1565,GLG Brands,Aquascutum,first_party_portfolio_presence,0.97,2,https://www.glg-brands.com/brand-licensing2/aquascutum,"[""https://www.glg-brands.com/brand-licensing1/acer"", ""https://www.glg-brands.com/brands-list""]","[""embedded_or_network_json"", ""portfolio_card""]"
1566,GLG Brands,Artful Dodger,first_party_portfolio_presence,0.97,2,https://www.glg-brands.com/brand-licensing1/artful-dodger,"[""https://www.glg-brands.com/brand-licensing1/acer"", ""https://www.glg-brands.com/brands-list""]","[""embedded_or_network_json"", ""portfolio_card""]"
1567,GLG Brands,Atletico de Madrid,first_party_portfolio_presence,0.97,2,https://www.glg-brands.com/brand-licensing2/atletico-de-madrid,"[""https://www.glg-brands.com/brand-licensing1/acer"", ""https://www.glg-brands.com/brands-list""]","[""embedded_or_network_json"", ""portfolio_card""]"
1568,GLG Brands,August Max Woman,first_party_portfolio_presence,0.97,2,https://www.glg-brands.com/brand-licensing1/august-max-woman,"[""https://www.glg-brands.com/brand-licensing1/acer"", ""https://www.glg-brands.com/brands-list""]","[""embedded_or_network_json"", ""portfolio_card""]"
1569,GLG Brands,Australian,first_party_portfolio_presence,0.97,2,https://www.glg-brands.com/brand-licensing7/australian,"[""https://www.glg-brands.com/brand-licensing1/acer"", ""https://www.glg-brands.com/brands-list""]","[""embedded_or_network_json"", ""portfolio_card""]"
1573,GLG Brands,BEBE,first_party_portfolio_presence,0.97,2,https://www.glg-brands.com/brand-licensing2/bebe,"[""https://www.glg-brands.com/brand-licensing1/acer"", ""https://www.glg-brands.com/brands-list""]","[""embedded_or_network_json"", ""portfolio_card""]"
1575,GLG Brands,BEN de LISI,first_party_portfolio_presence,0.97,2,https://www.glg-brands.com/brand-licensing2/ben-de-lisi,"[""https://www.glg-brands.com/brand-licensing1/acer"", ""https://www.glg-brands.com/brands-list""]","[""embedded_or_network_json"", ""portfolio_card""]"
1579,GLG Brands,BIKE,first_party_portfolio_presence,0.97,2,https://www.glg-brands.com/brand-licensing2/bike,"[""https://www.glg-brands.com/brand-licensing1/acer"", ""https://www.glg-brands.com/brands-list""]","[""embedded_or_network_json"", ""portfolio_card""]"
1583,GLG Brands,BONOBOS,first_party_portfolio_presence,0.97,2,https://www.glg-brands.com/brand-licensing2/bonobos,"[""https://www.glg-brands.com/brand-licensing1/acer"", ""https://www.glg-brands.com/brands-list""]","[""embedded_or_network_json"", ""portfolio_card""]"
1571,GLG Brands,Babies R Us,first_party_portfolio_presence,0.97,2,https://www.glg-brands.com/brand-licensing2/babies-r-us,"[""https://www.glg-brands.com/brand-licensing1/acer"", ""https://www.glg-brands.com/brands-list""]","[""embedded_or_network_json"", ""portfolio_card""]"
1572,GLG Brands,Baldinini,first_party_portfolio_presence,0.97,2,https://www.glg-brands.com/brand-licensing2/baldinini,"[""https://www.glg-brands.com/brand-licensing1/acer"", ""https://www.glg-brands.com/brands-list""]","[""embedded_or_network_json"", ""portfolio_card""]"
1574,GLG Brands,Ben Hogan,first_party_portfolio_presence,0.97,2,https://www.glg-brands.com/brand-licensing1/ben-hogan,"[""https://www.glg-brands.com/brand-licensing1/acer"", ""https://www.glg-brands.com/brands-list""]","[""embedded_or_network_json"", ""portfolio_card""]"
1210,GLG Brands,Bench,first_party_portfolio_presence,0.97,2,https://www.glg-brands.com/brand-licensing1/bench,"[""https://www.glg-brands.com/brand-licensing1/acer"", ""https://www.glg-brands.com/brands-list""]","[""embedded_or_network_json"", ""portfolio_card""]"
1576,GLG Brands,Benny Hill,first_party_portfolio_presence,0.97,2,https://www.glg-brands.com/brand-licensing7/benny-hill,"[""https://www.glg-brands.com/brand-licensing1/acer"", ""https://www.glg-brands.com/brands-list""]","[""embedded_or_network_json"", ""portfolio_card""]"
1577,GLG Brands,Beverly hills & hollywood cricket club,first_party_portfolio_presence,0.97,2,https://www.glg-brands.com/brand-licensing7/beverly-hills-and-hollywood-cricket-club,"[""https://www.glg-brands.com/brand-licensing1/acer"", ""https://www.glg-brands.com/brands-list""]","[""embedded_or_network_json"", ""portfolio_card""]"
1578,GLG Brands,Biion,first_party_portfolio_presence,0.97,2,https://www.glg-brands.com/brand-licensing2/biion,"[""https://www.glg-brands.com/brand-licensing1/acer"", ""https://www.glg-brands.com/brands-list""]","[""embedded_or_network_json"", ""portfolio_card""]"
1580,GLG Brands,Billboard,first_party_portfolio_presence,0.97,2,https://www.glg-brands.com/brand-licensing5/billboard,"[""https://www.glg-brands.com/brand-licensing1/acer"", ""https://www.glg-brands.com/brands-list""]","[""embedded_or_network_json"", ""portfolio_card""]"
1581,GLG Brands,Blaupunkt,first_party_portfolio_presence,0.97,2,https://www.glg-brands.com/brand-licensing2/blaupunkt,"[""https://www.glg-brands.com/brand-licensing1/acer"", ""https://www.glg-brands.com/brands-list""]","[""embedded_or_network_json"", ""portfolio_card""]"
263,GLG Brands,Bobcat,first_party_portfolio_presence,0.97,2,https://www.glg-brands.com/brand-licensing2/bobcat,"[""https://www.glg-brands.com/brand-licensing1/acer"", ""https://www.glg-brands.com/brands-list""]","[""embedded_or_network_json"", ""portfolio_card""]"
1582,GLG Brands,Bongo,first_party_portfolio_presence,0.97,2,https://www.glg-brands.com/brand-licensing2/bongo,"[""https://www.glg-brands.com/brand-licensing1/acer"", ""https://www.glg-brands.com/brands-list""]","[""embedded_or_network_json"", ""portfolio_card""]"
1584,GLG Brands,Boy London,first_party_portfolio_presence,0.97,2,https://www.glg-brands.com/brand-licensing1/boy-london,"[""https://www.glg-brands.com/brand-licensing1/acer"", ""https://www.glg-brands.com/brands-list""]","[""embedded_or_network_json"", ""portfolio_card""]"
1554,GLG Brands,Brand List,first_party_portfolio_presence,0.74,2,,"[""https://www.glg-brands.com/brand-licensing1/acer"", ""https://www.glg-brands.com/brands-list""]","[""portfolio_card""]"
1553,GLG Brands,Brands Available for Licensing,first_party_portfolio_presence,0.74,2,,"[""https://www.glg-brands.com/brand-licensing1/acer"", ""https://www.glg-brands.com/brands-list""]","[""portfolio_card""]"
1585,GLG Brands,British Knights,first_party_portfolio_presence,0.97,2,https://www.glg-brands.com/brand-licensing2/british-knights,"[""https://www.glg-brands.com/brand-licensing1/acer"", ""https://www.glg-brands.com/brands-list""]","[""embedded_or_network_json"", ""portfolio_card""]"
1586,GLG Brands,British Motor Heritage,first_party_portfolio_presence,0.97,2,https://www.glg-brands.com/brand-licensing2/british-motor-heritage,"[""https://www.glg-brands.com/brand-licensing1/acer"", ""https://www.glg-brands.com/brands-list""]","[""embedded_or_network_json"", ""portfolio_card""]"
1155,GLG Brands,Brookstone,first_party_portfolio_presence,0.97,2,https://www.glg-brands.com/brand-licensing5/brookstone,"[""https://www.glg-brands.com/brand-licensing1/acer"", ""https://www.glg-brands.com/brands-list""]","[""embedded_or_network_json"", ""portfolio_card""]"
1587,GLG Brands,Brough Superior,first_party_portfolio_presence,0.97,2,https://www.glg-brands.com/brand-licensing6/brough-superior,"[""https://www.glg-brands.com/brand-licensing1/acer"", ""https://www.glg-brands.com/brands-list""]","[""embedded_or_network_json"", ""portfolio_card""]"
1588,GLG Brands,Bsa,first_party_portfolio_presence,0.97,2,https://www.glg-brands.com/brand-licensing2/bsa,"[""https://www.glg-brands.com/brand-licensing1/acer"", ""https://www.glg-brands.com/brands-list""]","[""embedded_or_network_json"", ""portfolio_card""]"
1589,GLG Brands,Buffalo David Bitton,first_party_portfolio_presence,0.97,2,https://www.glg-brands.com/brand-licensing2/buffalo-david-bitton,"[""https://www.glg-brands.com/brand-licensing1/acer"", ""https://www.glg-brands.com/brands-list""]","[""embedded_or_network_json"", ""portfolio_card""]"
1590,GLG Brands,Build a Bear,first_party_portfolio_presence,0.97,2,https://www.glg-brands.com/brand-licensing2/build-a-bear,"[""https://www.glg-brands.com/brand-licensing1/acer"", ""https://www.glg-brands.com/brands-list""]","[""embedded_or_network_json"", ""portfolio_card""]"
1598,GLG Brands,CB Sports,first_party_portfolio_presence,0.97,2,https://www.glg-brands.com/brand-licensing2/cb-sports,"[""https://www.glg-brands.com/brand-licensing1/acer"", ""https://www.glg-brands.com/brands-list""]","[""embedded_or_network_json"", ""portfolio_card""]"
1608,GLG Brands,CUBAVERA,first_party_portfolio_presence,0.97,2,https://www.glg-brands.com/brand-licensing5/cubavera,"[""https://www.glg-brands.com/brand-licensing1/acer"", ""https://www.glg-brands.com/brands-list""]","[""embedded_or_network_json"", ""portfolio_card""]"
1610,GLG Brands,CXL by Christian Lacroix,first_party_portfolio_presence,0.97,2,https://www.glg-brands.com/brand-licensing1/cxl-by-christian-lacroix,"[""https://www.glg-brands.com/brand-licensing1/acer"", ""https://www.glg-brands.com/brands-list""]","[""embedded_or_network_json"", ""portfolio_card""]"
1591,GLG Brands,Cacharel,first_party_portfolio_presence,0.97,2,https://www.glg-brands.com/brand-licensing7/cacharel,"[""https://www.glg-brands.com/brand-licensing1/acer"", ""https://www.glg-brands.com/brands-list""]","[""embedded_or_network_json"", ""portfolio_card""]"
1592,GLG Brands,Camaronbrujo,first_party_portfolio_presence,0.97,2,https://www.glg-brands.com/brand-licensing7/camaronbrujo,"[""https://www.glg-brands.com/brand-licensing1/acer"", ""https://www.glg-brands.com/brands-list""]","[""embedded_or_network_json"", ""portfolio_card""]"
1593,GLG Brands,Camelot Music,first_party_portfolio_presence,0.97,2,https://www.glg-brands.com/brand-licensing2/camelot-music,"[""https://www.glg-brands.com/brand-licensing1/acer"", ""https://www.glg-brands.com/brands-list""]","[""embedded_or_network_json"", ""portfolio_card""]"
1594,GLG Brands,Candy's,first_party_portfolio_presence,0.97,2,https://www.glg-brands.com/brand-licensing2/candys,"[""https://www.glg-brands.com/brand-licensing1/acer"", ""https://www.glg-brands.com/brands-list""]","[""embedded_or_network_json"", ""portfolio_card""]"
1595,GLG Brands,Cannon Home,first_party_portfolio_presence,0.97,2,https://www.glg-brands.com/brand-licensing2/cannon-home,"[""https://www.glg-brands.com/brand-licensing1/acer"", ""https://www.glg-brands.com/brands-list""]","[""embedded_or_network_json"", ""portfolio_card""]"
1596,GLG Brands,Car Culture,first_party_portfolio_presence,0.97,2,https://www.glg-brands.com/brand-licensing2/car-culture,"[""https://www.glg-brands.com/brand-licensing1/acer"", ""https://www.glg-brands.com/brands-list""]","[""embedded_or_network_json"", ""portfolio_card""]"
1597,GLG Brands,Catherine Malandrino,first_party_portfolio_presence,0.97,2,https://www.glg-brands.com/brand-licensing2/catherine-malandrino,"[""https://www.glg-brands.com/brand-licensing1/acer"", ""https://www.glg-brands.com/brands-list""]","[""embedded_or_network_json"", ""portfolio_card""]"
1599,GLG Brands,Cecile Hubene,first_party_portfolio_presence,0.97,2,https://www.glg-brands.com/brand-licensing7/cecile-hubene,"[""https://www.glg-brands.com/brand-licensing1/acer"", ""https://www.glg-brands.com/brands-list""]","[""embedded_or_network_json"", ""portfolio_card""]"
1600,GLG Brands,Charisma,first_party_portfolio_presence,0.97,2,https://www.glg-brands.com/brand-licensing2/charisma,"[""https://www.glg-brands.com/brand-licensing1/acer"", ""https://www.glg-brands.com/brands-list""]","[""embedded_or_network_json"", ""portfolio_card""]"
170,GLG Brands,Cherokee,first_party_portfolio_presence,0.97,2,https://www.glg-brands.com/brand-licensing5/cherokee,"[""https://www.glg-brands.com/brand-licensing1/acer"", ""https://www.glg-brands.com/brands-list""]","[""embedded_or_network_json"", ""portfolio_card""]"
1601,GLG Brands,Christian Lacroix,first_party_portfolio_presence,0.97,2,https://www.glg-brands.com/brand-licensing2/christian-lacroix,"[""https://www.glg-brands.com/brand-licensing1/acer"", ""https://www.glg-brands.com/brands-list""]","[""embedded_or_network_json"", ""portfolio_card""]"
1602,GLG Brands,Chuck Wagon,first_party_portfolio_presence,0.97,2,https://www.glg-brands.com/brand-licensing2/chuck-wagon,"[""https://www.glg-brands.com/brand-licensing1/acer"", ""https://www.glg-brands.com/brands-list""]","[""embedded_or_network_json"", ""portfolio_card""]"
1603,GLG Brands,Clara Bow,first_party_portfolio_presence,0.97,2,https://www.glg-brands.com/brand-licensing2/clara-bow,"[""https://www.glg-brands.com/brand-licensing1/acer"", ""https://www.glg-brands.com/brands-list""]","[""embedded_or_network_json"", ""portfolio_card""]"
1604,GLG Brands,Conte of Florence,first_party_portfolio_presence,0.97,2,https://www.glg-brands.com/brand-licensing1/conte-of-florence,"[""https://www.glg-brands.com/brand-licensing1/acer"", ""https://www.glg-brands.com/brands-list""]","[""embedded_or_network_json"", ""portfolio_card""]"
1606,GLG Brands,Cove,first_party_portfolio_presence,0.97,2,https://www.glg-brands.com/brand-licensing5/cove,"[""https://www.glg-brands.com/brand-licensing1/acer"", ""https://www.glg-brands.com/brands-list""]","[""embedded_or_network_json"", ""portfolio_card""]"
1607,GLG Brands,Crossfire,first_party_portfolio_presence,0.97,2,https://www.glg-brands.com/brand-licensing7/crossfire,"[""https://www.glg-brands.com/brand-licensing1/acer"", ""https://www.glg-brands.com/brands-list""]","[""embedded_or_network_json"", ""portfolio_card""]"
1609,GLG Brands,Cutter&Buck,first_party_portfolio_presence,0.97,2,https://www.glg-brands.com/brand-licensing7/cutter-and-buck,"[""https://www.glg-brands.com/brand-licensing1/acer"", ""https://www.glg-brands.com/brands-list""]","[""embedded_or_network_json"", ""portfolio_card""]"
414,GLG Brands,Daewoo,first_party_portfolio_presence,0.97,2,https://www.glg-brands.com/brand-licensing2/daewoo,"[""https://www.glg-brands.com/brand-licensing1/acer"", ""https://www.glg-brands.com/brands-list""]","[""embedded_or_network_json"", ""portfolio_card""]"
1611,GLG Brands,Daisy Street,first_party_portfolio_presence,0.97,2,https://www.glg-brands.com/brand-licensing5/daisy-street,"[""https://www.glg-brands.com/brand-licensing1/acer"", ""https://www.glg-brands.com/brands-list""]","[""embedded_or_network_json"", ""portfolio_card""]"
1612,GLG Brands,Dan John,first_party_portfolio_presence,0.97,2,https://www.glg-brands.com/brand-licensing7/dan-john,"[""https://www.glg-brands.com/brand-licensing1/acer"", ""https://www.glg-brands.com/brands-list""]","[""embedded_or_network_json"", ""portfolio_card""]"
1613,GLG Brands,Danskin,first_party_portfolio_presence,0.97,2,https://www.glg-brands.com/brand-licensing2/danskin,"[""https://www.glg-brands.com/brand-licensing1/acer"", ""https://www.glg-brands.com/brands-list""]","[""embedded_or_network_json"", ""portfolio_card""]"
1614,GLG Brands,Dash,first_party_portfolio_presence,0.97,2,https://www.glg-brands.com/brand-licensing2/dash,"[""https://www.glg-brands.com/brand-licensing1/acer"", ""https://www.glg-brands.com/brands-list""]","[""embedded_or_network_json"", ""portfolio_card""]"
1615,GLG Brands,De Soto,first_party_portfolio_presence,0.97,2,https://www.glg-brands.com/brand-licensing7/de-soto,"[""https://www.glg-brands.com/brand-licensing1/acer"", ""https://www.glg-brands.com/brands-list""]","[""embedded_or_network_json"", ""portfolio_card""]"
1616,GLG Brands,DelMonte,first_party_portfolio_presence,0.97,2,https://www.glg-brands.com/brand-licensing5/delmonte,"[""https://www.glg-brands.com/brand-licensing1/acer"", ""https://www.glg-brands.com/brands-list""]","[""embedded_or_network_json"", ""portfolio_card""]"
1617,GLG Brands,Diaper Guard,first_party_portfolio_presence,0.97,2,https://www.glg-brands.com/brand-licensing7/diaper-guard,"[""https://www.glg-brands.com/brand-licensing1/acer"", ""https://www.glg-brands.com/brands-list""]","[""embedded_or_network_json"", ""portfolio_card""]"
1618,GLG Brands,Dittos,first_party_portfolio_presence,0.97,2,https://www.glg-brands.com/brand-licensing5/dittos,"[""https://www.glg-brands.com/brand-licensing1/acer"", ""https://www.glg-brands.com/brands-list""]","[""embedded_or_network_json"", ""portfolio_card""]"
1619,GLG Brands,Dream Phone,first_party_portfolio_presence,0.97,2,https://www.glg-brands.com/brand-licensing6/dream-phone,"[""https://www.glg-brands.com/brand-licensing1/acer"", ""https://www.glg-brands.com/brands-list""]","[""embedded_or_network_json"", ""portfolio_card""]"
1620,GLG Brands,Drive Ya Nuts!,first_party_portfolio_presence,0.97,2,https://www.glg-brands.com/brand-licensing6/drive-ya-nuts!,"[""https://www.glg-brands.com/brand-licensing1/acer"", ""https://www.glg-brands.com/brands-list""]","[""embedded_or_network_json"", ""portfolio_card""]"
1621,GLG Brands,Drixoral,first_party_portfolio_presence,0.97,2,https://www.glg-brands.com/brand-licensing6/drixoral,"[""https://www.glg-brands.com/brand-licensing1/acer"", ""https://www.glg-brands.com/brands-list""]","[""embedded_or_network_json"", ""portfolio_card""]"
1622,GLG Brands,Earl Jean,first_party_portfolio_presence,0.97,2,https://www.glg-brands.com/brand-licensing5/earl-jean,"[""https://www.glg-brands.com/brand-licensing1/acer"", ""https://www.glg-brands.com/brands-list""]","[""embedded_or_network_json"", ""portfolio_card""]"
1623,GLG Brands,Eckó Unltd,first_party_portfolio_presence,0.97,2,https://www.glg-brands.com/brand-licensing2/ecko-brand,"[""https://www.glg-brands.com/brand-licensing1/acer"", ""https://www.glg-brands.com/brands-list""]","[""embedded_or_network_json"", ""portfolio_card""]"
1624,GLG Brands,Ecosistema,first_party_portfolio_presence,0.97,2,https://www.glg-brands.com/brand-licensing7/ecosistema,"[""https://www.glg-brands.com/brand-licensing1/acer"", ""https://www.glg-brands.com/brands-list""]","[""embedded_or_network_json"", ""portfolio_card""]"
1625,GLG Brands,Ed Hardy,first_party_portfolio_presence,0.97,2,https://www.glg-brands.com/brand-licensing2/ed-hardy,"[""https://www.glg-brands.com/brand-licensing1/acer"", ""https://www.glg-brands.com/brands-list""]","[""embedded_or_network_json"", ""portfolio_card""]"
416,GLG Brands,Edison,first_party_portfolio_presence,0.97,2,https://www.glg-brands.com/brand-licensing5/edison,"[""https://www.glg-brands.com/brand-licensing1/acer"", ""https://www.glg-brands.com/brands-list""]","[""embedded_or_network_json"", ""portfolio_card""]"
1627,GLG Brands,Emerica,first_party_portfolio_presence,0.97,2,https://www.glg-brands.com/brand-licensing7/emerica,"[""https://www.glg-brands.com/brand-licensing1/acer"", ""https://www.glg-brands.com/brands-list""]","[""embedded_or_network_json"", ""portfolio_card""]"
1628,GLG Brands,Emmanuel Sqvil,first_party_portfolio_presence,0.97,2,https://www.glg-brands.com/brand-licensing7/emmanuel-sqvil,"[""https://www.glg-brands.com/brand-licensing1/acer"", ""https://www.glg-brands.com/brands-list""]","[""embedded_or_network_json"", ""portfolio_card""]"
1629,GLG Brands,Encaprin,first_party_portfolio_presence,0.97,2,https://www.glg-brands.com/brand-licensing6/encaprin,"[""https://www.glg-brands.com/brand-licensing1/acer"", ""https://www.glg-brands.com/brands-list""]","[""embedded_or_network_json"", ""portfolio_card""]"
1630,GLG Brands,English Laundry,first_party_portfolio_presence,0.97,2,https://www.glg-brands.com/brand-licensing2/english-laundry,"[""https://www.glg-brands.com/brand-licensing1/acer"", ""https://www.glg-brands.com/brands-list""]","[""embedded_or_network_json"", ""portfolio_card""]"
1631,GLG Brands,Enrico Coveri,first_party_portfolio_presence,0.97,2,https://www.glg-brands.com/brand-licensing2/enrico-coveri,"[""https://www.glg-brands.com/brand-licensing1/acer"", ""https://www.glg-brands.com/brands-list""]","[""embedded_or_network_json"", ""portfolio_card""]"
1632,GLG Brands,Eskimo Pie,first_party_portfolio_presence,0.97,2,https://www.glg-brands.com/brand-licensing6/eskimo-pie,"[""https://www.glg-brands.com/brand-licensing1/acer"", ""https://www.glg-brands.com/brands-list""]","[""embedded_or_network_json"", ""portfolio_card""]"
1634,GLG Brands,Evander Holyfield,first_party_portfolio_presence,0.97,2,https://www.glg-brands.com/brand-licensing2/evander-holyfield,"[""https://www.glg-brands.com/brand-licensing1/acer"", ""https://www.glg-brands.com/brands-list""]","[""embedded_or_network_json"", ""portfolio_card""]"
1150,GLG Brands,Express,first_party_portfolio_presence,0.97,2,https://www.glg-brands.com/brand-licensing2/express,"[""https://www.glg-brands.com/brand-licensing1/acer"", ""https://www.glg-brands.com/brands-list""]","[""embedded_or_network_json"", ""portfolio_card""]"
1636,GLG Brands,FARAH,first_party_portfolio_presence,0.97,2,https://www.glg-brands.com/brand-licensing1/farah,"[""https://www.glg-brands.com/brand-licensing1/acer"", ""https://www.glg-brands.com/brands-list""]","[""embedded_or_network_json"", ""portfolio_card""]"
1635,GLG Brands,Fabergé,first_party_portfolio_presence,0.97,2,https://www.glg-brands.com/brand-licensing2/faberge,"[""https://www.glg-brands.com/brand-licensing1/acer"", ""https://www.glg-brands.com/brands-list""]","[""embedded_or_network_json"", ""portfolio_card""]"
1637,GLG Brands,FashionTV,first_party_portfolio_presence,0.97,2,https://www.glg-brands.com/brand-licensing1/fashiontv,"[""https://www.glg-brands.com/brand-licensing1/acer"", ""https://www.glg-brands.com/brands-list""]","[""embedded_or_network_json"", ""portfolio_card""]"
1638,GLG Brands,Feather Craft,first_party_portfolio_presence,0.97,2,https://www.glg-brands.com/brand-licensing6/feather-craft,"[""https://www.glg-brands.com/brand-licensing1/acer"", ""https://www.glg-brands.com/brands-list""]","[""embedded_or_network_json"", ""portfolio_card""]"
1639,GLG Brands,Ferald,first_party_portfolio_presence,0.97,2,https://www.glg-brands.com/brand-licensing7/ferald,"[""https://www.glg-brands.com/brand-licensing1/acer"", ""https://www.glg-brands.com/brands-list""]","[""embedded_or_network_json"", ""portfolio_card""]"
1640,GLG Brands,Ferguson,first_party_portfolio_presence,0.97,2,https://www.glg-brands.com/brand-licensing3/ferguson,"[""https://www.glg-brands.com/brand-licensing1/acer"", ""https://www.glg-brands.com/brands-list""]","[""embedded_or_network_json"", ""portfolio_card""]"
1641,GLG Brands,Fieldcrest,first_party_portfolio_presence,0.97,2,https://www.glg-brands.com/brand-licensing3/fieldcrest,"[""https://www.glg-brands.com/brand-licensing1/acer"", ""https://www.glg-brands.com/brands-list""]","[""embedded_or_network_json"", ""portfolio_card""]"
1012,GLG Brands,Fiorucci,first_party_portfolio_presence,0.97,2,https://www.glg-brands.com/brand-licensing3/fiorucci,"[""https://www.glg-brands.com/brand-licensing1/acer"", ""https://www.glg-brands.com/brands-list""]","[""embedded_or_network_json"", ""portfolio_card""]"
1642,GLG Brands,Firestone,first_party_portfolio_presence,0.97,2,https://www.glg-brands.com/brand-licensing7/firestone,"[""https://www.glg-brands.com/brand-licensing1/acer"", ""https://www.glg-brands.com/brands-list""]","[""embedded_or_network_json"", ""portfolio_card""]"
275,GLG Brands,Ford,first_party_portfolio_presence,0.97,2,https://www.glg-brands.com/brand-licensing3/ford,"[""https://www.glg-brands.com/brand-licensing1/acer"", ""https://www.glg-brands.com/brands-list""]","[""embedded_or_network_json"", ""portfolio_card""]"
1643,GLG Brands,Freestyle Trampoline,first_party_portfolio_presence,0.97,2,https://www.glg-brands.com/brand-licensing5/freestyle-trampoline,"[""https://www.glg-brands.com/brand-licensing1/acer"", ""https://www.glg-brands.com/brands-list""]","[""embedded_or_network_json"", ""portfolio_card""]"
1644,GLG Brands,Freshen Up,first_party_portfolio_presence,0.97,2,https://www.glg-brands.com/brand-licensing6/freshen-up,"[""https://www.glg-brands.com/brand-licensing1/acer"", ""https://www.glg-brands.com/brands-list""]","[""embedded_or_network_json"", ""portfolio_card""]"
1003,GLG Brands,G-STAR RAW,first_party_portfolio_presence,0.97,2,https://www.glg-brands.com/brand-licensing3/g-star-raw,"[""https://www.glg-brands.com/brand-licensing1/acer"", ""https://www.glg-brands.com/brands-list""]","[""embedded_or_network_json"", ""portfolio_card""]"
1645,GLG Brands,GAS,first_party_portfolio_presence,0.97,2,https://www.glg-brands.com/brand-licensing2/gas,"[""https://www.glg-brands.com/brand-licensing1/acer"", ""https://www.glg-brands.com/brands-list""]","[""embedded_or_network_json"", ""portfolio_card""]"
1653,GLG Brands,GOTCHA,first_party_portfolio_presence,0.97,2,https://www.glg-brands.com/brand-licensing1/gotcha,"[""https://www.glg-brands.com/brand-licensing1/acer"", ""https://www.glg-brands.com/brands-list""]","[""embedded_or_network_json"", ""portfolio_card""]"
1646,GLG Brands,Gateway,first_party_portfolio_presence,0.97,2,https://www.glg-brands.com/brand-licensing3/gateway,"[""https://www.glg-brands.com/brand-licensing1/acer"", ""https://www.glg-brands.com/brands-list""]","[""embedded_or_network_json"", ""portfolio_card""]"
1647,GLG Brands,Gattinoni,first_party_portfolio_presence,0.97,2,https://www.glg-brands.com/brand-licensing7/gattinoni,"[""https://www.glg-brands.com/brand-licensing1/acer"", ""https://www.glg-brands.com/brands-list""]","[""embedded_or_network_json"", ""portfolio_card""]"
1648,GLG Brands,Gentlemen's Tonic,first_party_portfolio_presence,0.97,2,https://www.glg-brands.com/brand-licensing3/gentlemen's-tonic,"[""https://www.glg-brands.com/brand-licensing1/acer"", ""https://www.glg-brands.com/brands-list""]","[""embedded_or_network_json"", ""portfolio_card""]"
1649,GLG Brands,Geoffrey Giraffe,first_party_portfolio_presence,0.97,2,https://www.glg-brands.com/brand-licensing3/geoffrey-giraffe,"[""https://www.glg-brands.com/brand-licensing1/acer"", ""https://www.glg-brands.com/brands-list""]","[""embedded_or_network_json"", ""portfolio_card""]"
1650,GLG Brands,Gianfranco Ferré,first_party_portfolio_presence,0.97,2,https://www.glg-brands.com/brand-licensing3/gianfranco-ferre,"[""https://www.glg-brands.com/brand-licensing1/acer"", ""https://www.glg-brands.com/brands-list""]","[""embedded_or_network_json"", ""portfolio_card""]"
1651,GLG Brands,Gibson,first_party_portfolio_presence,0.97,2,https://www.glg-brands.com/brand-licensing3/gibson,"[""https://www.glg-brands.com/brand-licensing1/acer"", ""https://www.glg-brands.com/brands-list""]","[""embedded_or_network_json"", ""portfolio_card""]"
1652,GLG Brands,Golfsmith,first_party_portfolio_presence,0.97,2,https://www.glg-brands.com/brand-licensing6/golfsmith,"[""https://www.glg-brands.com/brand-licensing1/acer"", ""https://www.glg-brands.com/brands-list""]","[""embedded_or_network_json"", ""portfolio_card""]"
1654,GLG Brands,Grand Slam,first_party_portfolio_presence,0.97,2,https://www.glg-brands.com/brand-licensing1/grand-slam,"[""https://www.glg-brands.com/brand-licensing1/acer"", ""https://www.glg-brands.com/brands-list""]","[""embedded_or_network_json"", ""portfolio_card""]"
1655,GLG Brands,Gulf,first_party_portfolio_presence,0.97,2,https://www.glg-brands.com/brand-licensing3/gulf,"[""https://www.glg-brands.com/brand-licensing1/acer"", ""https://www.glg-brands.com/brands-list""]","[""embedded_or_network_json"", ""portfolio_card""]"
1656,GLG Brands,Guru,first_party_portfolio_presence,0.97,2,https://www.glg-brands.com/brand-licensing6/guru,"[""https://www.glg-brands.com/brand-licensing1/acer"", ""https://www.glg-brands.com/brands-list""]","[""embedded_or_network_json"", ""portfolio_card""]"
1657,GLG Brands,HPC Polo,first_party_portfolio_presence,0.97,2,https://www.glg-brands.com/brand-licensing3/hpc-polo,"[""https://www.glg-brands.com/brand-licensing1/acer"", ""https://www.glg-brands.com/brands-list""]","[""embedded_or_network_json"", ""portfolio_card""]"
1658,GLG Brands,Hai Karate,first_party_portfolio_presence,0.97,2,https://www.glg-brands.com/brand-licensing7/hai-karate,"[""https://www.glg-brands.com/brand-licensing1/acer"", ""https://www.glg-brands.com/brands-list""]","[""embedded_or_network_json"", ""portfolio_card""]"
1659,GLG Brands,Hang Ten,first_party_portfolio_presence,0.97,2,https://www.glg-brands.com/brand-licensing3/hang-ten,"[""https://www.glg-brands.com/brand-licensing1/acer"", ""https://www.glg-brands.com/brands-list""]","[""embedded_or_network_json"", ""portfolio_card""]"
1660,GLG Brands,Hard Rock Cafe,first_party_portfolio_presence,0.97,2,https://www.glg-brands.com/brand-licensing7/hard-rock-cafe,"[""https://www.glg-brands.com/brand-licensing1/acer"", ""https://www.glg-brands.com/brands-list""]","[""embedded_or_network_json"", ""portfolio_card""]"
1661,GLG Brands,Helene Curtis,first_party_portfolio_presence,0.97,2,https://www.glg-brands.com/brand-licensing6/helene-curtis,"[""https://www.glg-brands.com/brand-licensing1/acer"", ""https://www.glg-brands.com/brands-list""]","[""embedded_or_network_json"", ""portfolio_card""]"
1662,GLG Brands,Hi-Q,first_party_portfolio_presence,0.97,2,https://www.glg-brands.com/brand-licensing6/hi-q,"[""https://www.glg-brands.com/brand-licensing1/acer"", ""https://www.glg-brands.com/brands-list""]","[""embedded_or_network_json"", ""portfolio_card""]"
1663,GLG Brands,Hip Hedz,first_party_portfolio_presence,0.97,2,https://www.glg-brands.com/brand-licensing6/hip-hedz,"[""https://www.glg-brands.com/brand-licensing1/acer"", ""https://www.glg-brands.com/brands-list""]","[""embedded_or_network_json"", ""portfolio_card""]"
1664,GLG Brands,Holley,first_party_portfolio_presence,0.97,2,https://www.glg-brands.com/brand-licensing6/holley,"[""https://www.glg-brands.com/brand-licensing1/acer"", ""https://www.glg-brands.com/brands-list""]","[""embedded_or_network_json"", ""portfolio_card""]"
1143,GLG Brands,Hurley,first_party_portfolio_presence,0.97,2,https://www.glg-brands.com/brand-licensing3/hurley,"[""https://www.glg-brands.com/brand-licensing1/acer"", ""https://www.glg-brands.com/brands-list""]","[""embedded_or_network_json"", ""portfolio_card""]"
1665,GLG Brands,Hydraulic,first_party_portfolio_presence,0.97,2,https://www.glg-brands.com/brand-licensing3/hydraulic,"[""https://www.glg-brands.com/brand-licensing1/acer"", ""https://www.glg-brands.com/brands-list""]","[""embedded_or_network_json"", ""portfolio_card""]"
1666,GLG Brands,ICEBERG,first_party_portfolio_presence,0.97,2,https://www.glg-brands.com/brand-licensing5/iceberg,"[""https://www.glg-brands.com/brand-licensing1/acer"", ""https://www.glg-brands.com/brands-list""]","[""embedded_or_network_json"", ""portfolio_card""]"
1668,GLG Brands,ISA,first_party_portfolio_presence,0.97,2,https://www.glg-brands.com/brand-licensing1/isa,"[""https://www.glg-brands.com/brand-licensing1/acer"", ""https://www.glg-brands.com/brands-list""]","[""embedded_or_network_json"", ""portfolio_card""]"
1667,GLG Brands,Invicta,first_party_portfolio_presence,0.97,2,https://www.glg-brands.com/brand-licensing6/invicta,"[""https://www.glg-brands.com/brand-licensing1/acer"", ""https://www.glg-brands.com/brands-list""]","[""embedded_or_network_json"", ""portfolio_card""]"
1669,GLG Brands,Isaac Mizrahi,first_party_portfolio_presence,0.97,2,https://www.glg-brands.com/brand-licensing3/isaac-mizrahi,"[""https://www.glg-brands.com/brand-licensing1/acer"", ""https://www.glg-brands.com/brands-list""]","[""embedded_or_network_json"", ""portfolio_card""]"
1670,GLG Brands,Jen Selter,first_party_portfolio_presence,0.97,2,https://www.glg-brands.com/brand-licensing7/jen-selter,"[""https://www.glg-brands.com/brand-licensing1/acer"", ""https://www.glg-brands.com/brands-list""]","[""embedded_or_network_json"", ""portfolio_card""]"
1671,GLG Brands,Jewel Tankard,first_party_portfolio_presence,0.97,2,https://www.glg-brands.com/brand-licensing7/jewel-tankard,"[""https://www.glg-brands.com/brand-licensing1/acer"", ""https://www.glg-brands.com/brands-list""]","[""embedded_or_network_json"", ""portfolio_card""]"
1672,GLG Brands,Joan Vass,first_party_portfolio_presence,0.97,2,https://www.glg-brands.com/brand-licensing3/joan-vass,"[""https://www.glg-brands.com/brand-licensing1/acer"", ""https://www.glg-brands.com/brands-list""]","[""embedded_or_network_json"", ""portfolio_card""]"
1673,GLG Brands,Joe Boxer,first_party_portfolio_presence,0.97,2,https://www.glg-brands.com/brand-licensing3/joe-boxer,"[""https://www.glg-brands.com/brand-licensing1/acer"", ""https://www.glg-brands.com/brands-list""]","[""embedded_or_network_json"", ""portfolio_card""]"
1674,GLG Brands,Joe's Jeans,first_party_portfolio_presence,0.97,2,https://www.glg-brands.com/brand-licensing3/joe's-jeans,"[""https://www.glg-brands.com/brand-licensing1/acer"", ""https://www.glg-brands.com/brands-list""]","[""embedded_or_network_json"", ""portfolio_card""]"
1675,GLG Brands,John Henry,first_party_portfolio_presence,0.97,2,https://www.glg-brands.com/brand-licensing5/john-henry,"[""https://www.glg-brands.com/brand-licensing1/acer"", ""https://www.glg-brands.com/brands-list""]","[""embedded_or_network_json"", ""portfolio_card""]"
1676,GLG Brands,Jordache,first_party_portfolio_presence,0.97,2,https://www.glg-brands.com/brand-licensing3/jordache,"[""https://www.glg-brands.com/brand-licensing1/acer"", ""https://www.glg-brands.com/brands-list""]","[""embedded_or_network_json"", ""portfolio_card""]"
1677,GLG Brands,Joseph Abboud,first_party_portfolio_presence,0.97,2,https://www.glg-brands.com/brand-licensing3/joseph-abboud,"[""https://www.glg-brands.com/brand-licensing1/acer"", ""https://www.glg-brands.com/brands-list""]","[""embedded_or_network_json"", ""portfolio_card""]"
1678,GLG Brands,Justice,first_party_portfolio_presence,0.97,2,https://www.glg-brands.com/brand-licensing5/justice,"[""https://www.glg-brands.com/brand-licensing1/acer"", ""https://www.glg-brands.com/brands-list""]","[""embedded_or_network_json"", ""portfolio_card""]"
1683,GLG Brands,KEVINGSTON,first_party_portfolio_presence,0.97,2,https://www.glg-brands.com/brand-licensing7/kevingston,"[""https://www.glg-brands.com/brand-licensing1/acer"", ""https://www.glg-brands.com/brands-list""]","[""embedded_or_network_json"", ""portfolio_card""]"
900,GLG Brands,KIKKOMAN,first_party_portfolio_presence,0.97,2,https://www.glg-brands.com/brand-licensing7/kikkoman,"[""https://www.glg-brands.com/brand-licensing1/acer"", ""https://www.glg-brands.com/brands-list""]","[""embedded_or_network_json"", ""portfolio_card""]"
1679,GLG Brands,Kareem Abdul Jabbar,first_party_portfolio_presence,0.97,2,https://www.glg-brands.com/brand-licensing3/kareem-abdul-jabbar,"[""https://www.glg-brands.com/brand-licensing1/acer"", ""https://www.glg-brands.com/brands-list""]","[""embedded_or_network_json"", ""portfolio_card""]"
797,GLG Brands,Kelvinator,first_party_portfolio_presence,0.97,2,https://www.glg-brands.com/brand-licensing3/kelvinator,"[""https://www.glg-brands.com/brand-licensing1/acer"", ""https://www.glg-brands.com/brands-list""]","[""embedded_or_network_json"", ""portfolio_card""]"
1680,GLG Brands,Ken L Ration,first_party_portfolio_presence,0.97,2,https://www.glg-brands.com/brand-licensing5/ken-l-ration,"[""https://www.glg-brands.com/brand-licensing1/acer"", ""https://www.glg-brands.com/brands-list""]","[""embedded_or_network_json"", ""portfolio_card""]"
1681,GLG Brands,Kenneth Cole,first_party_portfolio_presence,0.97,2,https://www.glg-brands.com/brand-licensing1/kenneth-cole,"[""https://www.glg-brands.com/brand-licensing1/acer"", ""https://www.glg-brands.com/brands-list""]","[""embedded_or_network_json"", ""portfolio_card""]"
1682,GLG Brands,Kensie Girl,first_party_portfolio_presence,0.97,2,https://www.glg-brands.com/brand-licensing3/kensie-girl,"[""https://www.glg-brands.com/brand-licensing1/acer"", ""https://www.glg-brands.com/brands-list""]","[""embedded_or_network_json"", ""portfolio_card""]"
1684,GLG Brands,LA Gear,first_party_portfolio_presence,0.97,2,https://www.glg-brands.com/brand-licensing1/la-gear,"[""https://www.glg-brands.com/brand-licensing1/acer"", ""https://www.glg-brands.com/brands-list""]","[""embedded_or_network_json"", ""portfolio_card""]"
1694,GLG Brands,LOTTO,first_party_portfolio_presence,0.97,2,https://www.glg-brands.com/brand-licensing3/lotto,"[""https://www.glg-brands.com/brand-licensing1/acer"", ""https://www.glg-brands.com/brands-list""]","[""embedded_or_network_json"", ""portfolio_card""]"
1685,GLG Brands,Ladies Home Journal,first_party_portfolio_presence,0.97,2,https://www.glg-brands.com/brand-licensing6/ladies-home-journal,"[""https://www.glg-brands.com/brand-licensing1/acer"", ""https://www.glg-brands.com/brands-list""]","[""embedded_or_network_json"", ""portfolio_card""]"
1686,GLG Brands,Larry Levine,first_party_portfolio_presence,0.97,2,https://www.glg-brands.com/brand-licensing3/larry-levine,"[""https://www.glg-brands.com/brand-licensing1/acer"", ""https://www.glg-brands.com/brands-list""]","[""embedded_or_network_json"", ""portfolio_card""]"
1687,GLG Brands,Laundry by Shelli Segal,first_party_portfolio_presence,0.97,2,https://www.glg-brands.com/brand-licensing1/laundry-by-shelli-segal,"[""https://www.glg-brands.com/brand-licensing1/acer"", ""https://www.glg-brands.com/brands-list""]","[""embedded_or_network_json"", ""portfolio_card""]"
1688,GLG Brands,Lee Cooper,first_party_portfolio_presence,0.97,2,https://www.glg-brands.com/brand-licensing3/lee-cooper,"[""https://www.glg-brands.com/brand-licensing1/acer"", ""https://www.glg-brands.com/brands-list""]","[""embedded_or_network_json"", ""portfolio_card""]"
1689,GLG Brands,Leonard,first_party_portfolio_presence,0.97,2,https://www.glg-brands.com/brand-licensing3/leonard,"[""https://www.glg-brands.com/brand-licensing1/acer"", ""https://www.glg-brands.com/brands-list""]","[""embedded_or_network_json"", ""portfolio_card""]"
1690,GLG Brands,Leonardo da Vinci,first_party_portfolio_presence,0.97,2,https://www.glg-brands.com/brand-licensing3/leonardo-da-vinci,"[""https://www.glg-brands.com/brand-licensing1/acer"", ""https://www.glg-brands.com/brands-list""]","[""embedded_or_network_json"", ""portfolio_card""]"
1436,GLG Brands,Like Nastya,first_party_portfolio_presence,0.97,2,https://www.glg-brands.com/brand-licensing3/like-nastya,"[""https://www.glg-brands.com/brand-licensing1/acer"", ""https://www.glg-brands.com/brands-list""]","[""embedded_or_network_json"", ""portfolio_card""]"
1691,GLG Brands,Limited Too,first_party_portfolio_presence,0.97,2,https://www.glg-brands.com/brand-licensing3/limited-too,"[""https://www.glg-brands.com/brand-licensing1/acer"", ""https://www.glg-brands.com/brands-list""]","[""embedded_or_network_json"", ""portfolio_card""]"
1692,GLG Brands,Little Toot,first_party_portfolio_presence,0.97,2,https://www.glg-brands.com/brand-licensing6/little-toot,"[""https://www.glg-brands.com/brand-licensing1/acer"", ""https://www.glg-brands.com/brands-list""]","[""embedded_or_network_json"", ""portfolio_card""]"
1693,GLG Brands,London fog,first_party_portfolio_presence,0.97,2,https://www.glg-brands.com/brand-licensing3/london-fog,"[""https://www.glg-brands.com/brand-licensing1/acer"", ""https://www.glg-brands.com/brands-list""]","[""embedded_or_network_json"", ""portfolio_card""]"
1695,GLG Brands,Louis Féraud,first_party_portfolio_presence,0.97,2,https://www.glg-brands.com/brand-licensing3/louis-feraud,"[""https://www.glg-brands.com/brand-licensing1/acer"", ""https://www.glg-brands.com/brands-list""]","[""embedded_or_network_json"", ""portfolio_card""]"
1700,GLG Brands,MATCH 7,first_party_portfolio_presence,0.97,2,https://www.glg-brands.com/brand-licensing7/match-7,"[""https://www.glg-brands.com/brand-licensing1/acer"", ""https://www.glg-brands.com/brands-list""]","[""embedded_or_network_json"", ""portfolio_card""]"
1702,GLG Brands,MCD,first_party_portfolio_presence,0.97,2,https://www.glg-brands.com/brand-licensing1/mcd,"[""https://www.glg-brands.com/brand-licensing1/acer"", ""https://www.glg-brands.com/brands-list""]","[""embedded_or_network_json"", ""portfolio_card""]"
1696,GLG Brands,Manhattan,first_party_portfolio_presence,0.97,2,https://www.glg-brands.com/brand-licensing7/manhattan,"[""https://www.glg-brands.com/brand-licensing1/acer"", ""https://www.glg-brands.com/brands-list""]","[""embedded_or_network_json"", ""portfolio_card""]"
1697,GLG Brands,Marc Eckó,first_party_portfolio_presence,0.97,2,https://www.glg-brands.com/brand-licensing3/marc-ecko,"[""https://www.glg-brands.com/brand-licensing1/acer"", ""https://www.glg-brands.com/brands-list""]","[""embedded_or_network_json"", ""portfolio_card""]"
1698,GLG Brands,Maria Callas,first_party_portfolio_presence,0.97,2,https://www.glg-brands.com/brand-licensing3/maria-callas,"[""https://www.glg-brands.com/brand-licensing1/acer"", ""https://www.glg-brands.com/brands-list""]","[""embedded_or_network_json"", ""portfolio_card""]"
1699,GLG Brands,Markus Lupfer,first_party_portfolio_presence,0.97,2,https://www.glg-brands.com/brand-licensing3/markus-lupfer,"[""https://www.glg-brands.com/brand-licensing1/acer"", ""https://www.glg-brands.com/brands-list""]","[""embedded_or_network_json"", ""portfolio_card""]"
697,GLG Brands,Maserati,first_party_portfolio_presence,0.97,2,https://imglicensing.com/brands/maserati/,"[""https://www.glg-brands.com/brand-licensing1/acer"", ""https://www.glg-brands.com/brands-list""]","[""embedded_or_network_json"", ""portfolio_card""]"
1701,GLG Brands,Material Girl,first_party_portfolio_presence,0.97,2,https://www.glg-brands.com/brand-licensing3/material-girl,"[""https://www.glg-brands.com/brand-licensing1/acer"", ""https://www.glg-brands.com/brands-list""]","[""embedded_or_network_json"", ""portfolio_card""]"
1703,GLG Brands,Mercedes EQ,first_party_portfolio_presence,0.97,2,https://www.glg-brands.com/brand-licensing3/mercedes-eq,"[""https://www.glg-brands.com/brand-licensing1/acer"", ""https://www.glg-brands.com/brands-list""]","[""embedded_or_network_json"", ""portfolio_card""]"
1704,GLG Brands,Mexican Hats,first_party_portfolio_presence,0.97,2,https://www.glg-brands.com/brand-licensing6/mexican-hats,"[""https://www.glg-brands.com/brand-licensing1/acer"", ""https://www.glg-brands.com/brands-list""]","[""embedded_or_network_json"", ""portfolio_card""]"
1705,GLG Brands,Michael Bastian,first_party_portfolio_presence,0.97,2,https://www.glg-brands.com/brand-licensing4/michael-bastian,"[""https://www.glg-brands.com/brand-licensing1/acer"", ""https://www.glg-brands.com/brands-list""]","[""embedded_or_network_json"", ""portfolio_card""]"
1706,GLG Brands,Mickey Da Cat Dora,first_party_portfolio_presence,0.97,2,https://www.glg-brands.com/brand-licensing6/mickey-da-cat-dora,"[""https://www.glg-brands.com/brand-licensing1/acer"", ""https://www.glg-brands.com/brands-list""]","[""embedded_or_network_json"", ""portfolio_card""]"
1707,GLG Brands,Modern Amusement,first_party_portfolio_presence,0.97,2,https://www.glg-brands.com/brand-licensing4/modern-amusement,"[""https://www.glg-brands.com/brand-licensing1/acer"", ""https://www.glg-brands.com/brands-list""]","[""embedded_or_network_json"", ""portfolio_card""]"
1708,GLG Brands,Momodesign,first_party_portfolio_presence,0.97,2,https://www.glg-brands.com/brand-licensing2/momodesign,"[""https://www.glg-brands.com/brand-licensing1/acer"", ""https://www.glg-brands.com/brands-list""]","[""embedded_or_network_json"", ""portfolio_card""]"
1709,GLG Brands,Mossimo,first_party_portfolio_presence,0.97,2,https://www.glg-brands.com/brand-licensing4/mossimo,"[""https://www.glg-brands.com/brand-licensing1/acer"", ""https://www.glg-brands.com/brands-list""]","[""embedded_or_network_json"", ""portfolio_card""]"
1710,GLG Brands,Mr. Goodwrench,first_party_portfolio_presence,0.97,2,https://www.glg-brands.com/brand-licensing4/mr.-goodwrench,"[""https://www.glg-brands.com/brand-licensing1/acer"", ""https://www.glg-brands.com/brands-list""]","[""embedded_or_network_json"", ""portfolio_card""]"
1711,GLG Brands,Mr. Microphone,first_party_portfolio_presence,0.97,2,https://www.glg-brands.com/brand-licensing6/mr.-microphone,"[""https://www.glg-brands.com/brand-licensing1/acer"", ""https://www.glg-brands.com/brands-list""]","[""embedded_or_network_json"", ""portfolio_card""]"
1712,GLG Brands,Mudd,first_party_portfolio_presence,0.97,2,https://www.glg-brands.com/brand-licensing4/mudd,"[""https://www.glg-brands.com/brand-licensing1/acer"", ""https://www.glg-brands.com/brands-list""]","[""embedded_or_network_json"", ""portfolio_card""]"
1715,GLG Brands,NICCE,first_party_portfolio_presence,0.97,2,https://www.glg-brands.com/brand-licensing5/nicce,"[""https://www.glg-brands.com/brand-licensing1/acer"", ""https://www.glg-brands.com/brands-list""]","[""embedded_or_network_json"", ""portfolio_card""]"
1713,GLG Brands,Nanette Lepore,first_party_portfolio_presence,0.97,2,https://www.glg-brands.com/brand-licensing4/nanette-lepore,"[""https://www.glg-brands.com/brand-licensing1/acer"", ""https://www.glg-brands.com/brands-list""]","[""embedded_or_network_json"", ""portfolio_card""]"
1714,GLG Brands,Nara Milano,first_party_portfolio_presence,0.97,2,https://www.glg-brands.com/brand-licensing1/nara-milano,"[""https://www.glg-brands.com/brand-licensing1/acer"", ""https://www.glg-brands.com/brands-list""]","[""embedded_or_network_json"", ""portfolio_card""]"
1716,GLG Brands,Nipper & Chipper,first_party_portfolio_presence,0.97,2,https://www.glg-brands.com/brand-licensing4/nipper-and-chipper,"[""https://www.glg-brands.com/brand-licensing1/acer"", ""https://www.glg-brands.com/brands-list""]","[""embedded_or_network_json"", ""portfolio_card""]"
1717,GLG Brands,No Stress,first_party_portfolio_presence,0.97,2,https://www.glg-brands.com/brand-licensing7/no-stress,"[""https://www.glg-brands.com/brand-licensing1/acer"", ""https://www.glg-brands.com/brands-list""]","[""embedded_or_network_json"", ""portfolio_card""]"
1718,GLG Brands,NordMende,first_party_portfolio_presence,0.97,2,https://www.glg-brands.com/brand-licensing4/nordmende,"[""https://www.glg-brands.com/brand-licensing1/acer"", ""https://www.glg-brands.com/brands-list""]","[""embedded_or_network_json"", ""portfolio_card""]"
1719,GLG Brands,Ocean Pacific,first_party_portfolio_presence,0.97,2,https://www.glg-brands.com/brand-licensing4/ocean-pacific,"[""https://www.glg-brands.com/brand-licensing1/acer"", ""https://www.glg-brands.com/brands-list""]","[""embedded_or_network_json"", ""portfolio_card""]"
1148,GLG Brands,Original Penguin,first_party_portfolio_presence,0.97,2,https://www.glg-brands.com/brand-licensing1/original-penguin,"[""https://www.glg-brands.com/brand-licensing1/acer"", ""https://www.glg-brands.com/brands-list""]","[""embedded_or_network_json"", ""portfolio_card""]"
1720,GLG Brands,Osiris,first_party_portfolio_presence,0.97,2,https://www.glg-brands.com/brand-licensing4/osiris,"[""https://www.glg-brands.com/brand-licensing1/acer"", ""https://www.glg-brands.com/brands-list""]","[""embedded_or_network_json"", ""portfolio_card""]"
1721,GLG Brands,PGA,first_party_portfolio_presence,0.97,2,https://www.glg-brands.com/brand-licensing4/pga,"[""https://www.glg-brands.com/brand-licensing1/acer"", ""https://www.glg-brands.com/brands-list""]","[""embedded_or_network_json"", ""portfolio_card""]"
1722,GLG Brands,Packard Bell,first_party_portfolio_presence,0.97,2,https://www.glg-brands.com/brand-licensing4/packard-bell,"[""https://www.glg-brands.com/brand-licensing1/acer"", ""https://www.glg-brands.com/brands-list""]","[""embedded_or_network_json"", ""portfolio_card""]"
1723,GLG Brands,Park Lane,first_party_portfolio_presence,0.97,2,https://www.glg-brands.com/brand-licensing4/park-lane,"[""https://www.glg-brands.com/brand-licensing1/acer"", ""https://www.glg-brands.com/brands-list""]","[""embedded_or_network_json"", ""portfolio_card""]"
1246,GLG Brands,Perry Ellis,first_party_portfolio_presence,0.97,2,https://www.glg-brands.com/brand-licensing1/perry-ellis,"[""https://www.glg-brands.com/brand-licensing1/acer"", ""https://www.glg-brands.com/brands-list""]","[""embedded_or_network_json"", ""portfolio_card""]"
1724,GLG Brands,Perry Ellis America,first_party_portfolio_presence,0.97,2,https://www.glg-brands.com/brand-licensing1/perry-ellis-america,"[""https://www.glg-brands.com/brand-licensing1/acer"", ""https://www.glg-brands.com/brands-list""]","[""embedded_or_network_json"", ""portfolio_card""]"
1725,GLG Brands,Petite Sophisticate,first_party_portfolio_presence,0.97,2,https://www.glg-brands.com/brand-licensing6/petite-sophisticate,"[""https://www.glg-brands.com/brand-licensing1/acer"", ""https://www.glg-brands.com/brands-list""]","[""embedded_or_network_json"", ""portfolio_card""]"
789,GLG Brands,Philco,first_party_portfolio_presence,0.97,2,https://www.glg-brands.com/brand-licensing4/philco,"[""https://www.glg-brands.com/brand-licensing1/acer"", ""https://www.glg-brands.com/brands-list""]","[""embedded_or_network_json"", ""portfolio_card""]"
1726,GLG Brands,Pierre Cardin,first_party_portfolio_presence,0.97,2,https://www.glg-brands.com/brand-licensing7/pierre-cardin,"[""https://www.glg-brands.com/brand-licensing1/acer"", ""https://www.glg-brands.com/brands-list""]","[""embedded_or_network_json"", ""portfolio_card""]"
1727,GLG Brands,Pony,first_party_portfolio_presence,0.97,2,https://www.glg-brands.com/brand-licensing4/pony,"[""https://www.glg-brands.com/brand-licensing1/acer"", ""https://www.glg-brands.com/brands-list""]","[""embedded_or_network_json"", ""portfolio_card""]"
1728,GLG Brands,Predator,first_party_portfolio_presence,0.97,2,https://www.glg-brands.com/brand-licensing4/predator,"[""https://www.glg-brands.com/brand-licensing1/acer"", ""https://www.glg-brands.com/brands-list""]","[""embedded_or_network_json"", ""portfolio_card""]"
1729,GLG Brands,Proline by Pro Player,first_party_portfolio_presence,0.97,2,https://www.glg-brands.com/brand-licensing4/proline-by-pro-player,"[""https://www.glg-brands.com/brand-licensing1/acer"", ""https://www.glg-brands.com/brands-list""]","[""embedded_or_network_json"", ""portfolio_card""]"
1730,GLG Brands,Proscan,first_party_portfolio_presence,0.97,2,https://www.glg-brands.com/brand-licensing4/proscan,"[""https://www.glg-brands.com/brand-licensing1/acer"", ""https://www.glg-brands.com/brands-list""]","[""embedded_or_network_json"", ""portfolio_card""]"
1731,GLG Brands,Puss n Boots,first_party_portfolio_presence,0.97,2,https://www.glg-brands.com/brand-licensing6/puss-n-boots,"[""https://www.glg-brands.com/brand-licensing1/acer"", ""https://www.glg-brands.com/brands-list""]","[""embedded_or_network_json"", ""portfolio_card""]"
1732,GLG Brands,Quasar,first_party_portfolio_presence,0.97,2,https://www.glg-brands.com/brand-licensing5/quasar,"[""https://www.glg-brands.com/brand-licensing1/acer"", ""https://www.glg-brands.com/brands-list""]","[""embedded_or_network_json"", ""portfolio_card""]"
1734,GLG Brands,RAFAELLA,first_party_portfolio_presence,0.97,2,https://www.glg-brands.com/brand-licensing1/rafaella,"[""https://www.glg-brands.com/brand-licensing1/acer"", ""https://www.glg-brands.com/brands-list""]","[""embedded_or_network_json"", ""portfolio_card""]"
795,GLG Brands,RCA,first_party_portfolio_presence,0.97,2,https://www.glg-brands.com/brand-licensing4/rca,"[""https://www.glg-brands.com/brand-licensing1/acer"", ""https://www.glg-brands.com/brands-list""]","[""embedded_or_network_json"", ""portfolio_card""]"
1738,GLG Brands,REDSAND,first_party_portfolio_presence,0.97,3,https://www.glg-brands.com/brand-licensing1/redsand,"[""https://www.glg-brands.com/brand-licensing1/acer"", ""https://www.glg-brands.com/brands-list""]","[""embedded_or_network_json"", ""portfolio_card""]"
1745,GLG Brands,RYDER CUP,first_party_portfolio_presence,0.97,2,https://www.glg-brands.com/brand-licensing7/ryder-cup,"[""https://www.glg-brands.com/brand-licensing1/acer"", ""https://www.glg-brands.com/brands-list""]","[""embedded_or_network_json"", ""portfolio_card""]"
1733,GLG Brands,Radiola,first_party_portfolio_presence,0.97,2,https://www.glg-brands.com/brand-licensing6/radiola,"[""https://www.glg-brands.com/brand-licensing1/acer"", ""https://www.glg-brands.com/brands-list""]","[""embedded_or_network_json"", ""portfolio_card""]"
1735,GLG Brands,Rag&Bone,first_party_portfolio_presence,0.97,2,https://www.glg-brands.com/brand-licensing4/rag-and-bone,"[""https://www.glg-brands.com/brand-licensing1/acer"", ""https://www.glg-brands.com/brands-list""]","[""embedded_or_network_json"", ""portfolio_card""]"
1736,GLG Brands,Rampage,first_party_portfolio_presence,0.97,2,https://www.glg-brands.com/brand-licensing4/rampage,"[""https://www.glg-brands.com/brand-licensing1/acer"", ""https://www.glg-brands.com/brands-list""]","[""embedded_or_network_json"", ""portfolio_card""]"
1737,GLG Brands,Red Nose,first_party_portfolio_presence,0.97,2,https://www.glg-brands.com/brand-licensing7/red-nose,"[""https://www.glg-brands.com/brand-licensing1/acer"", ""https://www.glg-brands.com/brands-list""]","[""embedded_or_network_json"", ""portfolio_card""]"
1739,GLG Brands,Rifle,first_party_portfolio_presence,0.97,2,https://www.glg-brands.com/brand-licensing6/rifle,"[""https://www.glg-brands.com/brand-licensing1/acer"", ""https://www.glg-brands.com/brands-list""]","[""embedded_or_network_json"", ""portfolio_card""]"
1740,GLG Brands,Roberta Di Camerino,first_party_portfolio_presence,0.91,1,https://www.glg-brands.com/brand-licensing4/roberta-di-camerino,"[""https://www.glg-brands.com/brands-list""]","[""portfolio_card""]"
1741,GLG Brands,Rocky Horror Show,first_party_portfolio_presence,0.97,2,https://www.glg-brands.com/brand-licensing5/rocky-horror-show,"[""https://www.glg-brands.com/brand-licensing1/acer"", ""https://www.glg-brands.com/brands-list""]","[""embedded_or_network_json"", ""portfolio_card""]"
1742,GLG Brands,Rocwear,first_party_portfolio_presence,0.97,2,https://www.glg-brands.com/brand-licensing4/rocwear,"[""https://www.glg-brands.com/brand-licensing1/acer"", ""https://www.glg-brands.com/brands-list""]","[""embedded_or_network_json"", ""portfolio_card""]"
1743,GLG Brands,Rolling Stone,first_party_portfolio_presence,0.97,2,https://www.glg-brands.com/brand-licensing5/rolling-stone,"[""https://www.glg-brands.com/brand-licensing1/acer"", ""https://www.glg-brands.com/brands-list""]","[""embedded_or_network_json"", ""portfolio_card""]"
1744,GLG Brands,Royal Velvet,first_party_portfolio_presence,0.97,2,https://www.glg-brands.com/brand-licensing4/royal-velvet,"[""https://www.glg-brands.com/brand-licensing1/acer"", ""https://www.glg-brands.com/brands-list""]","[""embedded_or_network_json"", ""portfolio_card""]"
1746,GLG Brands,SABA,first_party_portfolio_presence,0.97,2,https://www.glg-brands.com/brand-licensing4/saba,"[""https://www.glg-brands.com/brand-licensing1/acer"", ""https://www.glg-brands.com/brands-list""]","[""embedded_or_network_json"", ""portfolio_card""]"
1747,GLG Brands,Sabrina Soto,first_party_portfolio_presence,0.97,2,https://www.glg-brands.com/brand-licensing4/sabrina-soto,"[""https://www.glg-brands.com/brand-licensing1/acer"", ""https://www.glg-brands.com/brands-list""]","[""embedded_or_network_json"", ""portfolio_card""]"
1748,GLG Brands,Sani-Flush,first_party_portfolio_presence,0.97,2,https://www.glg-brands.com/brand-licensing6/sani-flush,"[""https://www.glg-brands.com/brand-licensing1/acer"", ""https://www.glg-brands.com/brands-list""]","[""embedded_or_network_json"", ""portfolio_card""]"
1749,GLG Brands,Save the Earth,first_party_portfolio_presence,0.97,2,https://www.glg-brands.com/brand-licensing4/save-the-earth,"[""https://www.glg-brands.com/brand-licensing1/acer"", ""https://www.glg-brands.com/brands-list""]","[""embedded_or_network_json"", ""portfolio_card""]"
1750,GLG Brands,Schneider,first_party_portfolio_presence,0.97,2,https://www.glg-brands.com/brand-licensing6/schneider,"[""https://www.glg-brands.com/brand-licensing1/acer"", ""https://www.glg-brands.com/brands-list""]","[""embedded_or_network_json"", ""portfolio_card""]"
1751,GLG Brands,Scotch & Soda,first_party_portfolio_presence,0.97,2,https://www.glg-brands.com/brand-licensing4/scotch-and-soda,"[""https://www.glg-brands.com/brand-licensing1/acer"", ""https://www.glg-brands.com/brands-list""]","[""embedded_or_network_json"", ""portfolio_card""]"
1752,GLG Brands,Screaming Yellow Zonkers,first_party_portfolio_presence,0.97,2,https://www.glg-brands.com/brand-licensing6/screaming-yellow-zonkers,"[""https://www.glg-brands.com/brand-licensing1/acer"", ""https://www.glg-brands.com/brands-list""]","[""embedded_or_network_json"", ""portfolio_card""]"
1753,GLG Brands,Sergio Valente,first_party_portfolio_presence,0.97,2,https://www.glg-brands.com/brand-licensing4/sergio-valente,"[""https://www.glg-brands.com/brand-licensing1/acer"", ""https://www.glg-brands.com/brands-list""]","[""embedded_or_network_json"", ""portfolio_card""]"
1754,GLG Brands,Sesa living,first_party_portfolio_presence,0.97,2,https://www.glg-brands.com/brand-licensing5/sesa-living,"[""https://www.glg-brands.com/brand-licensing1/acer"", ""https://www.glg-brands.com/brands-list""]","[""embedded_or_network_json"", ""portfolio_card""]"
1755,GLG Brands,Shabby Chic,first_party_portfolio_presence,0.97,2,https://www.glg-brands.com/brand-licensing4/shabby-chic,"[""https://www.glg-brands.com/brand-licensing1/acer"", ""https://www.glg-brands.com/brands-list""]","[""embedded_or_network_json"", ""portfolio_card""]"
1756,GLG Brands,Sharper Image,first_party_portfolio_presence,0.97,2,https://www.glg-brands.com/brand-licensing4/sharper-image,"[""https://www.glg-brands.com/brand-licensing1/acer"", ""https://www.glg-brands.com/brands-list""]","[""embedded_or_network_json"", ""portfolio_card""]"
1757,GLG Brands,Short & Sassy,first_party_portfolio_presence,0.97,2,https://www.glg-brands.com/brand-licensing6/short-and-sassy,"[""https://www.glg-brands.com/brand-licensing1/acer"", ""https://www.glg-brands.com/brands-list""]","[""embedded_or_network_json"", ""portfolio_card""]"
1758,GLG Brands,Smash-Up Derby,first_party_portfolio_presence,0.97,2,https://www.glg-brands.com/brand-licensing6/smash-up-derby,"[""https://www.glg-brands.com/brand-licensing1/acer"", ""https://www.glg-brands.com/brands-list""]","[""embedded_or_network_json"", ""portfolio_card""]"
1759,GLG Brands,Soltam,first_party_portfolio_presence,0.97,2,https://www.glg-brands.com/brand-licensing4/soltam,"[""https://www.glg-brands.com/brand-licensing1/acer"", ""https://www.glg-brands.com/brands-list""]","[""embedded_or_network_json"", ""portfolio_card""]"
1760,GLG Brands,Starter,first_party_portfolio_presence,0.91,1,https://www.glg-brands.com/brand-licensing4/starter,"[""https://www.glg-brands.com/brands-list""]","[""portfolio_card""]"
1761,GLG Brands,Stormtrooper,first_party_portfolio_presence,0.97,2,https://www.glg-brands.com/brand-licensing4/stormtrooper,"[""https://www.glg-brands.com/brand-licensing1/acer"", ""https://www.glg-brands.com/brands-list""]","[""embedded_or_network_json"", ""portfolio_card""]"
1762,GLG Brands,Swissbrand,first_party_portfolio_presence,0.97,2,https://www.glg-brands.com/brand-licensing4/swissbrand,"[""https://www.glg-brands.com/brand-licensing1/acer"", ""https://www.glg-brands.com/brands-list""]","[""embedded_or_network_json"", ""portfolio_card""]"
1763,GLG Brands,Swoops,first_party_portfolio_presence,0.97,2,https://www.glg-brands.com/brand-licensing6/swoops,"[""https://www.glg-brands.com/brand-licensing1/acer"", ""https://www.glg-brands.com/brands-list""]","[""embedded_or_network_json"", ""portfolio_card""]"
1764,GLG Brands,Tahari,first_party_portfolio_presence,0.97,2,https://www.glg-brands.com/brand-licensing4/tahari,"[""https://www.glg-brands.com/brand-licensing1/acer"", ""https://www.glg-brands.com/brands-list""]","[""embedded_or_network_json"", ""portfolio_card""]"
1765,GLG Brands,Tappan,first_party_portfolio_presence,0.97,2,https://www.glg-brands.com/brand-licensing4/tappan,"[""https://www.glg-brands.com/brand-licensing1/acer"", ""https://www.glg-brands.com/brands-list""]","[""embedded_or_network_json"", ""portfolio_card""]"
1766,GLG Brands,Tarzan,first_party_portfolio_presence,0.97,2,https://www.glg-brands.com/brand-licensing4/tarzan,"[""https://www.glg-brands.com/brand-licensing1/acer"", ""https://www.glg-brands.com/brands-list""]","[""embedded_or_network_json"", ""portfolio_card""]"
1767,GLG Brands,Technicolor,first_party_portfolio_presence,0.97,2,https://www.glg-brands.com/brand-licensing2/technicolor,"[""https://www.glg-brands.com/brand-licensing1/acer"", ""https://www.glg-brands.com/brands-list""]","[""embedded_or_network_json"", ""portfolio_card""]"
1768,GLG Brands,Tender Vittles,first_party_portfolio_presence,0.97,2,https://www.glg-brands.com/brand-licensing6/tender-vittles,"[""https://www.glg-brands.com/brand-licensing1/acer"", ""https://www.glg-brands.com/brands-list""]","[""embedded_or_network_json"", ""portfolio_card""]"
1820,GLG Brands,The american collection,first_party_portfolio_presence,0.97,1,https://www.glg-brands.com/brand-licensing7/the-american-collection,"[""https://www.glg-brands.com/brand-licensing1/acer""]","[""embedded_or_network_json""]"
799,GLG Brands,Thomson,first_party_portfolio_presence,0.97,2,https://www.glg-brands.com/brand-licensing5/thomson,"[""https://www.glg-brands.com/brand-licensing1/acer"", ""https://www.glg-brands.com/brands-list""]","[""embedded_or_network_json"", ""portfolio_card""]"
1769,GLG Brands,Tidalwave,first_party_portfolio_presence,0.97,2,https://www.glg-brands.com/brand-licensing4/tidalwave,"[""https://www.glg-brands.com/brand-licensing1/acer"", ""https://www.glg-brands.com/brands-list""]","[""embedded_or_network_json"", ""portfolio_card""]"
1770,GLG Brands,TopGun,first_party_portfolio_presence,0.97,2,https://www.glg-brands.com/brand-licensing7/topgun,"[""https://www.glg-brands.com/brand-licensing1/acer"", ""https://www.glg-brands.com/brands-list""]","[""embedded_or_network_json"", ""portfolio_card""]"
1771,GLG Brands,Toys R us,first_party_portfolio_presence,0.97,2,https://www.glg-brands.com/brand-licensing5/toys-r-us,"[""https://www.glg-brands.com/brand-licensing1/acer"", ""https://www.glg-brands.com/brands-list""]","[""embedded_or_network_json"", ""portfolio_card""]"
1772,GLG Brands,Ultraman,first_party_portfolio_presence,0.97,2,https://www.glg-brands.com/brand-licensing5/ultraman,"[""https://www.glg-brands.com/brand-licensing1/acer"", ""https://www.glg-brands.com/brands-list""]","[""embedded_or_network_json"", ""portfolio_card""]"
1773,GLG Brands,Umbro,first_party_portfolio_presence,0.97,2,https://www.glg-brands.com/brand-licensing5/umbro,"[""https://www.glg-brands.com/brand-licensing1/acer"", ""https://www.glg-brands.com/brands-list""]","[""embedded_or_network_json"", ""portfolio_card""]"
1774,GLG Brands,Unit,first_party_portfolio_presence,0.97,2,https://www.glg-brands.com/brand-licensing5/unit,"[""https://www.glg-brands.com/brand-licensing1/acer"", ""https://www.glg-brands.com/brands-list""]","[""embedded_or_network_json"", ""portfolio_card""]"
1781,GLG Brands,VONZIPPER,first_party_portfolio_presence,0.97,2,https://www.glg-brands.com/brand-licensing6/vonzipper,"[""https://www.glg-brands.com/brand-licensing1/acer"", ""https://www.glg-brands.com/brands-list""]","[""embedded_or_network_json"", ""portfolio_card""]"
1775,GLG Brands,Valentina Epale,first_party_portfolio_presence,0.97,2,https://www.glg-brands.com/brand-licensing6/valentina-epale,"[""https://www.glg-brands.com/brand-licensing1/acer"", ""https://www.glg-brands.com/brands-list""]","[""embedded_or_network_json"", ""portfolio_card""]"
1281,GLG Brands,Van Gogh Museum,first_party_portfolio_presence,0.97,2,https://imglicensing.com/brands/van-gogh-museum/,"[""https://www.glg-brands.com/brand-licensing1/acer"", ""https://www.glg-brands.com/brands-list""]","[""embedded_or_network_json"", ""portfolio_card""]"
1776,GLG Brands,Vera Wang,first_party_portfolio_presence,0.97,2,https://www.glg-brands.com/brand-licensing5/vera-wang,"[""https://www.glg-brands.com/brand-licensing1/acer"", ""https://www.glg-brands.com/brands-list""]","[""embedded_or_network_json"", ""portfolio_card""]"
1777,GLG Brands,Victor,first_party_portfolio_presence,0.97,2,https://www.glg-brands.com/brand-licensing5/victor,"[""https://www.glg-brands.com/brand-licensing1/acer"", ""https://www.glg-brands.com/brands-list""]","[""embedded_or_network_json"", ""portfolio_card""]"
1778,GLG Brands,Victrola,first_party_portfolio_presence,0.97,2,https://www.glg-brands.com/brand-licensing5/victrola,"[""https://www.glg-brands.com/brand-licensing1/acer"", ""https://www.glg-brands.com/brands-list""]","[""embedded_or_network_json"", ""portfolio_card""]"
1779,GLG Brands,Vincent Van Gogh,first_party_portfolio_presence,0.97,2,https://www.glg-brands.com/brand-licensing5/vincent-van-gogh,"[""https://www.glg-brands.com/brand-licensing1/acer"", ""https://www.glg-brands.com/brands-list""]","[""embedded_or_network_json"", ""portfolio_card""]"
1780,GLG Brands,Virtus Palestre,first_party_portfolio_presence,0.97,2,https://www.glg-brands.com/brand-licensing5/virtus-palestre,"[""https://www.glg-brands.com/brand-licensing1/acer"", ""https://www.glg-brands.com/brands-list""]","[""embedded_or_network_json"", ""portfolio_card""]"
1782,GLG Brands,Warners,first_party_portfolio_presence,0.97,2,https://www.glg-brands.com/brand-licensing5/warners,"[""https://www.glg-brands.com/brand-licensing1/acer"", ""https://www.glg-brands.com/brands-list""]","[""embedded_or_network_json"", ""portfolio_card""]"
1783,GLG Brands,Waverly,first_party_portfolio_presence,0.97,2,https://www.glg-brands.com/brand-licensing5/waverly,"[""https://www.glg-brands.com/brand-licensing1/acer"", ""https://www.glg-brands.com/brands-list""]","[""embedded_or_network_json"", ""portfolio_card""]"
1784,GLG Brands,Wellington Polo Club,first_party_portfolio_presence,0.97,2,https://www.glg-brands.com/brand-licensing5/wellington-polo-club,"[""https://www.glg-brands.com/brand-licensing1/acer"", ""https://www.glg-brands.com/brands-list""]","[""embedded_or_network_json"", ""portfolio_card""]"
1785,GLG Brands,Westinghouse,first_party_portfolio_presence,0.97,2,https://www.glg-brands.com/brand-licensing5/westinghouse,"[""https://www.glg-brands.com/brand-licensing1/acer"", ""https://www.glg-brands.com/brands-list""]","[""embedded_or_network_json"", ""portfolio_card""]"
1786,GLG Brands,William Rast,first_party_portfolio_presence,0.97,2,https://www.glg-brands.com/brand-licensing5/william-rast,"[""https://www.glg-brands.com/brand-licensing1/acer"", ""https://www.glg-brands.com/brands-list""]","[""embedded_or_network_json"", ""portfolio_card""]"
1787,GLG Brands,XOXO,first_party_portfolio_presence,0.97,2,https://www.glg-brands.com/brand-licensing5/xoxo,"[""https://www.glg-brands.com/brand-licensing1/acer"", ""https://www.glg-brands.com/brands-list""]","[""embedded_or_network_json"", ""portfolio_card""]"
1788,GLG Brands,Yak Pak,first_party_portfolio_presence,0.97,2,https://www.glg-brands.com/brand-licensing6/yak-pak,"[""https://www.glg-brands.com/brand-licensing1/acer"", ""https://www.glg-brands.com/brands-list""]","[""embedded_or_network_json"", ""portfolio_card""]"
1789,GLG Brands,Yale University,first_party_portfolio_presence,0.97,2,https://www.glg-brands.com/brand-licensing7/yale-university,"[""https://www.glg-brands.com/brand-licensing1/acer"", ""https://www.glg-brands.com/brands-list""]","[""embedded_or_network_json"", ""portfolio_card""]"
1790,GLG Brands,Zoo york,first_party_portfolio_presence,0.97,2,https://www.glg-brands.com/brand-licensing5/zoo-york,"[""https://www.glg-brands.com/brand-licensing1/acer"", ""https://www.glg-brands.com/brands-list""]","[""embedded_or_network_json"", ""portfolio_card""]"
655,GLG Brands,Zorro,first_party_portfolio_presence,0.97,2,https://imglicensing.com/brands/zorro/,"[""https://www.glg-brands.com/brand-licensing1/acer"", ""https://www.glg-brands.com/brands-list""]","[""embedded_or_network_json"", ""portfolio_card""]"
1626,GLG Brands,eMachines,first_party_portfolio_presence,0.97,2,https://www.glg-brands.com/brand-licensing2/emachines,"[""https://www.glg-brands.com/brand-licensing1/acer"", ""https://www.glg-brands.com/brands-list""]","[""embedded_or_network_json"", ""portfolio_card""]"
1633,GLG Brands,etnies,first_party_portfolio_presence,0.97,2,https://www.glg-brands.com/brand-licensing7/etnies,"[""https://www.glg-brands.com/brand-licensing1/acer"", ""https://www.glg-brands.com/brands-list""]","[""embedded_or_network_json"", ""portfolio_card""]"
417,Glam Licensing & Consulting,Acer,agent_supplied_client_listing,0.84,1,https://www.glg-brands.com/brand-licensing1/acer,"[""https://www.licenseglobal.com/licensing-resources/top-global-licensing-agents-client-list""]","[""licenseglobal_client_list""]"
422,Glam Licensing & Consulting,British Motors Heritage and Tarzan,agent_supplied_client_listing,0.84,1,,"[""https://www.licenseglobal.com/licensing-resources/top-global-licensing-agents-client-list""]","[""licenseglobal_client_list""]"
419,Glam Licensing & Consulting,Carlton London,agent_supplied_client_listing,0.84,1,,"[""https://www.licenseglobal.com/licensing-resources/top-global-licensing-agents-client-list""]","[""licenseglobal_client_list""]"
413,Glam Licensing & Consulting,Daewoo,agent_supplied_client_listing,0.84,1,https://www.glg-brands.com/brand-licensing2/daewoo,"[""https://www.licenseglobal.com/licensing-resources/top-global-licensing-agents-client-list""]","[""licenseglobal_client_list""]"
415,Glam Licensing & Consulting,Edison,agent_supplied_client_listing,0.84,1,https://www.glg-brands.com/brand-licensing5/edison,"[""https://www.licenseglobal.com/licensing-resources/top-global-licensing-agents-client-list""]","[""licenseglobal_client_list""]"
421,Glam Licensing & Consulting,Hangten,agent_supplied_client_listing,0.84,1,,"[""https://www.licenseglobal.com/licensing-resources/top-global-licensing-agents-client-list""]","[""licenseglobal_client_list""]"
420,Glam Licensing & Consulting,HardRock,agent_supplied_client_listing,0.84,1,,"[""https://www.licenseglobal.com/licensing-resources/top-global-licensing-agents-client-list""]","[""licenseglobal_client_list""]"
423,Global Icons,America250,agent_supplied_client_listing,0.84,1,,"[""https://www.licenseglobal.com/licensing-resources/top-global-licensing-agents-client-list""]","[""licenseglobal_client_list""]"
424,Global Icons,American Airlines,agent_supplied_client_listing,0.84,1,,"[""https://www.licenseglobal.com/licensing-resources/top-global-licensing-agents-client-list""]","[""licenseglobal_client_list""]"
427,Global Icons,Aprilia,agent_supplied_client_listing,0.84,1,,"[""https://www.licenseglobal.com/licensing-resources/top-global-licensing-agents-client-list""]","[""licenseglobal_client_list""]"
425,Global Icons,Automobili Lamborghini,agent_supplied_client_listing,0.84,1,,"[""https://www.licenseglobal.com/licensing-resources/top-global-licensing-agents-client-list""]","[""licenseglobal_client_list""]"
428,Global Icons,Betty Boop,first_party_portfolio_presence,0.84,2,,"[""https://globalicons.com/our-clients"", ""https://www.licenseglobal.com/licensing-resources/top-global-licensing-agents-client-list""]","[""licenseglobal_client_list"", ""semantic_anchor""]"
430,Global Icons,D Billions,agent_supplied_client_listing,0.84,1,,"[""https://www.licenseglobal.com/licensing-resources/top-global-licensing-agents-client-list""]","[""licenseglobal_client_list""]"
431,Global Icons,Danimals,agent_supplied_client_listing,0.84,1,,"[""https://www.licenseglobal.com/licensing-resources/top-global-licensing-agents-client-list""]","[""licenseglobal_client_list""]"
432,Global Icons,Fabuloso,first_party_portfolio_presence,0.84,2,,"[""https://globalicons.com/our-clients"", ""https://www.licenseglobal.com/licensing-resources/top-global-licensing-agents-client-list""]","[""licenseglobal_client_list"", ""semantic_anchor""]"
433,Global Icons,Hostess,agent_supplied_client_listing,0.84,1,,"[""https://www.licenseglobal.com/licensing-resources/top-global-licensing-agents-client-list""]","[""licenseglobal_client_list""]"
1549,Global Icons,Lamborghini2,first_party_portfolio_presence,0.74,1,,"[""https://globalicons.com/our-clients""]","[""portfolio_card""]"
434,Global Icons,Michelin,first_party_portfolio_presence,0.84,2,,"[""https://globalicons.com/our-clients"", ""https://www.licenseglobal.com/licensing-resources/top-global-licensing-agents-client-list""]","[""licenseglobal_client_list"", ""semantic_anchor""]"
435,Global Icons,Moto Guzzi,first_party_portfolio_presence,0.84,2,,"[""https://globalicons.com/our-clients"", ""https://www.licenseglobal.com/licensing-resources/top-global-licensing-agents-client-list""]","[""licenseglobal_client_list"", ""semantic_anchor""]"
436,Global Icons,OIKOS,agent_supplied_client_listing,0.84,1,,"[""https://www.licenseglobal.com/licensing-resources/top-global-licensing-agents-client-list""]","[""licenseglobal_client_list""]"
437,Global Icons,Omaha Steaks,agent_supplied_client_listing,0.84,1,,"[""https://www.licenseglobal.com/licensing-resources/top-global-licensing-agents-client-list""]","[""licenseglobal_client_list""]"
438,Global Icons,Renault,first_party_portfolio_presence,0.84,2,,"[""https://globalicons.com/our-clients"", ""https://www.licenseglobal.com/licensing-resources/top-global-licensing-agents-client-list""]","[""licenseglobal_client_list"", ""semantic_anchor""]"
439,Global Icons,Spyker,first_party_portfolio_presence,0.84,2,,"[""https://globalicons.com/our-clients"", ""https://www.licenseglobal.com/licensing-resources/top-global-licensing-agents-client-list""]","[""licenseglobal_client_list"", ""semantic_anchor""]"
440,Global Icons,United States Postal Service,agent_supplied_client_listing,0.84,1,,"[""https://www.licenseglobal.com/licensing-resources/top-global-licensing-agents-client-list""]","[""licenseglobal_client_list""]"
1551,Global Icons,VW,first_party_portfolio_presence,0.74,1,,"[""https://globalicons.com/our-clients""]","[""portfolio_card""]"
1550,Global Icons,Vespa,first_party_portfolio_presence,0.74,1,,"[""https://globalicons.com/our-clients""]","[""portfolio_card""]"
441,Global Icons,Vespa and Volkswagen,agent_supplied_client_listing,0.84,1,,"[""https://www.licenseglobal.com/licensing-resources/top-global-licensing-agents-client-list""]","[""licenseglobal_client_list""]"
451,Global Merchandising Services,Alice Cooper,agent_supplied_client_listing,0.84,1,,"[""https://www.licenseglobal.com/licensing-resources/top-global-licensing-agents-client-list""]","[""licenseglobal_client_list""]"
443,Global Merchandising Services,Backstreet Boys,agent_supplied_client_listing,0.84,1,,"[""https://www.licenseglobal.com/licensing-resources/top-global-licensing-agents-client-list""]","[""licenseglobal_client_list""]"
450,Global Merchandising Services,CBGB,agent_supplied_client_listing,0.84,1,,"[""https://www.licenseglobal.com/licensing-resources/top-global-licensing-agents-client-list""]","[""licenseglobal_client_list""]"
448,Global Merchandising Services,Fender,agent_supplied_client_listing,0.84,1,,"[""https://www.licenseglobal.com/licensing-resources/top-global-licensing-agents-client-list""]","[""licenseglobal_client_list""]"
452,Global Merchandising Services,Ghost,agent_supplied_client_listing,0.84,1,,"[""https://www.licenseglobal.com/licensing-resources/top-global-licensing-agents-client-list""]","[""licenseglobal_client_list""]"
460,Global Merchandising Services,Halsey and Fred Again,agent_supplied_client_listing,0.84,1,,"[""https://www.licenseglobal.com/licensing-resources/top-global-licensing-agents-client-list""]","[""licenseglobal_client_list""]"
82,Global Merchandising Services,Iron Maiden,agent_supplied_client_listing,0.84,1,,"[""https://www.licenseglobal.com/licensing-resources/top-global-licensing-agents-client-list""]","[""licenseglobal_client_list""]"
455,Global Merchandising Services,Jade Thirwall,agent_supplied_client_listing,0.84,1,,"[""https://www.licenseglobal.com/licensing-resources/top-global-licensing-agents-client-list""]","[""licenseglobal_client_list""]"
449,Global Merchandising Services,Liquid Death,agent_supplied_client_listing,0.84,1,,"[""https://www.licenseglobal.com/licensing-resources/top-global-licensing-agents-client-list""]","[""licenseglobal_client_list""]"
459,Global Merchandising Services,Misfits,agent_supplied_client_listing,0.84,1,,"[""https://www.licenseglobal.com/licensing-resources/top-global-licensing-agents-client-list""]","[""licenseglobal_client_list""]"
445,Global Merchandising Services,Motörhead,agent_supplied_client_listing,0.84,1,,"[""https://www.licenseglobal.com/licensing-resources/top-global-licensing-agents-client-list""]","[""licenseglobal_client_list""]"
444,Global Merchandising Services,Mötley Crüe,agent_supplied_client_listing,0.84,1,,"[""https://www.licenseglobal.com/licensing-resources/top-global-licensing-agents-client-list""]","[""licenseglobal_client_list""]"
446,Global Merchandising Services,Niall Horan,agent_supplied_client_listing,0.84,1,,"[""https://www.licenseglobal.com/licensing-resources/top-global-licensing-agents-client-list""]","[""licenseglobal_client_list""]"
442,Global Merchandising Services,Oasis,agent_supplied_client_listing,0.84,1,,"[""https://www.licenseglobal.com/licensing-resources/top-global-licensing-agents-client-list""]","[""licenseglobal_client_list""]"
106,Global Merchandising Services,Ozzy Osbourne,agent_supplied_client_listing,0.84,1,,"[""https://www.licenseglobal.com/licensing-resources/top-global-licensing-agents-client-list""]","[""licenseglobal_client_list""]"
458,Global Merchandising Services,Rob Zombie,agent_supplied_client_listing,0.84,1,,"[""https://www.licenseglobal.com/licensing-resources/top-global-licensing-agents-client-list""]","[""licenseglobal_client_list""]"
447,Global Merchandising Services,Skibidi Toilet,agent_supplied_client_listing,0.84,1,,"[""https://www.licenseglobal.com/licensing-resources/top-global-licensing-agents-client-list""]","[""licenseglobal_client_list""]"
456,Global Merchandising Services,Slayer,agent_supplied_client_listing,0.84,1,,"[""https://www.licenseglobal.com/licensing-resources/top-global-licensing-agents-client-list""]","[""licenseglobal_client_list""]"
453,Global Merchandising Services,Sleep Token,agent_supplied_client_listing,0.84,1,,"[""https://www.licenseglobal.com/licensing-resources/top-global-licensing-agents-client-list""]","[""licenseglobal_client_list""]"
457,Global Merchandising Services,Take That,agent_supplied_client_listing,0.84,1,,"[""https://www.licenseglobal.com/licensing-resources/top-global-licensing-agents-client-list""]","[""licenseglobal_client_list""]"
454,Global Merchandising Services,Zayn Malik,agent_supplied_client_listing,0.84,1,,"[""https://www.licenseglobal.com/licensing-resources/top-global-licensing-agents-client-list""]","[""licenseglobal_client_list""]"
1799,Global Trademark Licensing,Explore Our Clients,first_party_portfolio_presence,0.74,1,,"[""https://www.globaltrademarklicensing.com/portfolio-clients""]","[""portfolio_card""]"
470,Global Trademark Licensing,Formula E,agent_supplied_client_listing,0.84,1,,"[""https://www.licenseglobal.com/licensing-resources/top-global-licensing-agents-client-list""]","[""licenseglobal_client_list""]"
467,Global Trademark Licensing,JCB,agent_supplied_client_listing,0.84,1,,"[""https://www.licenseglobal.com/licensing-resources/top-global-licensing-agents-client-list""]","[""licenseglobal_client_list""]"
462,Global Trademark Licensing,JLR,agent_supplied_client_listing,0.84,1,,"[""https://www.licenseglobal.com/licensing-resources/top-global-licensing-agents-client-list""]","[""licenseglobal_client_list""]"
468,Global Trademark Licensing,James Hunt,agent_supplied_client_listing,0.84,1,,"[""https://www.licenseglobal.com/licensing-resources/top-global-licensing-agents-client-list""]","[""licenseglobal_client_list""]"
469,Global Trademark Licensing,LEVC,agent_supplied_client_listing,0.84,1,,"[""https://www.licenseglobal.com/licensing-resources/top-global-licensing-agents-client-list""]","[""licenseglobal_client_list""]"
471,Global Trademark Licensing,Lambretta and Shelby,agent_supplied_client_listing,0.84,1,,"[""https://www.licenseglobal.com/licensing-resources/top-global-licensing-agents-client-list""]","[""licenseglobal_client_list""]"
464,Global Trademark Licensing,Lotus,agent_supplied_client_listing,0.84,1,,"[""https://www.licenseglobal.com/licensing-resources/top-global-licensing-agents-client-list""]","[""licenseglobal_client_list""]"
463,Global Trademark Licensing,McLaren Racing,agent_supplied_client_listing,0.84,1,,"[""https://www.licenseglobal.com/licensing-resources/top-global-licensing-agents-client-list""]","[""licenseglobal_client_list""]"
461,Global Trademark Licensing,Mercedes,agent_supplied_client_listing,0.84,1,,"[""https://www.licenseglobal.com/licensing-resources/top-global-licensing-agents-client-list""]","[""licenseglobal_client_list""]"
1798,Global Trademark Licensing,Mercedes G Wagon,first_party_portfolio_presence,0.74,1,,"[""https://www.globaltrademarklicensing.com/portfolio-clients""]","[""portfolio_card""]"
465,Global Trademark Licensing,Pagani,agent_supplied_client_listing,0.84,1,,"[""https://www.licenseglobal.com/licensing-resources/top-global-licensing-agents-client-list""]","[""licenseglobal_client_list""]"
1797,Global Trademark Licensing,Portfolio & Clients,first_party_portfolio_presence,0.74,2,,"[""https://www.globaltrademarklicensing.com/brands"", ""https://www.globaltrademarklicensing.com/portfolio-clients""]","[""portfolio_card""]"
466,Global Trademark Licensing,Scania,agent_supplied_client_listing,0.84,1,,"[""https://www.licenseglobal.com/licensing-resources/top-global-licensing-agents-client-list""]","[""licenseglobal_client_list""]"
474,Guangzhou Art-Land Holding Company,Anker,agent_supplied_client_listing,0.84,1,,"[""https://www.licenseglobal.com/licensing-resources/top-global-licensing-agents-client-list""]","[""licenseglobal_client_list""]"
473,Guangzhou Art-Land Holding Company,Annil,agent_supplied_client_listing,0.84,1,,"[""https://www.licenseglobal.com/licensing-resources/top-global-licensing-agents-client-list""]","[""licenseglobal_client_list""]"
476,Guangzhou Art-Land Holding Company,Babycare,agent_supplied_client_listing,0.84,1,,"[""https://www.licenseglobal.com/licensing-resources/top-global-licensing-agents-client-list""]","[""licenseglobal_client_list""]"
482,Guangzhou Art-Land Holding Company,Baidu,agent_supplied_client_listing,0.84,1,,"[""https://www.licenseglobal.com/licensing-resources/top-global-licensing-agents-client-list""]","[""licenseglobal_client_list""]"
475,Guangzhou Art-Land Holding Company,Balabala,agent_supplied_client_listing,0.84,1,,"[""https://www.licenseglobal.com/licensing-resources/top-global-licensing-agents-client-list""]","[""licenseglobal_client_list""]"
483,Guangzhou Art-Land Holding Company,Bananain,agent_supplied_client_listing,0.84,1,,"[""https://www.licenseglobal.com/licensing-resources/top-global-licensing-agents-client-list""]","[""licenseglobal_client_list""]"
477,Guangzhou Art-Land Holding Company,Bata,agent_supplied_client_listing,0.84,1,,"[""https://www.licenseglobal.com/licensing-resources/top-global-licensing-agents-client-list""]","[""licenseglobal_client_list""]"
479,Guangzhou Art-Land Holding Company,Beazero,agent_supplied_client_listing,0.84,1,,"[""https://www.licenseglobal.com/licensing-resources/top-global-licensing-agents-client-list""]","[""licenseglobal_client_list""]"
478,Guangzhou Art-Land Holding Company,Belle,agent_supplied_client_listing,0.84,1,,"[""https://www.licenseglobal.com/licensing-resources/top-global-licensing-agents-client-list""]","[""licenseglobal_client_list""]"
480,Guangzhou Art-Land Holding Company,Bilibili,agent_supplied_client_listing,0.84,1,,"[""https://www.licenseglobal.com/licensing-resources/top-global-licensing-agents-client-list""]","[""licenseglobal_client_list""]"
481,Guangzhou Art-Land Holding Company,Biore,agent_supplied_client_listing,0.84,1,,"[""https://www.licenseglobal.com/licensing-resources/top-global-licensing-agents-client-list""]","[""licenseglobal_client_list""]"
484,Guangzhou Art-Land Holding Company,Blink,agent_supplied_client_listing,0.84,1,,"[""https://www.licenseglobal.com/licensing-resources/top-global-licensing-agents-client-list""]","[""licenseglobal_client_list""]"
485,Guangzhou Art-Land Holding Company,CS,agent_supplied_client_listing,0.84,1,,"[""https://www.licenseglobal.com/licensing-resources/top-global-licensing-agents-client-list""]","[""licenseglobal_client_list""]"
490,Guangzhou Art-Land Holding Company,Centrum,agent_supplied_client_listing,0.84,1,,"[""https://www.licenseglobal.com/licensing-resources/top-global-licensing-agents-client-list""]","[""licenseglobal_client_list""]"
488,Guangzhou Art-Land Holding Company,China Merchants Bank,agent_supplied_client_listing,0.84,1,,"[""https://www.licenseglobal.com/licensing-resources/top-global-licensing-agents-client-list""]","[""licenseglobal_client_list""]"
486,Guangzhou Art-Land Holding Company,Chow Tai Fook,agent_supplied_client_listing,0.84,1,,"[""https://www.licenseglobal.com/licensing-resources/top-global-licensing-agents-client-list""]","[""licenseglobal_client_list""]"
489,Guangzhou Art-Land Holding Company,Citizen,agent_supplied_client_listing,0.84,1,,"[""https://www.licenseglobal.com/licensing-resources/top-global-licensing-agents-client-list""]","[""licenseglobal_client_list""]"
492,Guangzhou Art-Land Holding Company,Cotti,agent_supplied_client_listing,0.84,1,,"[""https://www.licenseglobal.com/licensing-resources/top-global-licensing-agents-client-list""]","[""licenseglobal_client_list""]"
491,Guangzhou Art-Land Holding Company,Culturelle,agent_supplied_client_listing,0.84,1,,"[""https://www.licenseglobal.com/licensing-resources/top-global-licensing-agents-client-list""]","[""licenseglobal_client_list""]"
494,Guangzhou Art-Land Holding Company,DAZZLE,agent_supplied_client_listing,0.84,1,,"[""https://www.licenseglobal.com/licensing-resources/top-global-licensing-agents-client-list""]","[""licenseglobal_client_list""]"
498,Guangzhou Art-Land Holding Company,Deep Breath,agent_supplied_client_listing,0.84,1,,"[""https://www.licenseglobal.com/licensing-resources/top-global-licensing-agents-client-list""]","[""licenseglobal_client_list""]"
497,Guangzhou Art-Land Holding Company,Deli stationery,agent_supplied_client_listing,0.84,1,,"[""https://www.licenseglobal.com/licensing-resources/top-global-licensing-agents-client-list""]","[""licenseglobal_client_list""]"
496,Guangzhou Art-Land Holding Company,Dencare,agent_supplied_client_listing,0.84,1,,"[""https://www.licenseglobal.com/licensing-resources/top-global-licensing-agents-client-list""]","[""licenseglobal_client_list""]"
495,Guangzhou Art-Land Holding Company,Dettol,agent_supplied_client_listing,0.84,1,,"[""https://www.licenseglobal.com/licensing-resources/top-global-licensing-agents-client-list""]","[""licenseglobal_client_list""]"
500,Guangzhou Art-Land Holding Company,EF Education,agent_supplied_client_listing,0.84,1,,"[""https://www.licenseglobal.com/licensing-resources/top-global-licensing-agents-client-list""]","[""licenseglobal_client_list""]"
499,Guangzhou Art-Land Holding Company,Edition,agent_supplied_client_listing,0.84,1,,"[""https://www.licenseglobal.com/licensing-resources/top-global-licensing-agents-client-list""]","[""licenseglobal_client_list""]"
501,Guangzhou Art-Land Holding Company,Fila,agent_supplied_client_listing,0.84,1,,"[""https://www.licenseglobal.com/licensing-resources/top-global-licensing-agents-client-list""]","[""licenseglobal_client_list""]"
502,Guangzhou Art-Land Holding Company,Fipo,agent_supplied_client_listing,0.84,1,,"[""https://www.licenseglobal.com/licensing-resources/top-global-licensing-agents-client-list""]","[""licenseglobal_client_list""]"
505,Guangzhou Art-Land Holding Company,Forever 21,agent_supplied_client_listing,0.84,1,,"[""https://www.licenseglobal.com/licensing-resources/top-global-licensing-agents-client-list""]","[""licenseglobal_client_list""]"
503,Guangzhou Art-Land Holding Company,Frog Prince,agent_supplied_client_listing,0.84,1,,"[""https://www.licenseglobal.com/licensing-resources/top-global-licensing-agents-client-list""]","[""licenseglobal_client_list""]"
504,Guangzhou Art-Land Holding Company,Garden,agent_supplied_client_listing,0.84,1,,"[""https://www.licenseglobal.com/licensing-resources/top-global-licensing-agents-client-list""]","[""licenseglobal_client_list""]"
506,Guangzhou Art-Land Holding Company,Glico,agent_supplied_client_listing,0.84,1,,"[""https://www.licenseglobal.com/licensing-resources/top-global-licensing-agents-client-list""]","[""licenseglobal_client_list""]"
507,Guangzhou Art-Land Holding Company,Gukoo,agent_supplied_client_listing,0.84,1,,"[""https://www.licenseglobal.com/licensing-resources/top-global-licensing-agents-client-list""]","[""licenseglobal_client_list""]"
510,Guangzhou Art-Land Holding Company,HLA,agent_supplied_client_listing,0.84,1,,"[""https://www.licenseglobal.com/licensing-resources/top-global-licensing-agents-client-list""]","[""licenseglobal_client_list""]"
508,Guangzhou Art-Land Holding Company,Haidilao,agent_supplied_client_listing,0.84,1,,"[""https://www.licenseglobal.com/licensing-resources/top-global-licensing-agents-client-list""]","[""licenseglobal_client_list""]"
509,Guangzhou Art-Land Holding Company,Hewlett Packard (HP),agent_supplied_client_listing,0.84,1,,"[""https://www.licenseglobal.com/licensing-resources/top-global-licensing-agents-client-list""]","[""licenseglobal_client_list""]"
511,Guangzhou Art-Land Holding Company,Hsufuchi,agent_supplied_client_listing,0.84,1,,"[""https://www.licenseglobal.com/licensing-resources/top-global-licensing-agents-client-list""]","[""licenseglobal_client_list""]"
512,Guangzhou Art-Land Holding Company,I.T,agent_supplied_client_listing,0.84,1,,"[""https://www.licenseglobal.com/licensing-resources/top-global-licensing-agents-client-list""]","[""licenseglobal_client_list""]"
514,Guangzhou Art-Land Holding Company,IMIS,agent_supplied_client_listing,0.84,1,,"[""https://www.licenseglobal.com/licensing-resources/top-global-licensing-agents-client-list""]","[""licenseglobal_client_list""]"
515,Guangzhou Art-Land Holding Company,IP Snack,agent_supplied_client_listing,0.84,1,,"[""https://www.licenseglobal.com/licensing-resources/top-global-licensing-agents-client-list""]","[""licenseglobal_client_list""]"
513,Guangzhou Art-Land Holding Company,Igc,agent_supplied_client_listing,0.84,1,,"[""https://www.licenseglobal.com/licensing-resources/top-global-licensing-agents-client-list""]","[""licenseglobal_client_list""]"
59,Guangzhou Art-Land Holding Company,JD.com,agent_supplied_client_listing,0.84,1,,"[""https://www.licenseglobal.com/licensing-resources/top-global-licensing-agents-client-list""]","[""licenseglobal_client_list""]"
517,Guangzhou Art-Land Holding Company,JUST.FOTO,agent_supplied_client_listing,0.84,1,,"[""https://www.licenseglobal.com/licensing-resources/top-global-licensing-agents-client-list""]","[""licenseglobal_client_list""]"
516,Guangzhou Art-Land Holding Company,Jandoon,agent_supplied_client_listing,0.84,1,,"[""https://www.licenseglobal.com/licensing-resources/top-global-licensing-agents-client-list""]","[""licenseglobal_client_list""]"
521,Guangzhou Art-Land Holding Company,KEEP,agent_supplied_client_listing,0.84,1,,"[""https://www.licenseglobal.com/licensing-resources/top-global-licensing-agents-client-list""]","[""licenseglobal_client_list""]"
37,Guangzhou Art-Land Holding Company,KFC,agent_supplied_client_listing,0.84,1,https://brandgenuity.com/clients/kfc,"[""https://www.licenseglobal.com/licensing-resources/top-global-licensing-agents-client-list""]","[""licenseglobal_client_list""]"
522,Guangzhou Art-Land Holding Company,KKV,agent_supplied_client_listing,0.84,1,,"[""https://www.licenseglobal.com/licensing-resources/top-global-licensing-agents-client-list""]","[""licenseglobal_client_list""]"
518,Guangzhou Art-Land Holding Company,Kabrita,agent_supplied_client_listing,0.84,1,,"[""https://www.licenseglobal.com/licensing-resources/top-global-licensing-agents-client-list""]","[""licenseglobal_client_list""]"
178,Guangzhou Art-Land Holding Company,Kappa,agent_supplied_client_listing,0.84,1,,"[""https://www.licenseglobal.com/licensing-resources/top-global-licensing-agents-client-list""]","[""licenseglobal_client_list""]"
519,Guangzhou Art-Land Holding Company,Kawasaki,agent_supplied_client_listing,0.84,1,,"[""https://www.licenseglobal.com/licensing-resources/top-global-licensing-agents-client-list""]","[""licenseglobal_client_list""]"
520,Guangzhou Art-Land Holding Company,Kayou,agent_supplied_client_listing,0.84,1,,"[""https://www.licenseglobal.com/licensing-resources/top-global-licensing-agents-client-list""]","[""licenseglobal_client_list""]"
523,Guangzhou Art-Land Holding Company,Knighthood,agent_supplied_client_listing,0.84,1,,"[""https://www.licenseglobal.com/licensing-resources/top-global-licensing-agents-client-list""]","[""licenseglobal_client_list""]"
524,Guangzhou Art-Land Holding Company,L'OCCITANE,agent_supplied_client_listing,0.84,1,,"[""https://www.licenseglobal.com/licensing-resources/top-global-licensing-agents-client-list""]","[""licenseglobal_client_list""]"
527,Guangzhou Art-Land Holding Company,Larbee,agent_supplied_client_listing,0.84,1,,"[""https://www.licenseglobal.com/licensing-resources/top-global-licensing-agents-client-list""]","[""licenseglobal_client_list""]"
525,Guangzhou Art-Land Holding Company,Lawson,agent_supplied_client_listing,0.84,1,,"[""https://www.licenseglobal.com/licensing-resources/top-global-licensing-agents-client-list""]","[""licenseglobal_client_list""]"
526,Guangzhou Art-Land Holding Company,Lecoq sportif,agent_supplied_client_listing,0.84,1,,"[""https://www.licenseglobal.com/licensing-resources/top-global-licensing-agents-client-list""]","[""licenseglobal_client_list""]"
528,Guangzhou Art-Land Holding Company,Linlee,agent_supplied_client_listing,0.84,1,,"[""https://www.licenseglobal.com/licensing-resources/top-global-licensing-agents-client-list""]","[""licenseglobal_client_list""]"
529,Guangzhou Art-Land Holding Company,Luckin,agent_supplied_client_listing,0.84,1,,"[""https://www.licenseglobal.com/licensing-resources/top-global-licensing-agents-client-list""]","[""licenseglobal_client_list""]"
34,Guangzhou Art-Land Holding Company,MINISO,agent_supplied_client_listing,0.84,1,,"[""https://www.licenseglobal.com/licensing-resources/top-global-licensing-agents-client-list""]","[""licenseglobal_client_list""]"
530,Guangzhou Art-Land Holding Company,Maxim's cakes,agent_supplied_client_listing,0.84,1,,"[""https://www.licenseglobal.com/licensing-resources/top-global-licensing-agents-client-list""]","[""licenseglobal_client_list""]"
531,Guangzhou Art-Land Holding Company,McCormick,agent_supplied_client_listing,0.84,1,,"[""https://www.licenseglobal.com/licensing-resources/top-global-licensing-agents-client-list""]","[""licenseglobal_client_list""]"
537,Guangzhou Art-Land Holding Company,Meitu,agent_supplied_client_listing,0.84,1,,"[""https://www.licenseglobal.com/licensing-resources/top-global-licensing-agents-client-list""]","[""licenseglobal_client_list""]"
538,Guangzhou Art-Land Holding Company,Meituan,agent_supplied_client_listing,0.84,1,,"[""https://www.licenseglobal.com/licensing-resources/top-global-licensing-agents-client-list""]","[""licenseglobal_client_list""]"
533,Guangzhou Art-Land Holding Company,Midea,agent_supplied_client_listing,0.84,1,,"[""https://www.licenseglobal.com/licensing-resources/top-global-licensing-agents-client-list""]","[""licenseglobal_client_list""]"
534,Guangzhou Art-Land Holding Company,Mideer,agent_supplied_client_listing,0.84,1,,"[""https://www.licenseglobal.com/licensing-resources/top-global-licensing-agents-client-list""]","[""licenseglobal_client_list""]"
535,Guangzhou Art-Land Holding Company,Milkground,agent_supplied_client_listing,0.84,1,,"[""https://www.licenseglobal.com/licensing-resources/top-global-licensing-agents-client-list""]","[""licenseglobal_client_list""]"
539,Guangzhou Art-Land Holding Company,Mokingran,agent_supplied_client_listing,0.84,1,,"[""https://www.licenseglobal.com/licensing-resources/top-global-licensing-agents-client-list""]","[""licenseglobal_client_list""]"
472,Guangzhou Art-Land Holding Company,More than 300 licensees including: Aimer Kids,agent_supplied_client_listing,0.84,1,,"[""https://www.licenseglobal.com/licensing-resources/top-global-licensing-agents-client-list""]","[""licenseglobal_client_list""]"
536,Guangzhou Art-Land Holding Company,Mylafe,agent_supplied_client_listing,0.84,1,,"[""https://www.licenseglobal.com/licensing-resources/top-global-licensing-agents-client-list""]","[""licenseglobal_client_list""]"
540,Guangzhou Art-Land Holding Company,Naixue,agent_supplied_client_listing,0.84,1,,"[""https://www.licenseglobal.com/licensing-resources/top-global-licensing-agents-client-list""]","[""licenseglobal_client_list""]"
541,Guangzhou Art-Land Holding Company,Nest Designs,agent_supplied_client_listing,0.84,1,,"[""https://www.licenseglobal.com/licensing-resources/top-global-licensing-agents-client-list""]","[""licenseglobal_client_list""]"
542,Guangzhou Art-Land Holding Company,Nestle,agent_supplied_client_listing,0.84,1,,"[""https://www.licenseglobal.com/licensing-resources/top-global-licensing-agents-client-list""]","[""licenseglobal_client_list""]"
543,Guangzhou Art-Land Holding Company,Nutrilon,agent_supplied_client_listing,0.84,1,,"[""https://www.licenseglobal.com/licensing-resources/top-global-licensing-agents-client-list""]","[""licenseglobal_client_list""]"
544,Guangzhou Art-Land Holding Company,Only,agent_supplied_client_listing,0.84,1,,"[""https://www.licenseglobal.com/licensing-resources/top-global-licensing-agents-client-list""]","[""licenseglobal_client_list""]"
545,Guangzhou Art-Land Holding Company,Orion,agent_supplied_client_listing,0.84,1,,"[""https://www.licenseglobal.com/licensing-resources/top-global-licensing-agents-client-list""]","[""licenseglobal_client_list""]"
32,Guangzhou Art-Land Holding Company,POP MART,agent_supplied_client_listing,0.84,1,,"[""https://www.licenseglobal.com/licensing-resources/top-global-licensing-agents-client-list""]","[""licenseglobal_client_list""]"
546,Guangzhou Art-Land Holding Company,Palladium,agent_supplied_client_listing,0.84,1,,"[""https://www.licenseglobal.com/licensing-resources/top-global-licensing-agents-client-list""]","[""licenseglobal_client_list""]"
548,Guangzhou Art-Land Holding Company,Paw in Paw,agent_supplied_client_listing,0.84,1,,"[""https://www.licenseglobal.com/licensing-resources/top-global-licensing-agents-client-list""]","[""licenseglobal_client_list""]"
547,Guangzhou Art-Land Holding Company,Peacebird,agent_supplied_client_listing,0.84,1,,"[""https://www.licenseglobal.com/licensing-resources/top-global-licensing-agents-client-list""]","[""licenseglobal_client_list""]"
549,Guangzhou Art-Land Holding Company,Rio,agent_supplied_client_listing,0.84,1,,"[""https://www.licenseglobal.com/licensing-resources/top-global-licensing-agents-client-list""]","[""licenseglobal_client_list""]"
550,Guangzhou Art-Land Holding Company,SANFU,agent_supplied_client_listing,0.84,1,,"[""https://www.licenseglobal.com/licensing-resources/top-global-licensing-agents-client-list""]","[""licenseglobal_client_list""]"
558,Guangzhou Art-Land Holding Company,SOGO Department,agent_supplied_client_listing,0.84,1,,"[""https://www.licenseglobal.com/licensing-resources/top-global-licensing-agents-client-list""]","[""licenseglobal_client_list""]"
560,Guangzhou Art-Land Holding Company,STAYREAL,agent_supplied_client_listing,0.84,1,,"[""https://www.licenseglobal.com/licensing-resources/top-global-licensing-agents-client-list""]","[""licenseglobal_client_list""]"
551,Guangzhou Art-Land Holding Company,Sanli,agent_supplied_client_listing,0.84,1,,"[""https://www.licenseglobal.com/licensing-resources/top-global-licensing-agents-client-list""]","[""licenseglobal_client_list""]"
552,Guangzhou Art-Land Holding Company,Sembo Block,agent_supplied_client_listing,0.84,1,,"[""https://www.licenseglobal.com/licensing-resources/top-global-licensing-agents-client-list""]","[""licenseglobal_client_list""]"
553,Guangzhou Art-Land Holding Company,Semir,agent_supplied_client_listing,0.84,1,,"[""https://www.licenseglobal.com/licensing-resources/top-global-licensing-agents-client-list""]","[""licenseglobal_client_list""]"
554,Guangzhou Art-Land Holding Company,Shiseido,agent_supplied_client_listing,0.84,1,,"[""https://www.licenseglobal.com/licensing-resources/top-global-licensing-agents-client-list""]","[""licenseglobal_client_list""]"
555,Guangzhou Art-Land Holding Company,Skechers,agent_supplied_client_listing,0.84,1,https://imglicensing.com/brands/skechers/,"[""https://www.licenseglobal.com/licensing-resources/top-global-licensing-agents-client-list""]","[""licenseglobal_client_list""]"
557,Guangzhou Art-Land Holding Company,Soap Studio,agent_supplied_client_listing,0.84,1,,"[""https://www.licenseglobal.com/licensing-resources/top-global-licensing-agents-client-list""]","[""licenseglobal_client_list""]"
559,Guangzhou Art-Land Holding Company,Starbucks,agent_supplied_client_listing,0.84,1,,"[""https://www.licenseglobal.com/licensing-resources/top-global-licensing-agents-client-list""]","[""licenseglobal_client_list""]"
561,Guangzhou Art-Land Holding Company,Sunrana,agent_supplied_client_listing,0.84,1,,"[""https://www.licenseglobal.com/licensing-resources/top-global-licensing-agents-client-list""]","[""licenseglobal_client_list""]"
562,Guangzhou Art-Land Holding Company,Supafresh,agent_supplied_client_listing,0.84,1,,"[""https://www.licenseglobal.com/licensing-resources/top-global-licensing-agents-client-list""]","[""licenseglobal_client_list""]"
563,Guangzhou Art-Land Holding Company,Super Player,agent_supplied_client_listing,0.84,1,,"[""https://www.licenseglobal.com/licensing-resources/top-global-licensing-agents-client-list""]","[""licenseglobal_client_list""]"
564,Guangzhou Art-Land Holding Company,Synear,agent_supplied_client_listing,0.84,1,,"[""https://www.licenseglobal.com/licensing-resources/top-global-licensing-agents-client-list""]","[""licenseglobal_client_list""]"
565,Guangzhou Art-Land Holding Company,TATA,agent_supplied_client_listing,0.84,1,,"[""https://www.licenseglobal.com/licensing-resources/top-global-licensing-agents-client-list""]","[""licenseglobal_client_list""]"
567,Guangzhou Art-Land Holding Company,TOI,agent_supplied_client_listing,0.84,1,,"[""https://www.licenseglobal.com/licensing-resources/top-global-licensing-agents-client-list""]","[""licenseglobal_client_list""]"
566,Guangzhou Art-Land Holding Company,Tim Hortons,agent_supplied_client_listing,0.84,1,,"[""https://www.licenseglobal.com/licensing-resources/top-global-licensing-agents-client-list""]","[""licenseglobal_client_list""]"
568,Guangzhou Art-Land Holding Company,Trendy Sound,agent_supplied_client_listing,0.84,1,,"[""https://www.licenseglobal.com/licensing-resources/top-global-licensing-agents-client-list""]","[""licenseglobal_client_list""]"
569,Guangzhou Art-Land Holding Company,Ulike,agent_supplied_client_listing,0.84,1,,"[""https://www.licenseglobal.com/licensing-resources/top-global-licensing-agents-client-list""]","[""licenseglobal_client_list""]"
574,Guangzhou Art-Land Holding Company,V City,agent_supplied_client_listing,0.84,1,,"[""https://www.licenseglobal.com/licensing-resources/top-global-licensing-agents-client-list""]","[""licenseglobal_client_list""]"
573,Guangzhou Art-Land Holding Company,V Walk,agent_supplied_client_listing,0.84,1,,"[""https://www.licenseglobal.com/licensing-resources/top-global-licensing-agents-client-list""]","[""licenseglobal_client_list""]"
575,Guangzhou Art-Land Holding Company,V-care,agent_supplied_client_listing,0.84,1,,"[""https://www.licenseglobal.com/licensing-resources/top-global-licensing-agents-client-list""]","[""licenseglobal_client_list""]"
570,Guangzhou Art-Land Holding Company,Veet,agent_supplied_client_listing,0.84,1,,"[""https://www.licenseglobal.com/licensing-resources/top-global-licensing-agents-client-list""]","[""licenseglobal_client_list""]"
571,Guangzhou Art-Land Holding Company,Volkswagen,agent_supplied_client_listing,0.84,1,,"[""https://www.licenseglobal.com/licensing-resources/top-global-licensing-agents-client-list""]","[""licenseglobal_client_list""]"
576,Guangzhou Art-Land Holding Company,Watsons,agent_supplied_client_listing,0.84,1,,"[""https://www.licenseglobal.com/licensing-resources/top-global-licensing-agents-client-list""]","[""licenseglobal_client_list""]"
578,Guangzhou Art-Land Holding Company,Winner,agent_supplied_client_listing,0.84,1,,"[""https://www.licenseglobal.com/licensing-resources/top-global-licensing-agents-client-list""]","[""licenseglobal_client_list""]"
579,Guangzhou Art-Land Holding Company,Wolong,agent_supplied_client_listing,0.84,1,,"[""https://www.licenseglobal.com/licensing-resources/top-global-licensing-agents-client-list""]","[""licenseglobal_client_list""]"
580,Guangzhou Art-Land Holding Company,Wyeth,agent_supplied_client_listing,0.84,1,,"[""https://www.licenseglobal.com/licensing-resources/top-global-licensing-agents-client-list""]","[""licenseglobal_client_list""]"
581,Guangzhou Art-Land Holding Company,XiaoMi,agent_supplied_client_listing,0.84,1,,"[""https://www.licenseglobal.com/licensing-resources/top-global-licensing-agents-client-list""]","[""licenseglobal_client_list""]"
582,Guangzhou Art-Land Holding Company,Yishion,agent_supplied_client_listing,0.84,1,,"[""https://www.licenseglobal.com/licensing-resources/top-global-licensing-agents-client-list""]","[""licenseglobal_client_list""]"
583,Guangzhou Art-Land Holding Company,Yoplait,agent_supplied_client_listing,0.84,1,,"[""https://www.licenseglobal.com/licensing-resources/top-global-licensing-agents-client-list""]","[""licenseglobal_client_list""]"
584,Guangzhou Art-Land Holding Company,Yuehai Tianhe City and more,agent_supplied_client_listing,0.84,1,,"[""https://www.licenseglobal.com/licensing-resources/top-global-licensing-agents-client-list""]","[""licenseglobal_client_list""]"
493,Guangzhou Art-Land Holding Company,d'zzit,agent_supplied_client_listing,0.84,1,,"[""https://www.licenseglobal.com/licensing-resources/top-global-licensing-agents-client-list""]","[""licenseglobal_client_list""]"
593,Haven Global,Dr Seuss Enterprises,agent_supplied_client_listing,0.84,1,,"[""https://www.licenseglobal.com/licensing-resources/top-global-licensing-agents-client-list""]","[""licenseglobal_client_list""]"
278,Haven Global,Frida Kahlo,agent_supplied_client_listing,0.84,1,,"[""https://www.licenseglobal.com/licensing-resources/top-global-licensing-agents-client-list""]","[""licenseglobal_client_list""]"
599,Haven Global,Moonbug,agent_supplied_client_listing,0.84,1,,"[""https://www.licenseglobal.com/licensing-resources/top-global-licensing-agents-client-list""]","[""licenseglobal_client_list""]"
603,Haven Global,Mulga the Artist and The Doodle Boy,agent_supplied_client_listing,0.84,1,,"[""https://www.licenseglobal.com/licensing-resources/top-global-licensing-agents-client-list""]","[""licenseglobal_client_list""]"
588,Haven Global,Paramount,agent_supplied_client_listing,0.84,1,,"[""https://www.licenseglobal.com/licensing-resources/top-global-licensing-agents-client-list""]","[""licenseglobal_client_list""]"
596,Haven Global,Penguin,agent_supplied_client_listing,0.84,1,,"[""https://www.licenseglobal.com/licensing-resources/top-global-licensing-agents-client-list""]","[""licenseglobal_client_list""]"
592,Haven Global,Pokémon,agent_supplied_client_listing,0.84,1,,"[""https://www.licenseglobal.com/licensing-resources/top-global-licensing-agents-client-list""]","[""licenseglobal_client_list""]"
585,Haven Global,Sanrio,agent_supplied_client_listing,0.84,1,,"[""https://www.licenseglobal.com/licensing-resources/top-global-licensing-agents-client-list""]","[""licenseglobal_client_list""]"
238,Haven Global,Sesame Street,agent_supplied_client_listing,0.84,1,,"[""https://www.licenseglobal.com/licensing-resources/top-global-licensing-agents-client-list""]","[""licenseglobal_client_list""]"
595,Haven Global,The Wiggles,agent_supplied_client_listing,0.84,1,,"[""https://www.licenseglobal.com/licensing-resources/top-global-licensing-agents-client-list""]","[""licenseglobal_client_list""]"
598,Haven Global,” Pusheen,agent_supplied_client_listing,0.84,1,,"[""https://www.licenseglobal.com/licensing-resources/top-global-licensing-agents-client-list""]","[""licenseglobal_client_list""]"
607,IMC Licensing,Duluth Trading Company and Sioux Honey Association,agent_supplied_client_listing,0.84,1,,"[""https://www.licenseglobal.com/licensing-resources/top-global-licensing-agents-client-list""]","[""licenseglobal_client_list""]"
605,IMC Licensing,Ken's Foods,agent_supplied_client_listing,0.84,1,,"[""https://www.licenseglobal.com/licensing-resources/top-global-licensing-agents-client-list""]","[""licenseglobal_client_list""]"
606,IMC Licensing,Lamaze International,agent_supplied_client_listing,0.84,1,,"[""https://www.licenseglobal.com/licensing-resources/top-global-licensing-agents-client-list""]","[""licenseglobal_client_list""]"
604,IMC Licensing,SC Johnson,agent_supplied_client_listing,0.84,1,,"[""https://www.licenseglobal.com/licensing-resources/top-global-licensing-agents-client-list""]","[""licenseglobal_client_list""]"
615,IMG Licensing,24 Hours of Le Mans,agent_supplied_client_listing,0.84,1,,"[""https://www.licenseglobal.com/licensing-resources/top-global-licensing-agents-client-list""]","[""licenseglobal_client_list""]"
1330,IMG Licensing,24H Le Mans,first_party_portfolio_presence,0.91,43,https://imglicensing.com/brands/24h-le-mans/,"[""https://imglicensing.com/brands/"", ""https://imglicensing.com/brands/24h-le-mans/""]","[""embedded_or_network_json"", ""portfolio_card""]"
1288,IMG Licensing,7UP,first_party_portfolio_presence,0.95,4,https://imglicensing.com/brands/7up/,"[""https://imglicensing.com/brands/"", ""https://imglicensing.com/brands/24h-le-mans/""]","[""embedded_or_network_json"", ""portfolio_card""]"
649,IMG Licensing,A Court of Thorns and Roses,agent_supplied_client_listing,0.84,1,,"[""https://www.licenseglobal.com/licensing-resources/top-global-licensing-agents-client-list""]","[""licenseglobal_client_list""]"
667,IMG Licensing,AAA,first_party_portfolio_presence,0.95,5,https://imglicensing.com/brands/aaa/,"[""https://imglicensing.com/brands/"", ""https://imglicensing.com/brands/24h-le-mans/"", ""https://www.licenseglobal.com/licensing-resources/top-global-licensing-agents-client-list""]","[""embedded_or_network_json"", ""licenseglobal_client_list"", ""portfolio_card""]"
669,IMG Licensing,Abarth,first_party_portfolio_presence,0.95,11,https://imglicensing.com/brands/abarth/,"[""https://imglicensing.com/brands/"", ""https://imglicensing.com/brands/24h-le-mans/"", ""https://www.licenseglobal.com/licensing-resources/top-global-licensing-agents-client-list""]","[""embedded_or_network_json"", ""licenseglobal_client_list"", ""portfolio_card""]"
1433,IMG Licensing,Addison Rae,first_party_article_reference,0.74,4,,"[""https://imglicensing.com/brands/"", ""https://imglicensing.com/brands/24h-le-mans/""]","[""embedded_or_network_json""]"
668,IMG Licensing,Alessi,first_party_portfolio_presence,0.95,5,https://imglicensing.com/brands/alessi/,"[""https://imglicensing.com/brands/"", ""https://imglicensing.com/brands/24h-le-mans/"", ""https://www.licenseglobal.com/licensing-resources/top-global-licensing-agents-client-list""]","[""embedded_or_network_json"", ""licenseglobal_client_list"", ""portfolio_card""]"
670,IMG Licensing,Alfa Romeo,first_party_portfolio_presence,0.95,5,https://imglicensing.com/brands/alfa-romeo/,"[""https://imglicensing.com/brands/"", ""https://imglicensing.com/brands/24h-le-mans/"", ""https://www.licenseglobal.com/licensing-resources/top-global-licensing-agents-client-list""]","[""embedded_or_network_json"", ""licenseglobal_client_list"", ""portfolio_card""]"
1318,IMG Licensing,America's Cup,first_party_portfolio_presence,0.95,4,https://imglicensing.com/brands/americas-cup/,"[""https://imglicensing.com/brands/"", ""https://imglicensing.com/brands/24h-le-mans/""]","[""embedded_or_network_json"", ""portfolio_card""]"
1349,IMG Licensing,American Freshman,first_party_portfolio_presence,0.95,4,https://imglicensing.com/brands/american-freshman/,"[""https://imglicensing.com/brands/"", ""https://imglicensing.com/brands/24h-le-mans/""]","[""embedded_or_network_json"", ""portfolio_card""]"
1346,IMG Licensing,Andy Kaufman,first_party_portfolio_presence,0.95,4,https://imglicensing.com/brands/andy-kaufman/,"[""https://imglicensing.com/brands/"", ""https://imglicensing.com/brands/24h-le-mans/""]","[""embedded_or_network_json"", ""portfolio_card""]"
1414,IMG Licensing,Angry Birds,first_party_article_reference,0.74,58,,"[""https://imglicensing.com/brands/"", ""https://imglicensing.com/brands/24h-le-mans/""]","[""embedded_or_network_json""]"
632,IMG Licensing,Ann Taylor,first_party_portfolio_presence,0.95,5,https://imglicensing.com/brands/ann-taylor/,"[""https://imglicensing.com/brands/"", ""https://imglicensing.com/brands/24h-le-mans/"", ""https://www.licenseglobal.com/licensing-resources/top-global-licensing-agents-client-list""]","[""embedded_or_network_json"", ""licenseglobal_client_list"", ""portfolio_card""]"
1407,IMG Licensing,Announces New Licensing Partners,first_party_article_reference,0.74,2,,"[""https://imglicensing.com/brands/"", ""https://imglicensing.com/brands/24h-le-mans/""]","[""embedded_or_network_json""]"
671,IMG Licensing,Armor All,first_party_portfolio_presence,0.95,5,https://imglicensing.com/brands/armorall/,"[""https://imglicensing.com/brands/"", ""https://imglicensing.com/brands/24h-le-mans/"", ""https://www.licenseglobal.com/licensing-resources/top-global-licensing-agents-client-list""]","[""embedded_or_network_json"", ""licenseglobal_client_list"", ""portfolio_card""]"
1331,IMG Licensing,Arnold Palmer,first_party_portfolio_presence,0.95,8,https://imglicensing.com/brands/arnold-palmer/,"[""https://imglicensing.com/brands/"", ""https://imglicensing.com/brands/24h-le-mans/""]","[""embedded_or_network_json"", ""portfolio_card""]"
710,IMG Licensing,Arnold Palmer Enterprises,agent_supplied_client_listing,0.84,1,,"[""https://www.licenseglobal.com/licensing-resources/top-global-licensing-agents-client-list""]","[""licenseglobal_client_list""]"
1372,IMG Licensing,Assassin's Creed,first_party_portfolio_presence,0.95,10,https://imglicensing.com/brands/assassins-creed/,"[""https://imglicensing.com/brands/"", ""https://imglicensing.com/brands/24h-le-mans/""]","[""embedded_or_network_json"", ""portfolio_card""]"
1299,IMG Licensing,Aston Martin F1,first_party_portfolio_presence,0.95,8,https://imglicensing.com/brands/aston-martin-f1/,"[""https://imglicensing.com/brands/"", ""https://imglicensing.com/brands/24h-le-mans/""]","[""embedded_or_network_json"", ""portfolio_card""]"
675,IMG Licensing,Automobili Pininfarina,first_party_portfolio_presence,0.95,5,https://imglicensing.com/brands/automobili-pininfarina/,"[""https://imglicensing.com/brands/"", ""https://imglicensing.com/brands/24h-le-mans/"", ""https://www.licenseglobal.com/licensing-resources/top-global-licensing-agents-client-list""]","[""embedded_or_network_json"", ""licenseglobal_client_list"", ""portfolio_card""]"
639,IMG Licensing,BRZRKR,first_party_portfolio_presence,0.95,11,https://imglicensing.com/brands/brzrkr/,"[""https://imglicensing.com/brands/"", ""https://imglicensing.com/brands/24h-le-mans/"", ""https://www.licenseglobal.com/licensing-resources/top-global-licensing-agents-client-list""]","[""embedded_or_network_json"", ""licenseglobal_client_list"", ""portfolio_card""]"
1358,IMG Licensing,Baby Gap,first_party_portfolio_presence,0.95,4,https://imglicensing.com/brands/baby-gap/,"[""https://imglicensing.com/brands/"", ""https://imglicensing.com/brands/24h-le-mans/""]","[""embedded_or_network_json"", ""portfolio_card""]"
676,IMG Licensing,Bacardi,first_party_portfolio_presence,0.95,5,https://imglicensing.com/brands/bacardi/,"[""https://imglicensing.com/brands/"", ""https://imglicensing.com/brands/24h-le-mans/"", ""https://www.licenseglobal.com/licensing-resources/top-global-licensing-agents-client-list""]","[""embedded_or_network_json"", ""licenseglobal_client_list"", ""portfolio_card""]"
1409,IMG Licensing,"Bacardi, Martini",first_party_article_reference,0.74,2,,"[""https://imglicensing.com/brands/"", ""https://imglicensing.com/brands/24h-le-mans/""]","[""embedded_or_network_json""]"
1443,IMG Licensing,Back to Brands,first_party_portfolio_presence,0.74,1,,"[""https://imglicensing.com/brands/24h-le-mans/""]","[""portfolio_card""]"
1350,IMG Licensing,Banana Republic,first_party_portfolio_presence,0.95,4,https://imglicensing.com/brands/banana-republic/,"[""https://imglicensing.com/brands/"", ""https://imglicensing.com/brands/24h-le-mans/""]","[""embedded_or_network_json"", ""portfolio_card""]"
1300,IMG Licensing,Barrett-Jackson,first_party_portfolio_presence,0.95,4,https://imglicensing.com/brands/barrett-jackson/,"[""https://imglicensing.com/brands/"", ""https://imglicensing.com/brands/24h-le-mans/""]","[""embedded_or_network_json"", ""portfolio_card""]"
1441,IMG Licensing,Been Trill,first_party_article_reference,0.74,2,,"[""https://imglicensing.com/brands/"", ""https://imglicensing.com/brands/24h-le-mans/""]","[""embedded_or_network_json""]"
1351,IMG Licensing,Beyond Closet,first_party_portfolio_presence,0.95,4,https://imglicensing.com/brands/beyond-closet/,"[""https://imglicensing.com/brands/"", ""https://imglicensing.com/brands/24h-le-mans/""]","[""embedded_or_network_json"", ""portfolio_card""]"
677,IMG Licensing,Big League Chew,first_party_portfolio_presence,0.95,11,https://imglicensing.com/brands/big-league-chew/,"[""https://imglicensing.com/brands/"", ""https://imglicensing.com/brands/24h-le-mans/"", ""https://www.licenseglobal.com/licensing-resources/top-global-licensing-agents-client-list""]","[""embedded_or_network_json"", ""licenseglobal_client_list"", ""portfolio_card""]"
637,IMG Licensing,Booba,first_party_portfolio_presence,0.95,9,https://imglicensing.com/brands/booba/,"[""https://imglicensing.com/brands/"", ""https://imglicensing.com/brands/24h-le-mans/"", ""https://www.licenseglobal.com/licensing-resources/top-global-licensing-agents-client-list""]","[""embedded_or_network_json"", ""licenseglobal_client_list"", ""portfolio_card""]"
1373,IMG Licensing,Breaking Bad,first_party_portfolio_presence,0.95,4,https://imglicensing.com/brands/breaking-bad/,"[""https://imglicensing.com/brands/"", ""https://imglicensing.com/brands/24h-le-mans/""]","[""embedded_or_network_json"", ""portfolio_card""]"
1347,IMG Licensing,Brigitte Bardot,first_party_portfolio_presence,0.95,14,https://imglicensing.com/brands/brigitte-bardot/,"[""https://imglicensing.com/brands/"", ""https://imglicensing.com/brands/24h-le-mans/""]","[""embedded_or_network_json"", ""portfolio_card""]"
638,IMG Licensing,Brigitte Bardot Estate,agent_supplied_client_listing,0.84,1,,"[""https://www.licenseglobal.com/licensing-resources/top-global-licensing-agents-client-list""]","[""licenseglobal_client_list""]"
608,IMG Licensing,British & Irish Lions,first_party_portfolio_presence,0.95,11,https://imglicensing.com/brands/british-and-irish-lions/,"[""https://imglicensing.com/brands/"", ""https://imglicensing.com/brands/24h-le-mans/"", ""https://www.licenseglobal.com/licensing-resources/top-global-licensing-agents-client-list""]","[""embedded_or_network_json"", ""licenseglobal_client_list"", ""portfolio_card""]"
1319,IMG Licensing,British Army,first_party_portfolio_presence,0.95,6,https://imglicensing.com/brands/british-army/,"[""https://imglicensing.com/brands/"", ""https://imglicensing.com/brands/24h-le-mans/""]","[""embedded_or_network_json"", ""portfolio_card""]"
1434,IMG Licensing,Budweiser,first_party_article_reference,0.74,4,,"[""https://imglicensing.com/brands/"", ""https://imglicensing.com/brands/24h-le-mans/""]","[""embedded_or_network_json""]"
265,IMG Licensing,Bugatti,first_party_article_reference,0.74,7,,"[""https://imglicensing.com/brands/"", ""https://imglicensing.com/brands/24h-le-mans/""]","[""embedded_or_network_json""]"
609,IMG Licensing,Bundesliga,agent_supplied_client_listing,0.84,7,,"[""https://imglicensing.com/brands/"", ""https://imglicensing.com/brands/24h-le-mans/"", ""https://www.licenseglobal.com/licensing-resources/top-global-licensing-agents-client-list""]","[""embedded_or_network_json"", ""licenseglobal_client_list""]"
1427,IMG Licensing,CLC,first_party_article_reference,0.74,2,,"[""https://imglicensing.com/brands/"", ""https://imglicensing.com/brands/24h-le-mans/""]","[""embedded_or_network_json""]"
1301,IMG Licensing,CLC- American College Brands,first_party_portfolio_presence,0.95,6,https://imglicensing.com/brands/clc/,"[""https://imglicensing.com/brands/"", ""https://imglicensing.com/brands/24h-le-mans/""]","[""embedded_or_network_json"", ""portfolio_card""]"
1289,IMG Licensing,Cap'n Crunch,first_party_portfolio_presence,0.95,4,https://imglicensing.com/brands/capn-crunch/,"[""https://imglicensing.com/brands/"", ""https://imglicensing.com/brands/24h-le-mans/""]","[""embedded_or_network_json"", ""portfolio_card""]"
251,IMG Licensing,Care Bears,first_party_portfolio_presence,0.95,11,https://imglicensing.com/brands/care-bears/,"[""https://imglicensing.com/brands/"", ""https://imglicensing.com/brands/24h-le-mans/"", ""https://www.licenseglobal.com/licensing-resources/top-global-licensing-agents-client-list""]","[""embedded_or_network_json"", ""licenseglobal_client_list"", ""portfolio_card""]"
1290,IMG Licensing,Cheetos,first_party_portfolio_presence,0.95,4,https://imglicensing.com/brands/cheetos/,"[""https://imglicensing.com/brands/"", ""https://imglicensing.com/brands/24h-le-mans/""]","[""embedded_or_network_json"", ""portfolio_card""]"
678,IMG Licensing,Chevron,first_party_portfolio_presence,0.95,5,https://imglicensing.com/brands/chevron/,"[""https://imglicensing.com/brands/"", ""https://imglicensing.com/brands/24h-le-mans/"", ""https://www.licenseglobal.com/licensing-resources/top-global-licensing-agents-client-list""]","[""embedded_or_network_json"", ""licenseglobal_client_list"", ""portfolio_card""]"
679,IMG Licensing,Chrysler,first_party_portfolio_presence,0.95,5,https://imglicensing.com/brands/chrysler/,"[""https://imglicensing.com/brands/"", ""https://imglicensing.com/brands/24h-le-mans/"", ""https://www.licenseglobal.com/licensing-resources/top-global-licensing-agents-client-list""]","[""embedded_or_network_json"", ""licenseglobal_client_list"", ""portfolio_card""]"
680,IMG Licensing,Citroën,first_party_portfolio_presence,0.95,5,https://imglicensing.com/brands/citroen/,"[""https://imglicensing.com/brands/"", ""https://imglicensing.com/brands/24h-le-mans/"", ""https://www.licenseglobal.com/licensing-resources/top-global-licensing-agents-client-list""]","[""embedded_or_network_json"", ""licenseglobal_client_list"", ""portfolio_card""]"
623,IMG Licensing,Claire's,first_party_portfolio_presence,0.95,7,https://imglicensing.com/brands/claires/,"[""https://imglicensing.com/brands/"", ""https://imglicensing.com/brands/24h-le-mans/"", ""https://www.licenseglobal.com/licensing-resources/top-global-licensing-agents-client-list""]","[""embedded_or_network_json"", ""licenseglobal_client_list"", ""portfolio_card""]"
1352,IMG Licensing,Cosmopolitan,first_party_portfolio_presence,0.95,16,https://imglicensing.com/brands/cosmopolitan/,"[""https://imglicensing.com/brands/"", ""https://imglicensing.com/brands/24h-le-mans/""]","[""embedded_or_network_json"", ""portfolio_card""]"
1302,IMG Licensing,DS Automobiles,first_party_portfolio_presence,0.95,4,https://imglicensing.com/brands/ds-automobiles/,"[""https://imglicensing.com/brands/"", ""https://imglicensing.com/brands/24h-le-mans/""]","[""embedded_or_network_json"", ""portfolio_card""]"
1353,IMG Licensing,Dee & Ricky,first_party_portfolio_presence,0.95,4,https://imglicensing.com/brands/dee-and-ricky/,"[""https://imglicensing.com/brands/"", ""https://imglicensing.com/brands/24h-le-mans/""]","[""embedded_or_network_json"", ""portfolio_card""]"
1291,IMG Licensing,Delish,first_party_portfolio_presence,0.95,6,https://imglicensing.com/brands/delish/,"[""https://imglicensing.com/brands/"", ""https://imglicensing.com/brands/24h-le-mans/""]","[""embedded_or_network_json"", ""portfolio_card""]"
1374,IMG Licensing,Dirty Dancing,first_party_portfolio_presence,0.95,4,https://imglicensing.com/brands/dirty-dancing/,"[""https://imglicensing.com/brands/"", ""https://imglicensing.com/brands/24h-le-mans/""]","[""embedded_or_network_json"", ""portfolio_card""]"
681,IMG Licensing,Dodge,first_party_portfolio_presence,0.95,9,https://imglicensing.com/brands/dodge/,"[""https://imglicensing.com/brands/"", ""https://imglicensing.com/brands/24h-le-mans/"", ""https://www.licenseglobal.com/licensing-resources/top-global-licensing-agents-client-list""]","[""embedded_or_network_json"", ""licenseglobal_client_list"", ""portfolio_card""]"
640,IMG Licensing,Dolly Parton,first_party_portfolio_presence,0.95,61,https://imglicensing.com/brands/dolly-parton/,"[""https://imglicensing.com/brands/"", ""https://imglicensing.com/brands/24h-le-mans/"", ""https://www.licenseglobal.com/licensing-resources/top-global-licensing-agents-client-list""]","[""embedded_or_network_json"", ""licenseglobal_client_list"", ""portfolio_card""]"
1292,IMG Licensing,Doritos,first_party_portfolio_presence,0.95,4,https://imglicensing.com/brands/doritos/,"[""https://imglicensing.com/brands/"", ""https://imglicensing.com/brands/24h-le-mans/""]","[""embedded_or_network_json"", ""portfolio_card""]"
682,IMG Licensing,Ducati,first_party_portfolio_presence,0.95,15,https://imglicensing.com/brands/ducati/,"[""https://imglicensing.com/brands/"", ""https://imglicensing.com/brands/24h-le-mans/"", ""https://www.licenseglobal.com/licensing-resources/top-global-licensing-agents-client-list""]","[""embedded_or_network_json"", ""licenseglobal_client_list"", ""portfolio_card""]"
1375,IMG Licensing,E.T. The Extra-Terrestrial,first_party_portfolio_presence,0.95,4,https://imglicensing.com/brands/e-t-the-extra-terrestrial/,"[""https://imglicensing.com/brands/"", ""https://imglicensing.com/brands/24h-le-mans/""]","[""embedded_or_network_json"", ""portfolio_card""]"
610,IMG Licensing,ESPN,first_party_portfolio_presence,0.95,9,https://imglicensing.com/brands/espn/,"[""https://imglicensing.com/brands/"", ""https://imglicensing.com/brands/24h-le-mans/"", ""https://www.licenseglobal.com/licensing-resources/top-global-licensing-agents-client-list""]","[""embedded_or_network_json"", ""licenseglobal_client_list"", ""portfolio_card""]"
1430,IMG Licensing,Eartha Kitt,first_party_article_reference,0.74,2,,"[""https://imglicensing.com/brands/"", ""https://imglicensing.com/brands/24h-le-mans/""]","[""embedded_or_network_json""]"
684,IMG Licensing,Energizer,first_party_portfolio_presence,0.95,5,https://imglicensing.com/brands/energizer/,"[""https://imglicensing.com/brands/"", ""https://imglicensing.com/brands/24h-le-mans/"", ""https://www.licenseglobal.com/licensing-resources/top-global-licensing-agents-client-list""]","[""embedded_or_network_json"", ""licenseglobal_client_list"", ""portfolio_card""]"
1417,IMG Licensing,"Energizer, Jeep",first_party_article_reference,0.74,2,,"[""https://imglicensing.com/brands/"", ""https://imglicensing.com/brands/24h-le-mans/""]","[""embedded_or_network_json""]"
1354,IMG Licensing,Esquire,first_party_portfolio_presence,0.95,8,https://imglicensing.com/brands/esquire/,"[""https://imglicensing.com/brands/"", ""https://imglicensing.com/brands/24h-le-mans/""]","[""embedded_or_network_json"", ""portfolio_card""]"
1303,IMG Licensing,Eveready,first_party_portfolio_presence,0.95,4,https://imglicensing.com/brands/eveready/,"[""https://imglicensing.com/brands/"", ""https://imglicensing.com/brands/24h-le-mans/""]","[""embedded_or_network_json"", ""portfolio_card""]"
1304,IMG Licensing,F. Scott Fitzgerald,first_party_portfolio_presence,0.95,4,https://imglicensing.com/brands/f-scott-fitzgerald/,"[""https://imglicensing.com/brands/"", ""https://imglicensing.com/brands/24h-le-mans/""]","[""embedded_or_network_json"", ""portfolio_card""]"
719,IMG Licensing,F. Scott Fitzgerald Estate,agent_supplied_client_listing,0.84,1,,"[""https://www.licenseglobal.com/licensing-resources/top-global-licensing-agents-client-list""]","[""licenseglobal_client_list""]"
1439,IMG Licensing,FC Barcelona,first_party_article_reference,0.74,4,,"[""https://imglicensing.com/brands/"", ""https://imglicensing.com/brands/24h-le-mans/""]","[""embedded_or_network_json""]"
1416,IMG Licensing,FGA,first_party_article_reference,0.74,2,,"[""https://imglicensing.com/brands/"", ""https://imglicensing.com/brands/24h-le-mans/""]","[""embedded_or_network_json""]"
1422,IMG Licensing,FIAT,first_party_article_reference,0.74,2,,"[""https://imglicensing.com/brands/"", ""https://imglicensing.com/brands/24h-le-mans/""]","[""embedded_or_network_json""]"
1438,IMG Licensing,FIBA,first_party_article_reference,0.74,2,,"[""https://imglicensing.com/brands/"", ""https://imglicensing.com/brands/24h-le-mans/""]","[""embedded_or_network_json""]"
656,IMG Licensing,Fall Guys,first_party_portfolio_presence,0.95,5,https://imglicensing.com/brands/fall-guys/,"[""https://imglicensing.com/brands/"", ""https://imglicensing.com/brands/24h-le-mans/"", ""https://www.licenseglobal.com/licensing-resources/top-global-licensing-agents-client-list""]","[""embedded_or_network_json"", ""licenseglobal_client_list"", ""portfolio_card""]"
1377,IMG Licensing,Fast & Furious,first_party_portfolio_presence,0.95,4,https://imglicensing.com/brands/fast-and-furious/,"[""https://imglicensing.com/brands/"", ""https://imglicensing.com/brands/24h-le-mans/""]","[""embedded_or_network_json"", ""portfolio_card""]"
1378,IMG Licensing,Felix The Cat,first_party_portfolio_presence,0.95,3,https://imglicensing.com/brands/felix-the-cat/,"[""https://imglicensing.com/brands/"", ""https://imglicensing.com/brands/24h-le-mans/""]","[""embedded_or_network_json"", ""portfolio_card""]"
1305,IMG Licensing,Fiat 500,first_party_portfolio_presence,0.95,13,https://imglicensing.com/brands/fiat-500/,"[""https://imglicensing.com/brands/"", ""https://imglicensing.com/brands/24h-le-mans/""]","[""embedded_or_network_json"", ""portfolio_card""]"
685,IMG Licensing,Fiat Professional,first_party_portfolio_presence,0.95,5,https://imglicensing.com/brands/fiat-professional/,"[""https://imglicensing.com/brands/"", ""https://imglicensing.com/brands/24h-le-mans/"", ""https://www.licenseglobal.com/licensing-resources/top-global-licensing-agents-client-list""]","[""embedded_or_network_json"", ""licenseglobal_client_list"", ""portfolio_card""]"
643,IMG Licensing,Flavortown,first_party_portfolio_presence,0.95,19,https://imglicensing.com/brands/flavortown/,"[""https://imglicensing.com/brands/"", ""https://imglicensing.com/brands/24h-le-mans/"", ""https://www.licenseglobal.com/licensing-resources/top-global-licensing-agents-client-list""]","[""embedded_or_network_json"", ""licenseglobal_client_list"", ""portfolio_card""]"
613,IMG Licensing,Football Greats Alliance,first_party_portfolio_presence,0.95,9,https://imglicensing.com/brands/football-greats-alliance/,"[""https://imglicensing.com/brands/"", ""https://imglicensing.com/brands/24h-le-mans/"", ""https://www.licenseglobal.com/licensing-resources/top-global-licensing-agents-client-list""]","[""embedded_or_network_json"", ""licenseglobal_client_list"", ""portfolio_card""]"
641,IMG Licensing,Fortnite,first_party_portfolio_presence,0.95,39,https://imglicensing.com/brands/fortnite/,"[""https://imglicensing.com/brands/"", ""https://imglicensing.com/brands/24h-le-mans/"", ""https://www.licenseglobal.com/licensing-resources/top-global-licensing-agents-client-list""]","[""embedded_or_network_json"", ""licenseglobal_client_list"", ""portfolio_card""]"
1379,IMG Licensing,Foundation,first_party_portfolio_presence,0.95,8,https://imglicensing.com/brands/foundation/,"[""https://imglicensing.com/brands/"", ""https://imglicensing.com/brands/24h-le-mans/""]","[""embedded_or_network_json"", ""portfolio_card""]"
1332,IMG Licensing,France Rugby,first_party_portfolio_presence,0.95,6,https://imglicensing.com/brands/france-rugby/,"[""https://imglicensing.com/brands/"", ""https://imglicensing.com/brands/24h-le-mans/""]","[""embedded_or_network_json"", ""portfolio_card""]"
1359,IMG Licensing,Furby,first_party_portfolio_presence,0.95,4,https://imglicensing.com/brands/furby/,"[""https://imglicensing.com/brands/"", ""https://imglicensing.com/brands/24h-le-mans/""]","[""embedded_or_network_json"", ""portfolio_card""]"
612,IMG Licensing,Fédération Française de Rugby,agent_supplied_client_listing,0.84,1,,"[""https://www.licenseglobal.com/licensing-resources/top-global-licensing-agents-client-list""]","[""licenseglobal_client_list""]"
1360,IMG Licensing,Gabby's Dollhouse,first_party_portfolio_presence,0.95,4,https://imglicensing.com/brands/gabbys-dollhouse/,"[""https://imglicensing.com/brands/"", ""https://imglicensing.com/brands/24h-le-mans/""]","[""embedded_or_network_json"", ""portfolio_card""]"
47,IMG Licensing,Gap,first_party_portfolio_presence,0.95,14,https://imglicensing.com/brands/gap/,"[""https://imglicensing.com/brands/"", ""https://imglicensing.com/brands/24h-le-mans/""]","[""embedded_or_network_json"", ""portfolio_card""]"
627,IMG Licensing,Gap Inc,agent_supplied_client_listing,0.84,1,,"[""https://www.licenseglobal.com/licensing-resources/top-global-licensing-agents-client-list""]","[""licenseglobal_client_list""]"
624,IMG Licensing,Georges Marciano,first_party_portfolio_presence,0.95,5,https://imglicensing.com/brands/georges-marciano/,"[""https://imglicensing.com/brands/"", ""https://imglicensing.com/brands/24h-le-mans/"", ""https://www.licenseglobal.com/licensing-resources/top-global-licensing-agents-client-list""]","[""embedded_or_network_json"", ""licenseglobal_client_list"", ""portfolio_card""]"
657,IMG Licensing,Gerry Cosby,agent_supplied_client_listing,0.84,1,,"[""https://www.licenseglobal.com/licensing-resources/top-global-licensing-agents-client-list""]","[""licenseglobal_client_list""]"
1014,IMG Licensing,Gola,first_party_portfolio_presence,0.95,6,https://imglicensing.com/brands/gola/,"[""https://imglicensing.com/brands/"", ""https://imglicensing.com/brands/24h-le-mans/""]","[""embedded_or_network_json"", ""portfolio_card""]"
686,IMG Licensing,Gold's Gym,first_party_portfolio_presence,0.95,5,https://imglicensing.com/brands/golds-gym/,"[""https://imglicensing.com/brands/"", ""https://imglicensing.com/brands/24h-le-mans/"", ""https://www.licenseglobal.com/licensing-resources/top-global-licensing-agents-client-list""]","[""embedded_or_network_json"", ""licenseglobal_client_list"", ""portfolio_card""]"
687,IMG Licensing,Goodyear,first_party_portfolio_presence,0.95,19,https://imglicensing.com/brands/goodyear/,"[""https://imglicensing.com/brands/"", ""https://imglicensing.com/brands/24h-le-mans/"", ""https://www.licenseglobal.com/licensing-resources/top-global-licensing-agents-client-list""]","[""embedded_or_network_json"", ""licenseglobal_client_list"", ""portfolio_card""]"
688,IMG Licensing,HARIBO,first_party_portfolio_presence,0.95,16,https://imglicensing.com/brands/haribo/,"[""https://imglicensing.com/brands/"", ""https://imglicensing.com/brands/24h-le-mans/"", ""https://www.licenseglobal.com/licensing-resources/top-global-licensing-agents-client-list""]","[""embedded_or_network_json"", ""licenseglobal_client_list"", ""portfolio_card""]"
614,IMG Licensing,Harlem Globetrotters,first_party_portfolio_presence,0.95,35,https://imglicensing.com/brands/harlem-globetrotters/,"[""https://imglicensing.com/brands/"", ""https://imglicensing.com/brands/24h-le-mans/"", ""https://www.licenseglobal.com/licensing-resources/top-global-licensing-agents-client-list""]","[""embedded_or_network_json"", ""licenseglobal_client_list"", ""portfolio_card""]"
689,IMG Licensing,Harley-Davidson,first_party_portfolio_presence,0.95,8,https://imglicensing.com/brands/harley-davidson/,"[""https://imglicensing.com/brands/"", ""https://imglicensing.com/brands/24h-le-mans/"", ""https://www.licenseglobal.com/licensing-resources/top-global-licensing-agents-client-list""]","[""embedded_or_network_json"", ""licenseglobal_client_list"", ""portfolio_card""]"
661,IMG Licensing,Hasbro,agent_supplied_client_listing,0.84,1,,"[""https://www.licenseglobal.com/licensing-resources/top-global-licensing-agents-client-list""]","[""licenseglobal_client_list""]"
644,IMG Licensing,Hearst Magazines,agent_supplied_client_listing,0.84,1,,"[""https://www.licenseglobal.com/licensing-resources/top-global-licensing-agents-client-list""]","[""licenseglobal_client_list""]"
1423,IMG Licensing,IMG,first_party_article_reference,0.74,4,,"[""https://imglicensing.com/brands/"", ""https://imglicensing.com/brands/24h-le-mans/""]","[""embedded_or_network_json""]"
1421,IMG Licensing,IMG Licensing,first_party_article_reference,0.74,2,,"[""https://imglicensing.com/brands/"", ""https://imglicensing.com/brands/24h-le-mans/""]","[""embedded_or_network_json""]"
1320,IMG Licensing,Jackie Robinson,first_party_portfolio_presence,0.95,10,https://imglicensing.com/brands/jackie-robinson/,"[""https://imglicensing.com/brands/"", ""https://imglicensing.com/brands/24h-le-mans/""]","[""embedded_or_network_json"", ""portfolio_card""]"
712,IMG Licensing,Jackie Robinson Estate,agent_supplied_client_listing,0.84,1,,"[""https://www.licenseglobal.com/licensing-resources/top-global-licensing-agents-client-list""]","[""licenseglobal_client_list""]"
713,IMG Licensing,Jackie Robinson Foundation,agent_supplied_client_listing,0.84,1,,"[""https://www.licenseglobal.com/licensing-resources/top-global-licensing-agents-client-list""]","[""licenseglobal_client_list""]"
1380,IMG Licensing,Jaws,first_party_portfolio_presence,0.95,4,https://imglicensing.com/brands/jaws/,"[""https://imglicensing.com/brands/"", ""https://imglicensing.com/brands/24h-le-mans/""]","[""embedded_or_network_json"", ""portfolio_card""]"
690,IMG Licensing,Jeep,first_party_portfolio_presence,0.95,29,https://imglicensing.com/brands/jeep/,"[""https://imglicensing.com/brands/"", ""https://imglicensing.com/brands/24h-le-mans/"", ""https://www.licenseglobal.com/licensing-resources/top-global-licensing-agents-client-list""]","[""embedded_or_network_json"", ""licenseglobal_client_list"", ""portfolio_card""]"
1381,IMG Licensing,John Wick,first_party_portfolio_presence,0.95,9,https://imglicensing.com/brands/john-wick/,"[""https://imglicensing.com/brands/"", ""https://imglicensing.com/brands/24h-le-mans/""]","[""embedded_or_network_json"", ""portfolio_card""]"
691,IMG Licensing,Jolt Cola,first_party_portfolio_presence,0.95,9,https://imglicensing.com/brands/jolt-cola/,"[""https://imglicensing.com/brands/"", ""https://imglicensing.com/brands/24h-le-mans/"", ""https://www.licenseglobal.com/licensing-resources/top-global-licensing-agents-client-list""]","[""embedded_or_network_json"", ""licenseglobal_client_list"", ""portfolio_card""]"
1382,IMG Licensing,Jurassic World,first_party_portfolio_presence,0.95,4,https://imglicensing.com/brands/jurassic-world/,"[""https://imglicensing.com/brands/"", ""https://imglicensing.com/brands/24h-le-mans/""]","[""embedded_or_network_json"", ""portfolio_card""]"
658,IMG Licensing,Kakao Friends,first_party_portfolio_presence,0.95,5,https://imglicensing.com/brands/kakao-friends/,"[""https://imglicensing.com/brands/"", ""https://imglicensing.com/brands/24h-le-mans/"", ""https://www.licenseglobal.com/licensing-resources/top-global-licensing-agents-client-list""]","[""embedded_or_network_json"", ""licenseglobal_client_list"", ""portfolio_card""]"
1440,IMG Licensing,Killing Eve,first_party_article_reference,0.74,6,,"[""https://imglicensing.com/brands/"", ""https://imglicensing.com/brands/24h-le-mans/""]","[""embedded_or_network_json""]"
1355,IMG Licensing,Kirsh,first_party_portfolio_presence,0.95,4,https://imglicensing.com/brands/kirsh/,"[""https://imglicensing.com/brands/"", ""https://imglicensing.com/brands/24h-le-mans/""]","[""embedded_or_network_json"", ""portfolio_card""]"
1383,IMG Licensing,Kung Fu Panda,first_party_portfolio_presence,0.95,4,https://imglicensing.com/brands/kung-fu-panda/,"[""https://imglicensing.com/brands/"", ""https://imglicensing.com/brands/24h-le-mans/""]","[""embedded_or_network_json"", ""portfolio_card""]"
1333,IMG Licensing,L'Equipe,first_party_portfolio_presence,0.95,8,https://imglicensing.com/brands/lequipe/,"[""https://imglicensing.com/brands/"", ""https://imglicensing.com/brands/24h-le-mans/""]","[""embedded_or_network_json"", ""portfolio_card""]"
1321,IMG Licensing,LAPD,first_party_portfolio_presence,0.95,4,https://imglicensing.com/brands/lapd/,"[""https://imglicensing.com/brands/"", ""https://imglicensing.com/brands/24h-le-mans/""]","[""embedded_or_network_json"", ""portfolio_card""]"
693,IMG Licensing,Lamborghini,first_party_portfolio_presence,0.95,5,https://imglicensing.com/brands/lamborghini/,"[""https://imglicensing.com/brands/"", ""https://imglicensing.com/brands/24h-le-mans/"", ""https://www.licenseglobal.com/licensing-resources/top-global-licensing-agents-client-list""]","[""embedded_or_network_json"", ""licenseglobal_client_list"", ""portfolio_card""]"
692,IMG Licensing,Lancia,first_party_portfolio_presence,0.95,7,https://imglicensing.com/brands/lancia/,"[""https://imglicensing.com/brands/"", ""https://imglicensing.com/brands/24h-le-mans/"", ""https://www.licenseglobal.com/licensing-resources/top-global-licensing-agents-client-list""]","[""embedded_or_network_json"", ""licenseglobal_client_list"", ""portfolio_card""]"
629,IMG Licensing,Laura Ashley,first_party_portfolio_presence,0.95,13,https://imglicensing.com/brands/laura-ashley/,"[""https://imglicensing.com/brands/"", ""https://imglicensing.com/brands/24h-le-mans/"", ""https://www.licenseglobal.com/licensing-resources/top-global-licensing-agents-client-list""]","[""embedded_or_network_json"", ""licenseglobal_client_list"", ""portfolio_card""]"
1293,IMG Licensing,Lay's,first_party_portfolio_presence,0.95,4,https://imglicensing.com/brands/lays/,"[""https://imglicensing.com/brands/"", ""https://imglicensing.com/brands/24h-le-mans/""]","[""embedded_or_network_json"", ""portfolio_card""]"
1343,IMG Licensing,Li Na,first_party_portfolio_presence,0.95,4,https://imglicensing.com/brands/li-na/,"[""https://imglicensing.com/brands/"", ""https://imglicensing.com/brands/24h-le-mans/""]","[""embedded_or_network_json"", ""portfolio_card""]"
1435,IMG Licensing,Like Nastya,first_party_article_reference,0.74,4,,"[""https://imglicensing.com/brands/"", ""https://imglicensing.com/brands/24h-le-mans/""]","[""embedded_or_network_json""]"
645,IMG Licensing,Lionsgate,agent_supplied_client_listing,0.84,1,,"[""https://www.licenseglobal.com/licensing-resources/top-global-licensing-agents-client-list""]","[""licenseglobal_client_list""]"
1424,IMG Licensing,Lionsgate - Lancia,first_party_article_reference,0.74,2,,"[""https://imglicensing.com/brands/"", ""https://imglicensing.com/brands/24h-le-mans/""]","[""embedded_or_network_json""]"
694,IMG Licensing,Los Angeles Police Department,agent_supplied_client_listing,0.84,1,,"[""https://www.licenseglobal.com/licensing-resources/top-global-licensing-agents-client-list""]","[""licenseglobal_client_list""]"
646,IMG Licensing,Loyd Grossman,agent_supplied_client_listing,0.84,1,,"[""https://www.licenseglobal.com/licensing-resources/top-global-licensing-agents-client-list""]","[""licenseglobal_client_list""]"
611,IMG Licensing,L’Équipe,agent_supplied_client_listing,0.84,3,,"[""https://imglicensing.com/brands/"", ""https://imglicensing.com/brands/24h-le-mans/"", ""https://www.licenseglobal.com/licensing-resources/top-global-licensing-agents-client-list""]","[""embedded_or_network_json"", ""licenseglobal_client_list""]"
1384,IMG Licensing,MGM,first_party_portfolio_presence,0.95,4,https://imglicensing.com/brands/mgm/,"[""https://imglicensing.com/brands/"", ""https://imglicensing.com/brands/24h-le-mans/""]","[""embedded_or_network_json"", ""portfolio_card""]"
1323,IMG Licensing,MTA,first_party_portfolio_presence,0.95,10,https://imglicensing.com/brands/mta/,"[""https://imglicensing.com/brands/"", ""https://imglicensing.com/brands/24h-le-mans/""]","[""embedded_or_network_json"", ""portfolio_card""]"
698,IMG Licensing,MV Agusta,first_party_portfolio_presence,0.95,7,https://imglicensing.com/brands/mv-agusta/,"[""https://imglicensing.com/brands/"", ""https://imglicensing.com/brands/24h-le-mans/"", ""https://www.licenseglobal.com/licensing-resources/top-global-licensing-agents-client-list""]","[""embedded_or_network_json"", ""licenseglobal_client_list"", ""portfolio_card""]"
1371,IMG Licensing,Madagascar (white),first_party_portfolio_presence,0.91,2,https://imglicensing.com/brands/madagascar/,"[""https://imglicensing.com/brands/""]","[""portfolio_card""]"
659,IMG Licensing,Madballs,agent_supplied_client_listing,0.84,1,,"[""https://www.licenseglobal.com/licensing-resources/top-global-licensing-agents-client-list""]","[""licenseglobal_client_list""]"
1334,IMG Licensing,Manchester City,first_party_portfolio_presence,0.95,4,https://imglicensing.com/brands/manchester-city/,"[""https://imglicensing.com/brands/"", ""https://imglicensing.com/brands/24h-le-mans/""]","[""embedded_or_network_json"", ""portfolio_card""]"
621,IMG Licensing,Manchester City Football Club,agent_supplied_client_listing,0.84,1,,"[""https://www.licenseglobal.com/licensing-resources/top-global-licensing-agents-client-list""]","[""licenseglobal_client_list""]"
695,IMG Licensing,Martini,first_party_portfolio_presence,0.95,7,https://imglicensing.com/brands/martini/,"[""https://imglicensing.com/brands/"", ""https://imglicensing.com/brands/24h-le-mans/"", ""https://www.licenseglobal.com/licensing-resources/top-global-licensing-agents-client-list""]","[""embedded_or_network_json"", ""licenseglobal_client_list"", ""portfolio_card""]"
696,IMG Licensing,Maserati,first_party_portfolio_presence,0.95,10,https://imglicensing.com/brands/maserati/,"[""https://imglicensing.com/brands/"", ""https://imglicensing.com/brands/24h-le-mans/"", ""https://www.licenseglobal.com/licensing-resources/top-global-licensing-agents-client-list""]","[""embedded_or_network_json"", ""licenseglobal_client_list"", ""portfolio_card""]"
1431,IMG Licensing,Matthew Langille,first_party_article_reference,0.74,4,,"[""https://imglicensing.com/brands/"", ""https://imglicensing.com/brands/24h-le-mans/""]","[""embedded_or_network_json""]"
1420,IMG Licensing,Mayweather,first_party_article_reference,0.74,4,,"[""https://imglicensing.com/brands/"", ""https://imglicensing.com/brands/24h-le-mans/""]","[""embedded_or_network_json""]"
1335,IMG Licensing,Mayweather Boxing & Fitness,first_party_portfolio_presence,0.95,4,https://imglicensing.com/brands/mayweather-boxing-and-fitness/,"[""https://imglicensing.com/brands/"", ""https://imglicensing.com/brands/24h-le-mans/""]","[""embedded_or_network_json"", ""portfolio_card""]"
616,IMG Licensing,Mayweather Fitness,agent_supplied_client_listing,0.84,1,,"[""https://www.licenseglobal.com/licensing-resources/top-global-licensing-agents-client-list""]","[""licenseglobal_client_list""]"
1418,IMG Licensing,McDonald's,first_party_article_reference,0.74,6,,"[""https://imglicensing.com/brands/"", ""https://imglicensing.com/brands/24h-le-mans/""]","[""embedded_or_network_json""]"
1413,IMG Licensing,"McDonald's, GAP, Severance",first_party_article_reference,0.74,2,,"[""https://imglicensing.com/brands/"", ""https://imglicensing.com/brands/24h-le-mans/""]","[""embedded_or_network_json""]"
39,IMG Licensing,McDonald’s,first_party_portfolio_presence,0.91,6,https://imglicensing.com/brands/mcdonalds/,"[""https://imglicensing.com/brands/"", ""https://imglicensing.com/brands/24h-le-mans/"", ""https://www.licenseglobal.com/licensing-resources/top-global-licensing-agents-client-list""]","[""embedded_or_network_json"", ""licenseglobal_client_list"", ""portfolio_card""]"
660,IMG Licensing,Metro-Goldwyn-Mayer,agent_supplied_client_listing,0.84,1,,"[""https://www.licenseglobal.com/licensing-resources/top-global-licensing-agents-client-list""]","[""licenseglobal_client_list""]"
716,IMG Licensing,Metropolitan Transportation Authority,agent_supplied_client_listing,0.84,1,,"[""https://www.licenseglobal.com/licensing-resources/top-global-licensing-agents-client-list""]","[""licenseglobal_client_list""]"
1344,IMG Licensing,Michael Jackson,first_party_portfolio_presence,0.95,8,https://imglicensing.com/brands/michael-jackson/,"[""https://imglicensing.com/brands/"", ""https://imglicensing.com/brands/24h-le-mans/""]","[""embedded_or_network_json"", ""portfolio_card""]"
714,IMG Licensing,Michael Jackson Estate,agent_supplied_client_listing,0.84,1,,"[""https://www.licenseglobal.com/licensing-resources/top-global-licensing-agents-client-list""]","[""licenseglobal_client_list""]"
1410,IMG Licensing,Mickael Jackson,first_party_article_reference,0.74,2,,"[""https://imglicensing.com/brands/"", ""https://imglicensing.com/brands/24h-le-mans/""]","[""embedded_or_network_json""]"
647,IMG Licensing,Millie Bobby Brown,first_party_portfolio_presence,0.95,7,https://imglicensing.com/brands/millie-bobby-brown/,"[""https://imglicensing.com/brands/"", ""https://imglicensing.com/brands/24h-le-mans/"", ""https://www.licenseglobal.com/licensing-resources/top-global-licensing-agents-client-list""]","[""embedded_or_network_json"", ""licenseglobal_client_list"", ""portfolio_card""]"
1361,IMG Licensing,Minions,first_party_portfolio_presence,0.95,6,https://imglicensing.com/brands/minions/,"[""https://imglicensing.com/brands/"", ""https://imglicensing.com/brands/24h-le-mans/""]","[""embedded_or_network_json"", ""portfolio_card""]"
711,IMG Licensing,Ministry of Defence,agent_supplied_client_listing,0.84,1,,"[""https://www.licenseglobal.com/licensing-resources/top-global-licensing-agents-client-list""]","[""licenseglobal_client_list""]"
1322,IMG Licensing,MoMA,first_party_portfolio_presence,0.95,6,https://imglicensing.com/brands/moma/,"[""https://imglicensing.com/brands/"", ""https://imglicensing.com/brands/24h-le-mans/""]","[""embedded_or_network_json"", ""portfolio_card""]"
1386,IMG Licensing,Monopoly,first_party_portfolio_presence,0.95,4,https://imglicensing.com/brands/monopoly/,"[""https://imglicensing.com/brands/"", ""https://imglicensing.com/brands/24h-le-mans/""]","[""embedded_or_network_json"", ""portfolio_card""]"
1306,IMG Licensing,Mopar,first_party_portfolio_presence,0.95,6,https://imglicensing.com/brands/mopar/,"[""https://imglicensing.com/brands/"", ""https://imglicensing.com/brands/24h-le-mans/""]","[""embedded_or_network_json"", ""portfolio_card""]"
1294,IMG Licensing,Mountain Dew,first_party_portfolio_presence,0.95,4,https://imglicensing.com/brands/mountain-dew/,"[""https://imglicensing.com/brands/"", ""https://imglicensing.com/brands/24h-le-mans/""]","[""embedded_or_network_json"", ""portfolio_card""]"
243,IMG Licensing,Mr Bean,agent_supplied_client_listing,0.84,1,,"[""https://www.licenseglobal.com/licensing-resources/top-global-licensing-agents-client-list""]","[""licenseglobal_client_list""]"
1295,IMG Licensing,Mug,first_party_portfolio_presence,0.95,4,https://imglicensing.com/brands/mug/,"[""https://imglicensing.com/brands/"", ""https://imglicensing.com/brands/24h-le-mans/""]","[""embedded_or_network_json"", ""portfolio_card""]"
715,IMG Licensing,Museum of Modern Art,agent_supplied_client_listing,0.84,1,,"[""https://www.licenseglobal.com/licensing-resources/top-global-licensing-agents-client-list""]","[""licenseglobal_client_list""]"
1362,IMG Licensing,My Little Pony,first_party_portfolio_presence,0.95,4,https://imglicensing.com/brands/my-little-pony/,"[""https://imglicensing.com/brands/"", ""https://imglicensing.com/brands/24h-le-mans/""]","[""embedded_or_network_json"", ""portfolio_card""]"
666,IMG Licensing,NBCUniversal,agent_supplied_client_listing,0.84,1,,"[""https://www.licenseglobal.com/licensing-resources/top-global-licensing-agents-client-list""]","[""licenseglobal_client_list""]"
1336,IMG Licensing,NFL,first_party_portfolio_presence,0.95,16,https://imglicensing.com/brands/nfl/,"[""https://imglicensing.com/brands/"", ""https://imglicensing.com/brands/24h-le-mans/""]","[""embedded_or_network_json"", ""portfolio_card""]"
620,IMG Licensing,NFL International,agent_supplied_client_listing,0.84,1,,"[""https://www.licenseglobal.com/licensing-resources/top-global-licensing-agents-client-list""]","[""licenseglobal_client_list""]"
1387,IMG Licensing,Nerf,first_party_portfolio_presence,0.95,4,https://imglicensing.com/brands/nerf/,"[""https://imglicensing.com/brands/"", ""https://imglicensing.com/brands/24h-le-mans/""]","[""embedded_or_network_json"", ""portfolio_card""]"
1388,IMG Licensing,Newmoji,first_party_portfolio_presence,0.95,4,https://imglicensing.com/brands/newmoji/,"[""https://imglicensing.com/brands/"", ""https://imglicensing.com/brands/24h-le-mans/""]","[""embedded_or_network_json"", ""portfolio_card""]"
1345,IMG Licensing,Nikki Lund,first_party_portfolio_presence,0.95,4,https://imglicensing.com/brands/nikki-lund/,"[""https://imglicensing.com/brands/"", ""https://imglicensing.com/brands/24h-le-mans/""]","[""embedded_or_network_json"", ""portfolio_card""]"
1307,IMG Licensing,Nitro Circus,first_party_portfolio_presence,0.95,4,https://imglicensing.com/brands/nitro-circus/,"[""https://imglicensing.com/brands/"", ""https://imglicensing.com/brands/24h-le-mans/""]","[""embedded_or_network_json"", ""portfolio_card""]"
1324,IMG Licensing,Norman Rockwell,first_party_portfolio_presence,0.95,12,https://imglicensing.com/brands/norman-rockwell/,"[""https://imglicensing.com/brands/"", ""https://imglicensing.com/brands/24h-le-mans/""]","[""embedded_or_network_json"", ""portfolio_card""]"
717,IMG Licensing,Norman Rockwell Family Agency,agent_supplied_client_listing,0.84,1,,"[""https://www.licenseglobal.com/licensing-resources/top-global-licensing-agents-client-list""]","[""licenseglobal_client_list""]"
1425,IMG Licensing,Okay Bears,first_party_article_reference,0.74,2,,"[""https://imglicensing.com/brands/"", ""https://imglicensing.com/brands/24h-le-mans/""]","[""embedded_or_network_json""]"
700,IMG Licensing,Opel,first_party_portfolio_presence,0.95,5,https://imglicensing.com/brands/opel/,"[""https://imglicensing.com/brands/"", ""https://imglicensing.com/brands/24h-le-mans/"", ""https://www.licenseglobal.com/licensing-resources/top-global-licensing-agents-client-list""]","[""embedded_or_network_json"", ""licenseglobal_client_list"", ""portfolio_card""]"
1337,IMG Licensing,PBR,first_party_portfolio_presence,0.95,18,https://imglicensing.com/brands/professional-bull-riders/,"[""https://imglicensing.com/brands/"", ""https://imglicensing.com/brands/24h-le-mans/""]","[""embedded_or_network_json"", ""portfolio_card""]"
1366,IMG Licensing,PJ Masks,first_party_portfolio_presence,0.95,4,https://imglicensing.com/brands/pj-masks/,"[""https://imglicensing.com/brands/"", ""https://imglicensing.com/brands/24h-le-mans/""]","[""embedded_or_network_json"", ""portfolio_card""]"
1363,IMG Licensing,Peppa Pig,first_party_portfolio_presence,0.95,6,https://imglicensing.com/brands/peppa-pig/,"[""https://imglicensing.com/brands/"", ""https://imglicensing.com/brands/24h-le-mans/""]","[""embedded_or_network_json"", ""portfolio_card""]"
1296,IMG Licensing,Pepsi,first_party_portfolio_presence,0.95,10,https://imglicensing.com/brands/pepsi/,"[""https://imglicensing.com/brands/"", ""https://imglicensing.com/brands/24h-le-mans/""]","[""embedded_or_network_json"", ""portfolio_card""]"
701,IMG Licensing,PepsiCo,agent_supplied_client_listing,0.84,3,,"[""https://imglicensing.com/brands/"", ""https://imglicensing.com/brands/24h-le-mans/"", ""https://www.licenseglobal.com/licensing-resources/top-global-licensing-agents-client-list""]","[""embedded_or_network_json"", ""licenseglobal_client_list""]"
673,IMG Licensing,Peugeot,agent_supplied_client_listing,0.84,1,,"[""https://www.licenseglobal.com/licensing-resources/top-global-licensing-agents-client-list""]","[""licenseglobal_client_list""]"
703,IMG Licensing,Pininfarina,first_party_portfolio_presence,0.95,13,https://imglicensing.com/brands/pininfarina/,"[""https://imglicensing.com/brands/"", ""https://imglicensing.com/brands/24h-le-mans/"", ""https://www.licenseglobal.com/licensing-resources/top-global-licensing-agents-client-list""]","[""embedded_or_network_json"", ""licenseglobal_client_list"", ""portfolio_card""]"
1365,IMG Licensing,Pink Panther,first_party_portfolio_presence,0.95,4,https://imglicensing.com/brands/pink-panther/,"[""https://imglicensing.com/brands/"", ""https://imglicensing.com/brands/24h-le-mans/""]","[""embedded_or_network_json"", ""portfolio_card""]"
1364,IMG Licensing,Piñata Smashlings,first_party_portfolio_presence,0.95,4,https://imglicensing.com/brands/pinata-smashlings/,"[""https://imglicensing.com/brands/"", ""https://imglicensing.com/brands/24h-le-mans/""]","[""embedded_or_network_json"", ""portfolio_card""]"
1367,IMG Licensing,Play-Doh,first_party_portfolio_presence,0.95,4,https://imglicensing.com/brands/play-doh/,"[""https://imglicensing.com/brands/"", ""https://imglicensing.com/brands/24h-le-mans/""]","[""embedded_or_network_json"", ""portfolio_card""]"
705,IMG Licensing,Polaroid,first_party_portfolio_presence,0.95,9,https://imglicensing.com/brands/polaroid/,"[""https://imglicensing.com/brands/"", ""https://imglicensing.com/brands/24h-le-mans/"", ""https://www.licenseglobal.com/licensing-resources/top-global-licensing-agents-client-list""]","[""embedded_or_network_json"", ""licenseglobal_client_list"", ""portfolio_card""]"
1338,IMG Licensing,Power Slap,first_party_portfolio_presence,0.91,5,https://imglicensing.com/brands/power-slap/,"[""https://imglicensing.com/brands/"", ""https://imglicensing.com/brands/24h-le-mans/""]","[""portfolio_card""]"
617,IMG Licensing,Professional Bull Riders,agent_supplied_client_listing,0.84,1,,"[""https://www.licenseglobal.com/licensing-resources/top-global-licensing-agents-client-list""]","[""licenseglobal_client_list""]"
1442,IMG Licensing,Queer Eye,first_party_article_reference,0.74,4,,"[""https://imglicensing.com/brands/"", ""https://imglicensing.com/brands/24h-le-mans/""]","[""embedded_or_network_json""]"
1408,IMG Licensing,"RAM, UFC",first_party_article_reference,0.74,2,,"[""https://imglicensing.com/brands/"", ""https://imglicensing.com/brands/24h-le-mans/""]","[""embedded_or_network_json""]"
1309,IMG Licensing,RAYOVAC,first_party_portfolio_presence,0.95,4,https://imglicensing.com/brands/rayovac/,"[""https://imglicensing.com/brands/"", ""https://imglicensing.com/brands/24h-le-mans/""]","[""embedded_or_network_json"", ""portfolio_card""]"
1389,IMG Licensing,Rainbow 6,first_party_portfolio_presence,0.95,6,https://imglicensing.com/brands/rainbow-6/,"[""https://imglicensing.com/brands/"", ""https://imglicensing.com/brands/24h-le-mans/""]","[""embedded_or_network_json"", ""portfolio_card""]"
1308,IMG Licensing,Ram,first_party_portfolio_presence,0.95,10,https://imglicensing.com/brands/ram/,"[""https://imglicensing.com/brands/"", ""https://imglicensing.com/brands/24h-le-mans/""]","[""embedded_or_network_json"", ""portfolio_card""]"
1390,IMG Licensing,Rambo,first_party_portfolio_presence,0.95,4,https://imglicensing.com/brands/rambo/,"[""https://imglicensing.com/brands/"", ""https://imglicensing.com/brands/24h-le-mans/""]","[""embedded_or_network_json"", ""portfolio_card""]"
648,IMG Licensing,Randy's Donuts,first_party_portfolio_presence,0.95,4,https://imglicensing.com/brands/randys-donuts/,"[""https://imglicensing.com/brands/"", ""https://imglicensing.com/brands/24h-le-mans/"", ""https://www.licenseglobal.com/licensing-resources/top-global-licensing-agents-client-list""]","[""embedded_or_network_json"", ""licenseglobal_client_list"", ""portfolio_card""]"
1411,IMG Licensing,Randy’s Donuts,first_party_article_reference,0.74,2,,"[""https://imglicensing.com/brands/"", ""https://imglicensing.com/brands/24h-le-mans/""]","[""embedded_or_network_json""]"
1325,IMG Licensing,Red Arrows,first_party_portfolio_presence,0.95,4,https://imglicensing.com/brands/red-arrows/,"[""https://imglicensing.com/brands/"", ""https://imglicensing.com/brands/24h-le-mans/""]","[""embedded_or_network_json"", ""portfolio_card""]"
625,IMG Licensing,Replay,agent_supplied_client_listing,0.84,1,,"[""https://www.licenseglobal.com/licensing-resources/top-global-licensing-agents-client-list""]","[""licenseglobal_client_list""]"
1368,IMG Licensing,Ricky Zoom,first_party_portfolio_presence,0.95,4,https://imglicensing.com/brands/ricky-zoom/,"[""https://imglicensing.com/brands/"", ""https://imglicensing.com/brands/24h-le-mans/""]","[""embedded_or_network_json"", ""portfolio_card""]"
642,IMG Licensing,Rocket League,first_party_portfolio_presence,0.95,15,https://imglicensing.com/brands/rocket-league/,"[""https://imglicensing.com/brands/"", ""https://imglicensing.com/brands/24h-le-mans/"", ""https://www.licenseglobal.com/licensing-resources/top-global-licensing-agents-client-list""]","[""embedded_or_network_json"", ""licenseglobal_client_list"", ""portfolio_card""]"
1326,IMG Licensing,Royal Air Force,first_party_portfolio_presence,0.95,8,https://imglicensing.com/brands/royal-air-force/,"[""https://imglicensing.com/brands/"", ""https://imglicensing.com/brands/24h-le-mans/""]","[""embedded_or_network_json"", ""portfolio_card""]"
1437,IMG Licensing,Royal Ascot,first_party_article_reference,0.74,6,,"[""https://imglicensing.com/brands/"", ""https://imglicensing.com/brands/24h-le-mans/""]","[""embedded_or_network_json""]"
1327,IMG Licensing,Royal Navy,first_party_portfolio_presence,0.95,4,https://imglicensing.com/brands/royal-navy/,"[""https://imglicensing.com/brands/"", ""https://imglicensing.com/brands/24h-le-mans/""]","[""embedded_or_network_json"", ""portfolio_card""]"
1426,IMG Licensing,"Royal Navy, British Army, Royal Air Force",first_party_article_reference,0.74,2,,"[""https://imglicensing.com/brands/"", ""https://imglicensing.com/brands/24h-le-mans/""]","[""embedded_or_network_json""]"
1312,IMG Licensing,SLS,first_party_portfolio_presence,0.95,4,https://imglicensing.com/brands/sls/,"[""https://imglicensing.com/brands/"", ""https://imglicensing.com/brands/24h-le-mans/""]","[""embedded_or_network_json"", ""portfolio_card""]"
672,IMG Licensing,STP,first_party_portfolio_presence,0.95,5,https://imglicensing.com/brands/stp/,"[""https://imglicensing.com/brands/"", ""https://imglicensing.com/brands/24h-le-mans/"", ""https://www.licenseglobal.com/licensing-resources/top-global-licensing-agents-client-list""]","[""embedded_or_network_json"", ""licenseglobal_client_list"", ""portfolio_card""]"
650,IMG Licensing,San Diego Comic Con,first_party_portfolio_presence,0.95,11,https://imglicensing.com/brands/san-diego-comic-con/,"[""https://imglicensing.com/brands/"", ""https://imglicensing.com/brands/24h-le-mans/"", ""https://www.licenseglobal.com/licensing-resources/top-global-licensing-agents-client-list""]","[""embedded_or_network_json"", ""licenseglobal_client_list"", ""portfolio_card""]"
1391,IMG Licensing,Sarah J. Maas,first_party_portfolio_presence,0.95,10,https://imglicensing.com/brands/sarah-j-maas/,"[""https://imglicensing.com/brands/"", ""https://imglicensing.com/brands/24h-le-mans/""]","[""embedded_or_network_json"", ""portfolio_card""]"
1392,IMG Licensing,Saw,first_party_portfolio_presence,0.95,4,https://imglicensing.com/brands/saw/,"[""https://imglicensing.com/brands/"", ""https://imglicensing.com/brands/24h-le-mans/""]","[""embedded_or_network_json"", ""portfolio_card""]"
1310,IMG Licensing,Scout,first_party_portfolio_presence,0.95,6,https://imglicensing.com/brands/scout/,"[""https://imglicensing.com/brands/"", ""https://imglicensing.com/brands/24h-le-mans/""]","[""embedded_or_network_json"", ""portfolio_card""]"
709,IMG Licensing,Scout Motors,agent_supplied_client_listing,0.84,1,,"[""https://www.licenseglobal.com/licensing-resources/top-global-licensing-agents-client-list""]","[""licenseglobal_client_list""]"
1311,IMG Licensing,Sealy,first_party_portfolio_presence,0.95,4,https://imglicensing.com/brands/sealy/,"[""https://imglicensing.com/brands/"", ""https://imglicensing.com/brands/24h-le-mans/""]","[""embedded_or_network_json"", ""portfolio_card""]"
651,IMG Licensing,Severance,first_party_portfolio_presence,0.95,9,https://imglicensing.com/brands/severance/,"[""https://imglicensing.com/brands/"", ""https://imglicensing.com/brands/24h-le-mans/"", ""https://www.licenseglobal.com/licensing-resources/top-global-licensing-agents-client-list""]","[""embedded_or_network_json"", ""licenseglobal_client_list"", ""portfolio_card""]"
1356,IMG Licensing,Shinola,first_party_portfolio_presence,0.95,6,https://imglicensing.com/brands/shinola/,"[""https://imglicensing.com/brands/"", ""https://imglicensing.com/brands/24h-le-mans/""]","[""embedded_or_network_json"", ""portfolio_card""]"
1393,IMG Licensing,Shrek,first_party_portfolio_presence,0.95,4,https://imglicensing.com/brands/shrek/,"[""https://imglicensing.com/brands/"", ""https://imglicensing.com/brands/24h-le-mans/""]","[""embedded_or_network_json"", ""portfolio_card""]"
556,IMG Licensing,Skechers,first_party_portfolio_presence,0.95,7,https://imglicensing.com/brands/skechers/,"[""https://imglicensing.com/brands/"", ""https://imglicensing.com/brands/24h-le-mans/"", ""https://www.licenseglobal.com/licensing-resources/top-global-licensing-agents-client-list""]","[""embedded_or_network_json"", ""licenseglobal_client_list"", ""portfolio_card""]"
1328,IMG Licensing,Smithsonian,first_party_portfolio_presence,0.95,6,https://imglicensing.com/brands/smithsonian/,"[""https://imglicensing.com/brands/"", ""https://imglicensing.com/brands/24h-le-mans/""]","[""embedded_or_network_json"", ""portfolio_card""]"
1313,IMG Licensing,Stearns & Foster,first_party_portfolio_presence,0.95,4,https://imglicensing.com/brands/stearns-and-foster/,"[""https://imglicensing.com/brands/"", ""https://imglicensing.com/brands/24h-le-mans/""]","[""embedded_or_network_json"", ""portfolio_card""]"
1412,IMG Licensing,Stellantis,first_party_article_reference,0.74,4,,"[""https://imglicensing.com/brands/"", ""https://imglicensing.com/brands/24h-le-mans/""]","[""embedded_or_network_json""]"
1394,IMG Licensing,StudioCanal Classics,first_party_portfolio_presence,0.95,4,https://imglicensing.com/brands/studiocanal-classics/,"[""https://imglicensing.com/brands/"", ""https://imglicensing.com/brands/24h-le-mans/""]","[""embedded_or_network_json"", ""portfolio_card""]"
706,IMG Licensing,St‑Germain,first_party_portfolio_presence,0.91,4,https://imglicensing.com/brands/st-germain/,"[""https://imglicensing.com/brands/"", ""https://www.licenseglobal.com/licensing-resources/top-global-licensing-agents-client-list""]","[""licenseglobal_client_list"", ""portfolio_card""]"
626,IMG Licensing,Superdry,first_party_portfolio_presence,0.95,9,https://imglicensing.com/brands/superdry/,"[""https://imglicensing.com/brands/"", ""https://imglicensing.com/brands/24h-le-mans/"", ""https://www.licenseglobal.com/licensing-resources/top-global-licensing-agents-client-list""]","[""embedded_or_network_json"", ""licenseglobal_client_list"", ""portfolio_card""]"
1297,IMG Licensing,TABASCO Brand,first_party_portfolio_presence,0.95,8,https://imglicensing.com/brands/tabasco/,"[""https://imglicensing.com/brands/"", ""https://imglicensing.com/brands/24h-le-mans/""]","[""embedded_or_network_json"", ""portfolio_card""]"
1395,IMG Licensing,TALKING TOM & FRIENDS,first_party_portfolio_presence,0.95,4,https://imglicensing.com/brands/talking-tom-and-friends/,"[""https://imglicensing.com/brands/"", ""https://imglicensing.com/brands/24h-le-mans/""]","[""embedded_or_network_json"", ""portfolio_card""]"
138,IMG Licensing,TED,agent_supplied_client_listing,0.84,1,,"[""https://www.licenseglobal.com/licensing-resources/top-global-licensing-agents-client-list""]","[""licenseglobal_client_list""]"
628,IMG Licensing,THEME,first_party_portfolio_presence,0.95,11,https://imglicensing.com/brands/theme/,"[""https://imglicensing.com/brands/"", ""https://imglicensing.com/brands/24h-le-mans/"", ""https://www.licenseglobal.com/licensing-resources/top-global-licensing-agents-client-list""]","[""embedded_or_network_json"", ""licenseglobal_client_list"", ""portfolio_card""]"
707,IMG Licensing,Tabasco,agent_supplied_client_listing,0.84,3,,"[""https://imglicensing.com/brands/"", ""https://imglicensing.com/brands/24h-le-mans/"", ""https://www.licenseglobal.com/licensing-resources/top-global-licensing-agents-client-list""]","[""embedded_or_network_json"", ""licenseglobal_client_list""]"
634,IMG Licensing,Talbots,first_party_portfolio_presence,0.95,5,https://imglicensing.com/brands/talbots/,"[""https://imglicensing.com/brands/"", ""https://imglicensing.com/brands/24h-le-mans/"", ""https://www.licenseglobal.com/licensing-resources/top-global-licensing-agents-client-list""]","[""embedded_or_network_json"", ""licenseglobal_client_list"", ""portfolio_card""]"
1396,IMG Licensing,Ted 2,first_party_portfolio_presence,0.95,4,https://imglicensing.com/brands/ted-2/,"[""https://imglicensing.com/brands/"", ""https://imglicensing.com/brands/24h-le-mans/""]","[""embedded_or_network_json"", ""portfolio_card""]"
1314,IMG Licensing,Tempur,first_party_portfolio_presence,0.95,4,https://imglicensing.com/brands/tempur/,"[""https://imglicensing.com/brands/"", ""https://imglicensing.com/brands/24h-le-mans/""]","[""embedded_or_network_json"", ""portfolio_card""]"
708,IMG Licensing,Tempur Sealy,agent_supplied_client_listing,0.84,1,,"[""https://www.licenseglobal.com/licensing-resources/top-global-licensing-agents-client-list""]","[""licenseglobal_client_list""]"
1397,IMG Licensing,Terminator 2,first_party_portfolio_presence,0.95,4,https://imglicensing.com/brands/terminator-2/,"[""https://imglicensing.com/brands/"", ""https://imglicensing.com/brands/24h-le-mans/""]","[""embedded_or_network_json"", ""portfolio_card""]"
1419,IMG Licensing,Tetris,first_party_article_reference,0.74,4,,"[""https://imglicensing.com/brands/"", ""https://imglicensing.com/brands/24h-le-mans/""]","[""embedded_or_network_json""]"
1315,IMG Licensing,TfL,first_party_portfolio_presence,0.95,19,https://imglicensing.com/brands/tfl/,"[""https://imglicensing.com/brands/"", ""https://imglicensing.com/brands/24h-le-mans/""]","[""embedded_or_network_json"", ""portfolio_card""]"
1398,IMG Licensing,The Housemaid,first_party_portfolio_presence,0.95,3,https://imglicensing.com/brands/the-housemaid/,"[""https://imglicensing.com/brands/"", ""https://imglicensing.com/brands/24h-le-mans/""]","[""embedded_or_network_json"", ""portfolio_card""]"
1399,IMG Licensing,The Hunger Games,first_party_portfolio_presence,0.95,6,https://imglicensing.com/brands/the-hunger-games/,"[""https://imglicensing.com/brands/"", ""https://imglicensing.com/brands/24h-le-mans/""]","[""embedded_or_network_json"", ""portfolio_card""]"
1400,IMG Licensing,The Hunting Wives,first_party_portfolio_presence,0.95,4,https://imglicensing.com/brands/the-hunting-wives/,"[""https://imglicensing.com/brands/"", ""https://imglicensing.com/brands/24h-le-mans/""]","[""embedded_or_network_json"", ""portfolio_card""]"
1348,IMG Licensing,The Little Prince,first_party_portfolio_presence,0.95,6,https://imglicensing.com/brands/the-little-prince/,"[""https://imglicensing.com/brands/"", ""https://imglicensing.com/brands/24h-le-mans/""]","[""embedded_or_network_json"", ""portfolio_card""]"
1339,IMG Licensing,The Open,first_party_portfolio_presence,0.95,4,https://imglicensing.com/brands/the-open/,"[""https://imglicensing.com/brands/"", ""https://imglicensing.com/brands/24h-le-mans/""]","[""embedded_or_network_json"", ""portfolio_card""]"
622,IMG Licensing,The RA,agent_supplied_client_listing,0.84,1,,"[""https://www.licenseglobal.com/licensing-resources/top-global-licensing-agents-client-list""]","[""licenseglobal_client_list""]"
652,IMG Licensing,Toikido,agent_supplied_client_listing,0.84,3,,"[""https://imglicensing.com/brands/"", ""https://imglicensing.com/brands/24h-le-mans/"", ""https://www.licenseglobal.com/licensing-resources/top-global-licensing-agents-client-list""]","[""embedded_or_network_json"", ""licenseglobal_client_list""]"
1401,IMG Licensing,Tokidoki,first_party_portfolio_presence,0.95,4,https://imglicensing.com/brands/tokidoki/,"[""https://imglicensing.com/brands/"", ""https://imglicensing.com/brands/24h-le-mans/""]","[""embedded_or_network_json"", ""portfolio_card""]"
1369,IMG Licensing,Transformers,first_party_portfolio_presence,0.95,4,https://imglicensing.com/brands/transformers/,"[""https://imglicensing.com/brands/"", ""https://imglicensing.com/brands/24h-le-mans/""]","[""embedded_or_network_json"", ""portfolio_card""]"
718,IMG Licensing,Transport for London,agent_supplied_client_listing,0.84,2,,"[""https://imglicensing.com/brands/"", ""https://www.licenseglobal.com/licensing-resources/top-global-licensing-agents-client-list""]","[""embedded_or_network_json"", ""licenseglobal_client_list""]"
1370,IMG Licensing,Trolls,first_party_portfolio_presence,0.95,4,https://imglicensing.com/brands/trolls/,"[""https://imglicensing.com/brands/"", ""https://imglicensing.com/brands/24h-le-mans/""]","[""embedded_or_network_json"", ""portfolio_card""]"
1402,IMG Licensing,Twilight,first_party_portfolio_presence,0.95,12,https://imglicensing.com/brands/twilight/,"[""https://imglicensing.com/brands/"", ""https://imglicensing.com/brands/24h-le-mans/""]","[""embedded_or_network_json"", ""portfolio_card""]"
1340,IMG Licensing,UFC,first_party_portfolio_presence,0.95,77,https://imglicensing.com/brands/ufc/,"[""https://imglicensing.com/brands/"", ""https://imglicensing.com/brands/24h-le-mans/""]","[""embedded_or_network_json"", ""portfolio_card""]"
338,IMG Licensing,Ubisoft,agent_supplied_client_listing,0.84,3,,"[""https://imglicensing.com/brands/"", ""https://imglicensing.com/brands/24h-le-mans/"", ""https://www.licenseglobal.com/licensing-resources/top-global-licensing-agents-client-list""]","[""embedded_or_network_json"", ""licenseglobal_client_list""]"
618,IMG Licensing,Ultimate Fighting Championship,agent_supplied_client_listing,0.84,1,,"[""https://www.licenseglobal.com/licensing-resources/top-global-licensing-agents-client-list""]","[""licenseglobal_client_list""]"
1316,IMG Licensing,Vail Resorts,first_party_portfolio_presence,0.95,4,https://imglicensing.com/brands/vail-resorts/,"[""https://imglicensing.com/brands/"", ""https://imglicensing.com/brands/24h-le-mans/""]","[""embedded_or_network_json"", ""portfolio_card""]"
720,IMG Licensing,Vail Resorts and Collegiate Licensing Company,agent_supplied_client_listing,0.84,1,,"[""https://www.licenseglobal.com/licensing-resources/top-global-licensing-agents-client-list""]","[""licenseglobal_client_list""]"
1280,IMG Licensing,Van Gogh Museum,first_party_portfolio_presence,0.95,18,https://imglicensing.com/brands/van-gogh-museum/,"[""https://imglicensing.com/brands/"", ""https://imglicensing.com/brands/24h-le-mans/""]","[""embedded_or_network_json"", ""portfolio_card""]"
1317,IMG Licensing,Vauxhall,first_party_portfolio_presence,0.95,4,https://imglicensing.com/brands/vauxhall/,"[""https://imglicensing.com/brands/"", ""https://imglicensing.com/brands/24h-le-mans/""]","[""embedded_or_network_json"", ""portfolio_card""]"
635,IMG Licensing,Vera Bradley,first_party_portfolio_presence,0.95,13,https://imglicensing.com/brands/vera-bradley/,"[""https://imglicensing.com/brands/"", ""https://imglicensing.com/brands/24h-le-mans/"", ""https://www.licenseglobal.com/licensing-resources/top-global-licensing-agents-client-list""]","[""embedded_or_network_json"", ""licenseglobal_client_list"", ""portfolio_card""]"
1432,IMG Licensing,Vice,first_party_article_reference,0.74,2,,"[""https://imglicensing.com/brands/"", ""https://imglicensing.com/brands/24h-le-mans/""]","[""embedded_or_network_json""]"
1357,IMG Licensing,Vilebrequin,first_party_portfolio_presence,0.95,10,https://imglicensing.com/brands/vilebrequin/,"[""https://imglicensing.com/brands/"", ""https://imglicensing.com/brands/24h-le-mans/""]","[""embedded_or_network_json"", ""portfolio_card""]"
636,IMG Licensing,Vivastudio Corp,agent_supplied_client_listing,0.84,1,,"[""https://www.licenseglobal.com/licensing-resources/top-global-licensing-agents-client-list""]","[""licenseglobal_client_list""]"
572,IMG Licensing,Volkswagen,first_party_article_reference,0.74,10,,"[""https://imglicensing.com/brands/"", ""https://imglicensing.com/brands/24h-le-mans/""]","[""embedded_or_network_json""]"
1342,IMG Licensing,WWE,first_party_portfolio_presence,0.95,58,https://imglicensing.com/brands/wwe/,"[""https://imglicensing.com/brands/"", ""https://imglicensing.com/brands/24h-le-mans/""]","[""embedded_or_network_json"", ""portfolio_card""]"
1298,IMG Licensing,Walkers,first_party_portfolio_presence,0.95,8,https://imglicensing.com/brands/walkers/,"[""https://imglicensing.com/brands/"", ""https://imglicensing.com/brands/24h-le-mans/""]","[""embedded_or_network_json"", ""portfolio_card""]"
653,IMG Licensing,Wayne Gretzky,agent_supplied_client_listing,0.84,1,,"[""https://www.licenseglobal.com/licensing-resources/top-global-licensing-agents-client-list""]","[""licenseglobal_client_list""]"
1403,IMG Licensing,Where's Wally?,first_party_portfolio_presence,0.95,4,https://imglicensing.com/brands/wheres-wally/,"[""https://imglicensing.com/brands/"", ""https://imglicensing.com/brands/24h-le-mans/""]","[""embedded_or_network_json"", ""portfolio_card""]"
1428,IMG Licensing,World Rugby,first_party_article_reference,0.74,6,,"[""https://imglicensing.com/brands/"", ""https://imglicensing.com/brands/24h-le-mans/""]","[""embedded_or_network_json""]"
1329,IMG Licensing,World Trade Center,first_party_portfolio_presence,0.95,4,https://imglicensing.com/brands/world-trade-center/,"[""https://imglicensing.com/brands/"", ""https://imglicensing.com/brands/24h-le-mans/""]","[""embedded_or_network_json"", ""portfolio_card""]"
619,IMG Licensing,World Wrestling Entertainment,agent_supplied_client_listing,0.84,1,,"[""https://www.licenseglobal.com/licensing-resources/top-global-licensing-agents-client-list""]","[""licenseglobal_client_list""]"
1341,IMG Licensing,World's Strongest Man,first_party_portfolio_presence,0.95,4,https://imglicensing.com/brands/worlds-strongest-man/,"[""https://imglicensing.com/brands/"", ""https://imglicensing.com/brands/24h-le-mans/""]","[""embedded_or_network_json"", ""portfolio_card""]"
1429,IMG Licensing,Yamaha,first_party_article_reference,0.74,2,,"[""https://imglicensing.com/brands/"", ""https://imglicensing.com/brands/24h-le-mans/""]","[""embedded_or_network_json""]"
654,IMG Licensing,Zorro,first_party_portfolio_presence,0.95,5,https://imglicensing.com/brands/zorro/,"[""https://imglicensing.com/brands/"", ""https://imglicensing.com/brands/24h-le-mans/"", ""https://www.licenseglobal.com/licensing-resources/top-global-licensing-agents-client-list""]","[""embedded_or_network_json"", ""licenseglobal_client_list"", ""portfolio_card""]"
1376,IMG Licensing,evil dead,first_party_portfolio_presence,0.95,4,https://imglicensing.com/brands/evil-dead/,"[""https://imglicensing.com/brands/"", ""https://imglicensing.com/brands/24h-le-mans/""]","[""embedded_or_network_json"", ""portfolio_card""]"
631,IMG Licensing,florence by mills,agent_supplied_client_listing,0.84,19,,"[""https://imglicensing.com/brands/"", ""https://imglicensing.com/brands/24h-le-mans/"", ""https://www.licenseglobal.com/licensing-resources/top-global-licensing-agents-client-list""]","[""embedded_or_network_json"", ""licenseglobal_client_list""]"
1500,Jewel Branding & Licensing,Art Influencers,first_party_portfolio_presence,0.91,1,https://www.jewelbranding.com/portfolio/art-influencers/,"[""https://www.jewelbranding.com/portfolio/""]","[""portfolio_card""]"
1501,Jewel Branding & Licensing,Artists Illustrators,first_party_portfolio_presence,0.91,1,https://www.jewelbranding.com/portfolio/artists-illustrators/,"[""https://www.jewelbranding.com/portfolio/""]","[""portfolio_card""]"
1491,Jewel Branding & Licensing,Bouffants And Broken Hearts,first_party_portfolio_presence,0.91,2,https://www.jewelbranding.com/client/bouffants-and-broken-hearts/,"[""https://www.jewelbranding.com/portfolio/""]","[""portfolio_card"", ""semantic_anchor""]"
1498,Jewel Branding & Licensing,Catcoq,first_party_portfolio_presence,0.91,3,https://www.jewelbranding.com/client/catcoq/,"[""https://www.jewelbranding.com/portfolio/""]","[""portfolio_card"", ""semantic_anchor""]"
1489,Jewel Branding & Licensing,Ceci New York,first_party_portfolio_presence,0.91,3,https://www.jewelbranding.com/client/ceci-new-york/,"[""https://www.jewelbranding.com/portfolio/""]","[""portfolio_card"", ""semantic_anchor""]"
1487,Jewel Branding & Licensing,Country Music Hall Of Fame And Museum,first_party_portfolio_presence,0.91,3,https://www.jewelbranding.com/client/country-music-hall-of-fame-and-museum/,"[""https://www.jewelbranding.com/portfolio/""]","[""portfolio_card"", ""semantic_anchor""]"
1502,Jewel Branding & Licensing,Cultural Institutions,first_party_portfolio_presence,0.91,1,https://www.jewelbranding.com/portfolio/cultural-institutions/,"[""https://www.jewelbranding.com/portfolio/""]","[""portfolio_card""]"
733,Jewel Branding & Licensing,EttaVee,first_party_portfolio_presence,0.91,3,https://www.jewelbranding.com/client/ettavee/,"[""https://www.jewelbranding.com/portfolio/"", ""https://www.licenseglobal.com/licensing-resources/top-global-licensing-agents-client-list""]","[""licenseglobal_client_list"", ""portfolio_card"", ""semantic_anchor""]"
722,Jewel Branding & Licensing,Frank Lloyd Wright,first_party_portfolio_presence,0.91,4,https://www.jewelbranding.com/client/frank-lloyd-wright/,"[""https://www.jewelbranding.com/portfolio/"", ""https://www.licenseglobal.com/licensing-resources/top-global-licensing-agents-client-list""]","[""licenseglobal_client_list"", ""portfolio_card"", ""semantic_anchor""]"
725,Jewel Branding & Licensing,Georgia O'Keeffe Museum,agent_supplied_client_listing,0.84,1,,"[""https://www.licenseglobal.com/licensing-resources/top-global-licensing-agents-client-list""]","[""licenseglobal_client_list""]"
1497,Jewel Branding & Licensing,Heirloomed,first_party_portfolio_presence,0.91,3,https://www.jewelbranding.com/client/heirloomed/,"[""https://www.jewelbranding.com/portfolio/""]","[""portfolio_card"", ""semantic_anchor""]"
1503,Jewel Branding & Licensing,High Design,first_party_portfolio_presence,0.91,1,https://www.jewelbranding.com/portfolio/high-design/,"[""https://www.jewelbranding.com/portfolio/""]","[""portfolio_card""]"
735,Jewel Branding & Licensing,Krissy Mast,first_party_portfolio_presence,0.91,3,https://www.jewelbranding.com/client/krissy-mast/,"[""https://www.jewelbranding.com/portfolio/"", ""https://www.licenseglobal.com/licensing-resources/top-global-licensing-agents-client-list""]","[""licenseglobal_client_list"", ""portfolio_card"", ""semantic_anchor""]"
1504,Jewel Branding & Licensing,Lifestyle Fashion,first_party_portfolio_presence,0.91,1,https://www.jewelbranding.com/portfolio/lifestyle-fashion/,"[""https://www.jewelbranding.com/portfolio/""]","[""portfolio_card""]"
1499,Jewel Branding & Licensing,Lordy Dordie,first_party_portfolio_presence,0.91,3,https://www.jewelbranding.com/client/lordy-dordie/,"[""https://www.jewelbranding.com/portfolio/""]","[""portfolio_card"", ""semantic_anchor""]"
1493,Jewel Branding & Licensing,Loveall Design Co,first_party_portfolio_presence,0.91,3,https://www.jewelbranding.com/client/loveall-design-co/,"[""https://www.jewelbranding.com/portfolio/""]","[""portfolio_card"", ""semantic_anchor""]"
723,Jewel Branding & Licensing,MFA Boston,first_party_portfolio_presence,0.91,3,https://www.jewelbranding.com/client/mfa-boston/,"[""https://www.jewelbranding.com/portfolio/"", ""https://www.licenseglobal.com/licensing-resources/top-global-licensing-agents-client-list""]","[""licenseglobal_client_list"", ""portfolio_card"", ""semantic_anchor""]"
734,Jewel Branding & Licensing,Mia Charro,first_party_portfolio_presence,0.91,3,https://www.jewelbranding.com/client/mia-charro/,"[""https://www.jewelbranding.com/portfolio/"", ""https://www.licenseglobal.com/licensing-resources/top-global-licensing-agents-client-list""]","[""licenseglobal_client_list"", ""portfolio_card"", ""semantic_anchor""]"
728,Jewel Branding & Licensing,Morris & Co,first_party_portfolio_presence,0.91,3,https://www.jewelbranding.com/client/the-sanderson-design-group/,"[""https://www.jewelbranding.com/portfolio/"", ""https://www.licenseglobal.com/licensing-resources/top-global-licensing-agents-client-list""]","[""licenseglobal_client_list"", ""portfolio_card"", ""semantic_anchor""]"
1505,Jewel Branding & Licensing,Multicultural,first_party_portfolio_presence,0.91,1,https://www.jewelbranding.com/portfolio/multicultural/,"[""https://www.jewelbranding.com/portfolio/""]","[""portfolio_card""]"
726,Jewel Branding & Licensing,National Wildlife Federation,first_party_portfolio_presence,0.91,4,https://www.jewelbranding.com/client/national-wildlife-federation/,"[""https://www.jewelbranding.com/portfolio/"", ""https://www.licenseglobal.com/licensing-resources/top-global-licensing-agents-client-list""]","[""licenseglobal_client_list"", ""portfolio_card"", ""semantic_anchor""]"
724,Jewel Branding & Licensing,Natural History Museum,first_party_portfolio_presence,0.91,4,https://www.jewelbranding.com/client/natural-history-museum/,"[""https://www.jewelbranding.com/portfolio/"", ""https://www.licenseglobal.com/licensing-resources/top-global-licensing-agents-client-list""]","[""licenseglobal_client_list"", ""portfolio_card"", ""semantic_anchor""]"
721,Jewel Branding & Licensing,New York Botanical Garden,first_party_portfolio_presence,0.91,3,https://www.jewelbranding.com/client/new-york-botanical-garden/,"[""https://www.jewelbranding.com/portfolio/"", ""https://www.licenseglobal.com/licensing-resources/top-global-licensing-agents-client-list""]","[""licenseglobal_client_list"", ""portfolio_card"", ""semantic_anchor""]"
730,Jewel Branding & Licensing,Nikki Chu,first_party_portfolio_presence,0.91,4,https://www.jewelbranding.com/client/nikki-chu/,"[""https://www.jewelbranding.com/portfolio/"", ""https://www.licenseglobal.com/licensing-resources/top-global-licensing-agents-client-list""]","[""licenseglobal_client_list"", ""portfolio_card"", ""semantic_anchor""]"
15,Jewel Branding & Licensing,Our Services,first_party_portfolio_presence,0.63,2,,"[""https://www.jewelbranding.com/"", ""https://www.jewelbranding.com/portfolio/""]","[""semantic_anchor""]"
1496,Jewel Branding & Licensing,Piddix,first_party_portfolio_presence,0.91,3,https://www.jewelbranding.com/client/piddix/,"[""https://www.jewelbranding.com/portfolio/""]","[""portfolio_card"", ""semantic_anchor""]"
1492,Jewel Branding & Licensing,Planet Cat,first_party_portfolio_presence,0.91,2,https://www.jewelbranding.com/client/planet-cat/,"[""https://www.jewelbranding.com/portfolio/""]","[""portfolio_card"", ""semantic_anchor""]"
731,Jewel Branding & Licensing,Plum Pretty Sugar,first_party_portfolio_presence,0.91,3,https://www.jewelbranding.com/client/plum-pretty-sugar/,"[""https://www.jewelbranding.com/portfolio/"", ""https://www.licenseglobal.com/licensing-resources/top-global-licensing-agents-client-list""]","[""licenseglobal_client_list"", ""portfolio_card"", ""semantic_anchor""]"
1488,Jewel Branding & Licensing,Printfresh,first_party_portfolio_presence,0.91,3,https://www.jewelbranding.com/client/printfresh/,"[""https://www.jewelbranding.com/portfolio/""]","[""portfolio_card"", ""semantic_anchor""]"
732,Jewel Branding & Licensing,Rachael Hale,first_party_portfolio_presence,0.91,4,https://www.jewelbranding.com/client/rachael-hale/,"[""https://www.jewelbranding.com/portfolio/"", ""https://www.licenseglobal.com/licensing-resources/top-global-licensing-agents-client-list""]","[""licenseglobal_client_list"", ""portfolio_card"", ""semantic_anchor""]"
727,Jewel Branding & Licensing,Sanderson,agent_supplied_client_listing,0.84,1,,"[""https://www.licenseglobal.com/licensing-resources/top-global-licensing-agents-client-list""]","[""licenseglobal_client_list""]"
1494,Jewel Branding & Licensing,Sarab,first_party_portfolio_presence,0.91,2,https://www.jewelbranding.com/client/sarab/,"[""https://www.jewelbranding.com/portfolio/""]","[""portfolio_card"", ""semantic_anchor""]"
729,Jewel Branding & Licensing,Simplified by Emily Ley,first_party_portfolio_presence,0.91,3,https://www.jewelbranding.com/client/simplified-by-emily-ley/,"[""https://www.jewelbranding.com/portfolio/"", ""https://www.licenseglobal.com/licensing-resources/top-global-licensing-agents-client-list""]","[""licenseglobal_client_list"", ""portfolio_card"", ""semantic_anchor""]"
1477,Jewel Branding & Licensing,Skip to Content,first_party_portfolio_presence,0.63,2,,"[""https://www.jewelbranding.com/"", ""https://www.jewelbranding.com/portfolio/""]","[""semantic_anchor""]"
1490,Jewel Branding & Licensing,The Whiskey Ginger,first_party_portfolio_presence,0.91,3,https://www.jewelbranding.com/client/the-whiskey-ginger/,"[""https://www.jewelbranding.com/portfolio/""]","[""portfolio_card"", ""semantic_anchor""]"
1495,Jewel Branding & Licensing,Turnowsky,first_party_portfolio_presence,0.91,2,https://www.jewelbranding.com/client/turnowsky/,"[""https://www.jewelbranding.com/portfolio/""]","[""portfolio_card"", ""semantic_anchor""]"
736,Jewel Branding & Licensing,Turnowsky and Ceci New York Portfolio of Artists,agent_supplied_client_listing,0.84,1,,"[""https://www.licenseglobal.com/licensing-resources/top-global-licensing-agents-client-list""]","[""licenseglobal_client_list""]"
782,LMCA,AEG,agent_supplied_client_listing,0.84,1,,"[""https://www.licenseglobal.com/licensing-resources/top-global-licensing-agents-client-list""]","[""licenseglobal_client_list""]"
781,LMCA,Castrol,agent_supplied_client_listing,0.84,1,,"[""https://www.licenseglobal.com/licensing-resources/top-global-licensing-agents-client-list""]","[""licenseglobal_client_list""]"
783,LMCA,Compaq,agent_supplied_client_listing,0.84,1,,"[""https://www.licenseglobal.com/licensing-resources/top-global-licensing-agents-client-list""]","[""licenseglobal_client_list""]"
787,LMCA,Continental,agent_supplied_client_listing,0.84,1,,"[""https://www.licenseglobal.com/licensing-resources/top-global-licensing-agents-client-list""]","[""licenseglobal_client_list""]"
777,LMCA,Electrolux,agent_supplied_client_listing,0.84,1,,"[""https://www.licenseglobal.com/licensing-resources/top-global-licensing-agents-client-list""]","[""licenseglobal_client_list""]"
790,LMCA,Emerson,agent_supplied_client_listing,0.84,1,,"[""https://www.licenseglobal.com/licensing-resources/top-global-licensing-agents-client-list""]","[""licenseglobal_client_list""]"
778,LMCA,Frigidaire,agent_supplied_client_listing,0.84,1,,"[""https://www.licenseglobal.com/licensing-resources/top-global-licensing-agents-client-list""]","[""licenseglobal_client_list""]"
779,LMCA,HP,agent_supplied_client_listing,0.84,1,,"[""https://www.licenseglobal.com/licensing-resources/top-global-licensing-agents-client-list""]","[""licenseglobal_client_list""]"
796,LMCA,Kelvinator,agent_supplied_client_listing,0.84,1,https://www.glg-brands.com/brand-licensing3/kelvinator,"[""https://www.licenseglobal.com/licensing-resources/top-global-licensing-agents-client-list""]","[""licenseglobal_client_list""]"
755,LMCA,Kodak,agent_supplied_client_listing,0.84,1,,"[""https://www.licenseglobal.com/licensing-resources/top-global-licensing-agents-client-list""]","[""licenseglobal_client_list""]"
800,LMCA,Minolta and Discovery Zone,agent_supplied_client_listing,0.84,1,,"[""https://www.licenseglobal.com/licensing-resources/top-global-licensing-agents-client-list""]","[""licenseglobal_client_list""]"
784,LMCA,Odwalla,agent_supplied_client_listing,0.84,1,,"[""https://www.licenseglobal.com/licensing-resources/top-global-licensing-agents-client-list""]","[""licenseglobal_client_list""]"
788,LMCA,Philco,agent_supplied_client_listing,0.84,1,https://www.glg-brands.com/brand-licensing4/philco,"[""https://www.licenseglobal.com/licensing-resources/top-global-licensing-agents-client-list""]","[""licenseglobal_client_list""]"
780,LMCA,Philips,agent_supplied_client_listing,0.84,1,,"[""https://www.licenseglobal.com/licensing-resources/top-global-licensing-agents-client-list""]","[""licenseglobal_client_list""]"
792,LMCA,RCA,agent_supplied_client_listing,0.84,1,https://www.glg-brands.com/brand-licensing4/rca,"[""https://www.licenseglobal.com/licensing-resources/top-global-licensing-agents-client-list""]","[""licenseglobal_client_list""]"
791,LMCA,Somela,agent_supplied_client_listing,0.84,1,,"[""https://www.licenseglobal.com/licensing-resources/top-global-licensing-agents-client-list""]","[""licenseglobal_client_list""]"
798,LMCA,Thomson,agent_supplied_client_listing,0.84,1,https://www.glg-brands.com/brand-licensing5/thomson,"[""https://www.licenseglobal.com/licensing-resources/top-global-licensing-agents-client-list""]","[""licenseglobal_client_list""]"
786,LMCA,Weatherbeater,agent_supplied_client_listing,0.84,1,,"[""https://www.licenseglobal.com/licensing-resources/top-global-licensing-agents-client-list""]","[""licenseglobal_client_list""]"
776,LMCA,WeightWatchers (North America),agent_supplied_client_listing,0.84,1,,"[""https://www.licenseglobal.com/licensing-resources/top-global-licensing-agents-client-list""]","[""licenseglobal_client_list""]"
785,LMCA,Wurlitzer,agent_supplied_client_listing,0.84,1,,"[""https://www.licenseglobal.com/licensing-resources/top-global-licensing-agents-client-list""]","[""licenseglobal_client_list""]"
746,La Panaderia Licensing & Marketing,BBC,agent_supplied_client_listing,0.84,1,,"[""https://www.licenseglobal.com/licensing-resources/top-global-licensing-agents-client-list""]","[""licenseglobal_client_list""]"
662,La Panaderia Licensing & Marketing,Hasbro,agent_supplied_client_listing,0.84,1,,"[""https://www.licenseglobal.com/licensing-resources/top-global-licensing-agents-client-list""]","[""licenseglobal_client_list""]"
750,La Panaderia Licensing & Marketing,Moose,agent_supplied_client_listing,0.84,1,,"[""https://www.licenseglobal.com/licensing-resources/top-global-licensing-agents-client-list""]","[""licenseglobal_client_list""]"
745,La Panaderia Licensing & Marketing,Sony,agent_supplied_client_listing,0.84,1,,"[""https://www.licenseglobal.com/licensing-resources/top-global-licensing-agents-client-list""]","[""licenseglobal_client_list""]"
748,La Panaderia Licensing & Marketing,Toei,agent_supplied_client_listing,0.84,1,,"[""https://www.licenseglobal.com/licensing-resources/top-global-licensing-agents-client-list""]","[""licenseglobal_client_list""]"
749,La Panaderia Licensing & Marketing,Un Mundo Feliz,agent_supplied_client_listing,0.84,1,,"[""https://www.licenseglobal.com/licensing-resources/top-global-licensing-agents-client-list""]","[""licenseglobal_client_list""]"
751,La Panaderia Licensing & Marketing,Wildbrain and Jazwares,agent_supplied_client_listing,0.84,1,,"[""https://www.licenseglobal.com/licensing-resources/top-global-licensing-agents-client-list""]","[""licenseglobal_client_list""]"
20,Larkshead Licensing,Our Services,first_party_portfolio_presence,0.63,2,,"[""https://www.larksheadlicensing.com/"", ""https://www.larksheadlicensing.com/portfolio-landing""]","[""semantic_anchor""]"
1483,Larkshead Licensing,Skip to Content,first_party_portfolio_presence,0.63,2,,"[""https://www.larksheadlicensing.com/"", ""https://www.larksheadlicensing.com/portfolio-landing""]","[""semantic_anchor""]"
757,LicenseWorks,Blvck Paris and Royal Enfield,agent_supplied_client_listing,0.84,1,,"[""https://www.licenseglobal.com/licensing-resources/top-global-licensing-agents-client-list""]","[""licenseglobal_client_list""]"
752,LicenseWorks,Elle,agent_supplied_client_listing,0.84,1,,"[""https://www.licenseglobal.com/licensing-resources/top-global-licensing-agents-client-list""]","[""licenseglobal_client_list""]"
753,LicenseWorks,Elle Decor,agent_supplied_client_listing,0.84,1,,"[""https://www.licenseglobal.com/licensing-resources/top-global-licensing-agents-client-list""]","[""licenseglobal_client_list""]"
756,LicenseWorks,GQ,agent_supplied_client_listing,0.84,1,,"[""https://www.licenseglobal.com/licensing-resources/top-global-licensing-agents-client-list""]","[""licenseglobal_client_list""]"
754,LicenseWorks,Kodak,agent_supplied_client_listing,0.84,1,,"[""https://www.licenseglobal.com/licensing-resources/top-global-licensing-agents-client-list""]","[""licenseglobal_client_list""]"
12,LicenseWorks,Stanley Black & Decker,agent_supplied_client_listing,0.84,1,https://www.beanstalk.com/client/stanley-black-decker,"[""https://www.licenseglobal.com/licensing-resources/top-global-licensing-agents-client-list""]","[""licenseglobal_client_list""]"
10,LicenseWorks,The Met,agent_supplied_client_listing,0.84,1,https://www.beanstalk.com/client/the-met,"[""https://www.licenseglobal.com/licensing-resources/top-global-licensing-agents-client-list""]","[""licenseglobal_client_list""]"
1826,Licensing Matters Global,Gallery,first_party_portfolio_presence,0.91,1,https://www.licensingmattersglobal.com/portfolio/gallery/,"[""https://www.licensingmattersglobal.com/portfolio/""]","[""portfolio_card""]"
1838,Licensing Matters Global,Portfolio Title 39,first_party_portfolio_presence,0.91,1,https://www.licensingmattersglobal.com/portfolio/portfolio-title-39/,"[""https://www.licensingmattersglobal.com/portfolio/case-studies/""]","[""portfolio_card""]"
1829,Licensing Matters Global,Single Project Page 04,first_party_portfolio_presence,0.91,1,http://wpdemos.themezaa.com/pofo/portfolio/single-project-page-04/,"[""https://www.licensingmattersglobal.com/portfolio/""]","[""portfolio_card""]"
1828,Licensing Matters Global,Single Project Page 05,first_party_portfolio_presence,0.91,2,http://wpdemos.themezaa.com/pofo/portfolio/single-project-page-05/,"[""https://www.licensingmattersglobal.com/portfolio/""]","[""portfolio_card""]"
1827,Licensing Matters Global,Single Project Page 06,first_party_portfolio_presence,0.91,1,http://wpdemos.themezaa.com/pofo/portfolio/single-project-page-06/,"[""https://www.licensingmattersglobal.com/portfolio/""]","[""portfolio_card""]"
1831,Licensing Matters Global,Single Project Page 07,first_party_portfolio_presence,0.91,1,http://wpdemos.themezaa.com/pofo/portfolio/single-project-page-07/,"[""https://www.licensingmattersglobal.com/portfolio/""]","[""portfolio_card""]"
1830,Licensing Matters Global,Single Project Page 08,first_party_portfolio_presence,0.91,1,http://wpdemos.themezaa.com/pofo/portfolio/single-project-page-08/,"[""https://www.licensingmattersglobal.com/portfolio/""]","[""portfolio_card""]"
760,Licensing Street,Angel Studios,agent_supplied_client_listing,0.84,1,,"[""https://www.licenseglobal.com/licensing-resources/top-global-licensing-agents-client-list""]","[""licenseglobal_client_list""]"
759,Licensing Street,Fred Rogers Company,agent_supplied_client_listing,0.84,1,,"[""https://www.licenseglobal.com/licensing-resources/top-global-licensing-agents-client-list""]","[""licenseglobal_client_list""]"
758,Licensing Street,Laika Films,agent_supplied_client_listing,0.84,1,,"[""https://www.licenseglobal.com/licensing-resources/top-global-licensing-agents-client-list""]","[""licenseglobal_client_list""]"
42,Licensing Street,SEGA,agent_supplied_client_listing,0.84,1,,"[""https://www.licenseglobal.com/licensing-resources/top-global-licensing-agents-client-list""]","[""licenseglobal_client_list""]"
761,Licensing Street,Thunderbird Entertainment and Millimages,agent_supplied_client_listing,0.84,1,,"[""https://www.licenseglobal.com/licensing-resources/top-global-licensing-agents-client-list""]","[""licenseglobal_client_list""]"
762,Lisa Marks Associates (LMA),"Bazooka Candy Brands (Bazooka, Ring Pop, Push Pop, Baby Bottle Pop, Juicy Drop)",agent_supplied_client_listing,0.84,1,,"[""https://www.licenseglobal.com/licensing-resources/top-global-licensing-agents-client-list""]","[""licenseglobal_client_list""]"
768,Lisa Marks Associates (LMA),Bit-O-Honey,agent_supplied_client_listing,0.84,1,,"[""https://www.licenseglobal.com/licensing-resources/top-global-licensing-agents-client-list""]","[""licenseglobal_client_list""]"
770,Lisa Marks Associates (LMA),Chupa Chups,agent_supplied_client_listing,0.84,1,,"[""https://www.licenseglobal.com/licensing-resources/top-global-licensing-agents-client-list""]","[""licenseglobal_client_list""]"
766,Lisa Marks Associates (LMA),Dum Dums,agent_supplied_client_listing,0.84,1,,"[""https://www.licenseglobal.com/licensing-resources/top-global-licensing-agents-client-list""]","[""licenseglobal_client_list""]"
772,Lisa Marks Associates (LMA),Fun Sweets,agent_supplied_client_listing,0.84,1,,"[""https://www.licenseglobal.com/licensing-resources/top-global-licensing-agents-client-list""]","[""licenseglobal_client_list""]"
775,Lisa Marks Associates (LMA),It's Happy Bunny and Avanti Press,agent_supplied_client_listing,0.84,1,,"[""https://www.licenseglobal.com/licensing-resources/top-global-licensing-agents-client-list""]","[""licenseglobal_client_list""]"
769,Lisa Marks Associates (LMA),Mentos,agent_supplied_client_listing,0.84,1,,"[""https://www.licenseglobal.com/licensing-resources/top-global-licensing-agents-client-list""]","[""licenseglobal_client_list""]"
773,Lisa Marks Associates (LMA),MoonPie,agent_supplied_client_listing,0.84,1,,"[""https://www.licenseglobal.com/licensing-resources/top-global-licensing-agents-client-list""]","[""licenseglobal_client_list""]"
767,Lisa Marks Associates (LMA),Necco,agent_supplied_client_listing,0.84,1,,"[""https://www.licenseglobal.com/licensing-resources/top-global-licensing-agents-client-list""]","[""licenseglobal_client_list""]"
763,Lisa Marks Associates (LMA),PEZ,agent_supplied_client_listing,0.84,1,,"[""https://www.licenseglobal.com/licensing-resources/top-global-licensing-agents-client-list""]","[""licenseglobal_client_list""]"
771,Lisa Marks Associates (LMA),Smarties,agent_supplied_client_listing,0.84,1,,"[""https://www.licenseglobal.com/licensing-resources/top-global-licensing-agents-client-list""]","[""licenseglobal_client_list""]"
765,Lisa Marks Associates (LMA),Sweethearts,agent_supplied_client_listing,0.84,1,,"[""https://www.licenseglobal.com/licensing-resources/top-global-licensing-agents-client-list""]","[""licenseglobal_client_list""]"
764,Lisa Marks Associates (LMA),WARHEADS,agent_supplied_client_listing,0.84,1,,"[""https://www.licenseglobal.com/licensing-resources/top-global-licensing-agents-client-list""]","[""licenseglobal_client_list""]"
774,Lisa Marks Associates (LMA),Wounded Warrior Project,agent_supplied_client_listing,0.84,1,,"[""https://www.licenseglobal.com/licensing-resources/top-global-licensing-agents-client-list""]","[""licenseglobal_client_list""]"
909,MHS Licensing,Abraham Hunter,agent_supplied_client_listing,0.84,1,,"[""https://www.licenseglobal.com/licensing-resources/top-global-licensing-agents-client-list""]","[""licenseglobal_client_list""]"
911,MHS Licensing,Accent Art Studio,agent_supplied_client_listing,0.84,1,,"[""https://www.licenseglobal.com/licensing-resources/top-global-licensing-agents-client-list""]","[""licenseglobal_client_list""]"
912,MHS Licensing,Al Agnew,agent_supplied_client_listing,0.84,1,,"[""https://www.licenseglobal.com/licensing-resources/top-global-licensing-agents-client-list""]","[""licenseglobal_client_list""]"
913,MHS Licensing,Amira Rahim,agent_supplied_client_listing,0.84,1,,"[""https://www.licenseglobal.com/licensing-resources/top-global-licensing-agents-client-list""]","[""licenseglobal_client_list""]"
914,MHS Licensing,Amylee Weeks,agent_supplied_client_listing,0.84,1,,"[""https://www.licenseglobal.com/licensing-resources/top-global-licensing-agents-client-list""]","[""licenseglobal_client_list""]"
915,MHS Licensing,Audrey Jeanne Roberts,agent_supplied_client_listing,0.84,1,,"[""https://www.licenseglobal.com/licensing-resources/top-global-licensing-agents-client-list""]","[""licenseglobal_client_list""]"
916,MHS Licensing,Bethany Joy,agent_supplied_client_listing,0.84,1,,"[""https://www.licenseglobal.com/licensing-resources/top-global-licensing-agents-client-list""]","[""licenseglobal_client_list""]"
917,MHS Licensing,Blue Chair Blessing,agent_supplied_client_listing,0.84,1,,"[""https://www.licenseglobal.com/licensing-resources/top-global-licensing-agents-client-list""]","[""licenseglobal_client_list""]"
918,MHS Licensing,Brett Blumenthal,agent_supplied_client_listing,0.84,1,,"[""https://www.licenseglobal.com/licensing-resources/top-global-licensing-agents-client-list""]","[""licenseglobal_client_list""]"
919,MHS Licensing,Buck Wear,agent_supplied_client_listing,0.84,1,,"[""https://www.licenseglobal.com/licensing-resources/top-global-licensing-agents-client-list""]","[""licenseglobal_client_list""]"
920,MHS Licensing,By The Lakeside,agent_supplied_client_listing,0.84,1,,"[""https://www.licenseglobal.com/licensing-resources/top-global-licensing-agents-client-list""]","[""licenseglobal_client_list""]"
921,MHS Licensing,Carol Cavalaris,agent_supplied_client_listing,0.84,1,,"[""https://www.licenseglobal.com/licensing-resources/top-global-licensing-agents-client-list""]","[""licenseglobal_client_list""]"
922,MHS Licensing,Carrie Goller,agent_supplied_client_listing,0.84,1,,"[""https://www.licenseglobal.com/licensing-resources/top-global-licensing-agents-client-list""]","[""licenseglobal_client_list""]"
923,MHS Licensing,Collin Bogle,agent_supplied_client_listing,0.84,1,,"[""https://www.licenseglobal.com/licensing-resources/top-global-licensing-agents-client-list""]","[""licenseglobal_client_list""]"
924,MHS Licensing,Corbert Gauthier,agent_supplied_client_listing,0.84,1,,"[""https://www.licenseglobal.com/licensing-resources/top-global-licensing-agents-client-list""]","[""licenseglobal_client_list""]"
925,MHS Licensing,Courtney Morgenstern,agent_supplied_client_listing,0.84,1,,"[""https://www.licenseglobal.com/licensing-resources/top-global-licensing-agents-client-list""]","[""licenseglobal_client_list""]"
926,MHS Licensing,Cranston Collection,agent_supplied_client_listing,0.84,1,,"[""https://www.licenseglobal.com/licensing-resources/top-global-licensing-agents-client-list""]","[""licenseglobal_client_list""]"
927,MHS Licensing,Darrell Bush,agent_supplied_client_listing,0.84,1,,"[""https://www.licenseglobal.com/licensing-resources/top-global-licensing-agents-client-list""]","[""licenseglobal_client_list""]"
928,MHS Licensing,Deane Beesley,agent_supplied_client_listing,0.84,1,,"[""https://www.licenseglobal.com/licensing-resources/top-global-licensing-agents-client-list""]","[""licenseglobal_client_list""]"
929,MHS Licensing,Diane Labombarbe,agent_supplied_client_listing,0.84,1,,"[""https://www.licenseglobal.com/licensing-resources/top-global-licensing-agents-client-list""]","[""licenseglobal_client_list""]"
930,MHS Licensing,Emiko Rainbow,agent_supplied_client_listing,0.84,1,,"[""https://www.licenseglobal.com/licensing-resources/top-global-licensing-agents-client-list""]","[""licenseglobal_client_list""]"
931,MHS Licensing,Femvisionary,agent_supplied_client_listing,0.84,1,,"[""https://www.licenseglobal.com/licensing-resources/top-global-licensing-agents-client-list""]","[""licenseglobal_client_list""]"
932,MHS Licensing,Fine Frenchie,agent_supplied_client_listing,0.84,1,,"[""https://www.licenseglobal.com/licensing-resources/top-global-licensing-agents-client-list""]","[""licenseglobal_client_list""]"
933,MHS Licensing,Fluidity,agent_supplied_client_listing,0.84,1,,"[""https://www.licenseglobal.com/licensing-resources/top-global-licensing-agents-client-list""]","[""licenseglobal_client_list""]"
934,MHS Licensing,H. Hargrove,agent_supplied_client_listing,0.84,1,,"[""https://www.licenseglobal.com/licensing-resources/top-global-licensing-agents-client-list""]","[""licenseglobal_client_list""]"
910,MHS Licensing,Hautman Brothers,agent_supplied_client_listing,0.84,1,,"[""https://www.licenseglobal.com/licensing-resources/top-global-licensing-agents-client-list""]","[""licenseglobal_client_list""]"
935,MHS Licensing,Hayden Lambson,agent_supplied_client_listing,0.84,1,,"[""https://www.licenseglobal.com/licensing-resources/top-global-licensing-agents-client-list""]","[""licenseglobal_client_list""]"
936,MHS Licensing,Image World,agent_supplied_client_listing,0.84,1,,"[""https://www.licenseglobal.com/licensing-resources/top-global-licensing-agents-client-list""]","[""licenseglobal_client_list""]"
942,MHS Licensing,JJ Design House,agent_supplied_client_listing,0.84,1,,"[""https://www.licenseglobal.com/licensing-resources/top-global-licensing-agents-client-list""]","[""licenseglobal_client_list""]"
937,MHS Licensing,James Meger,agent_supplied_client_listing,0.84,1,,"[""https://www.licenseglobal.com/licensing-resources/top-global-licensing-agents-client-list""]","[""licenseglobal_client_list""]"
938,MHS Licensing,Jennifer Seeley,agent_supplied_client_listing,0.84,1,,"[""https://www.licenseglobal.com/licensing-resources/top-global-licensing-agents-client-list""]","[""licenseglobal_client_list""]"
939,MHS Licensing,Jetty Home,agent_supplied_client_listing,0.84,1,,"[""https://www.licenseglobal.com/licensing-resources/top-global-licensing-agents-client-list""]","[""licenseglobal_client_list""]"
940,MHS Licensing,Jim Baldwin,agent_supplied_client_listing,0.84,1,,"[""https://www.licenseglobal.com/licensing-resources/top-global-licensing-agents-client-list""]","[""licenseglobal_client_list""]"
941,MHS Licensing,Jim Killen,agent_supplied_client_listing,0.84,1,,"[""https://www.licenseglobal.com/licensing-resources/top-global-licensing-agents-client-list""]","[""licenseglobal_client_list""]"
943,MHS Licensing,John Keeling,agent_supplied_client_listing,0.84,1,,"[""https://www.licenseglobal.com/licensing-resources/top-global-licensing-agents-client-list""]","[""licenseglobal_client_list""]"
944,MHS Licensing,Judy Buswell,agent_supplied_client_listing,0.84,1,,"[""https://www.licenseglobal.com/licensing-resources/top-global-licensing-agents-client-list""]","[""licenseglobal_client_list""]"
945,MHS Licensing,Kelley Parker,agent_supplied_client_listing,0.84,1,,"[""https://www.licenseglobal.com/licensing-resources/top-global-licensing-agents-client-list""]","[""licenseglobal_client_list""]"
946,MHS Licensing,Ken Zylla,agent_supplied_client_listing,0.84,1,,"[""https://www.licenseglobal.com/licensing-resources/top-global-licensing-agents-client-list""]","[""licenseglobal_client_list""]"
947,MHS Licensing,Kim Norlien,agent_supplied_client_listing,0.84,1,,"[""https://www.licenseglobal.com/licensing-resources/top-global-licensing-agents-client-list""]","[""licenseglobal_client_list""]"
948,MHS Licensing,Kris Jagers,agent_supplied_client_listing,0.84,1,,"[""https://www.licenseglobal.com/licensing-resources/top-global-licensing-agents-client-list""]","[""licenseglobal_client_list""]"
949,MHS Licensing,Larry Hersberger,agent_supplied_client_listing,0.84,1,,"[""https://www.licenseglobal.com/licensing-resources/top-global-licensing-agents-client-list""]","[""licenseglobal_client_list""]"
950,MHS Licensing,Larry McFerrin,agent_supplied_client_listing,0.84,1,,"[""https://www.licenseglobal.com/licensing-resources/top-global-licensing-agents-client-list""]","[""licenseglobal_client_list""]"
951,MHS Licensing,Lindsay Kivi,agent_supplied_client_listing,0.84,1,,"[""https://www.licenseglobal.com/licensing-resources/top-global-licensing-agents-client-list""]","[""licenseglobal_client_list""]"
952,MHS Licensing,Louise Carey,agent_supplied_client_listing,0.84,1,,"[""https://www.licenseglobal.com/licensing-resources/top-global-licensing-agents-client-list""]","[""licenseglobal_client_list""]"
953,MHS Licensing,Lovitude,agent_supplied_client_listing,0.84,1,,"[""https://www.licenseglobal.com/licensing-resources/top-global-licensing-agents-client-list""]","[""licenseglobal_client_list""]"
954,MHS Licensing,Luis Fitch,agent_supplied_client_listing,0.84,1,,"[""https://www.licenseglobal.com/licensing-resources/top-global-licensing-agents-client-list""]","[""licenseglobal_client_list""]"
955,MHS Licensing,Mehu Art,agent_supplied_client_listing,0.84,1,,"[""https://www.licenseglobal.com/licensing-resources/top-global-licensing-agents-client-list""]","[""licenseglobal_client_list""]"
956,MHS Licensing,Nina Blue,agent_supplied_client_listing,0.84,1,,"[""https://www.licenseglobal.com/licensing-resources/top-global-licensing-agents-client-list""]","[""licenseglobal_client_list""]"
957,MHS Licensing,Northern Promotions,agent_supplied_client_listing,0.84,1,,"[""https://www.licenseglobal.com/licensing-resources/top-global-licensing-agents-client-list""]","[""licenseglobal_client_list""]"
958,MHS Licensing,PDR Studios,agent_supplied_client_listing,0.84,1,,"[""https://www.licenseglobal.com/licensing-resources/top-global-licensing-agents-client-list""]","[""licenseglobal_client_list""]"
959,MHS Licensing,Russ Duerksen,agent_supplied_client_listing,0.84,1,,"[""https://www.licenseglobal.com/licensing-resources/top-global-licensing-agents-client-list""]","[""licenseglobal_client_list""]"
960,MHS Licensing,Sally Barlow,agent_supplied_client_listing,0.84,1,,"[""https://www.licenseglobal.com/licensing-resources/top-global-licensing-agents-client-list""]","[""licenseglobal_client_list""]"
961,MHS Licensing,Scot Storm,agent_supplied_client_listing,0.84,1,,"[""https://www.licenseglobal.com/licensing-resources/top-global-licensing-agents-client-list""]","[""licenseglobal_client_list""]"
962,MHS Licensing,Stephanie Ryan,agent_supplied_client_listing,0.84,1,,"[""https://www.licenseglobal.com/licensing-resources/top-global-licensing-agents-client-list""]","[""licenseglobal_client_list""]"
963,MHS Licensing,Tara Moss,agent_supplied_client_listing,0.84,1,,"[""https://www.licenseglobal.com/licensing-resources/top-global-licensing-agents-client-list""]","[""licenseglobal_client_list""]"
964,MHS Licensing,Terrence Fogarty,agent_supplied_client_listing,0.84,1,,"[""https://www.licenseglobal.com/licensing-resources/top-global-licensing-agents-client-list""]","[""licenseglobal_client_list""]"
965,MHS Licensing,Terry Doughty,agent_supplied_client_listing,0.84,1,,"[""https://www.licenseglobal.com/licensing-resources/top-global-licensing-agents-client-list""]","[""licenseglobal_client_list""]"
908,MHS Licensing,Thomas Kinkade,agent_supplied_client_listing,0.84,1,,"[""https://www.licenseglobal.com/licensing-resources/top-global-licensing-agents-client-list""]","[""licenseglobal_client_list""]"
966,MHS Licensing,Tina Higgins,agent_supplied_client_listing,0.84,1,,"[""https://www.licenseglobal.com/licensing-resources/top-global-licensing-agents-client-list""]","[""licenseglobal_client_list""]"
967,MHS Licensing,UTurn Studios,agent_supplied_client_listing,0.84,1,,"[""https://www.licenseglobal.com/licensing-resources/top-global-licensing-agents-client-list""]","[""licenseglobal_client_list""]"
968,MHS Licensing,Val Warner,agent_supplied_client_listing,0.84,1,,"[""https://www.licenseglobal.com/licensing-resources/top-global-licensing-agents-client-list""]","[""licenseglobal_client_list""]"
969,MHS Licensing,Valerie Wieners,agent_supplied_client_listing,0.84,1,,"[""https://www.licenseglobal.com/licensing-resources/top-global-licensing-agents-client-list""]","[""licenseglobal_client_list""]"
970,MHS Licensing,Victoria Schultz and Yvonne Coleman Burney,agent_supplied_client_listing,0.84,1,,"[""https://www.licenseglobal.com/licensing-resources/top-global-licensing-agents-client-list""]","[""licenseglobal_client_list""]"
801,Maurizio Distefano Licensing,Acamar,agent_supplied_client_listing,0.84,1,,"[""https://www.licenseglobal.com/licensing-resources/top-global-licensing-agents-client-list""]","[""licenseglobal_client_list""]"
803,Maurizio Distefano Licensing,Animaccord,agent_supplied_client_listing,0.84,1,,"[""https://www.licenseglobal.com/licensing-resources/top-global-licensing-agents-client-list""]","[""licenseglobal_client_list""]"
747,Maurizio Distefano Licensing,BBC,agent_supplied_client_listing,0.84,1,,"[""https://www.licenseglobal.com/licensing-resources/top-global-licensing-agents-client-list""]","[""licenseglobal_client_list""]"
802,Maurizio Distefano Licensing,Bagdasarian,agent_supplied_client_listing,0.84,1,,"[""https://www.licenseglobal.com/licensing-resources/top-global-licensing-agents-client-list""]","[""licenseglobal_client_list""]"
812,Maurizio Distefano Licensing,Beanstalk,agent_supplied_client_listing,0.84,1,,"[""https://www.licenseglobal.com/licensing-resources/top-global-licensing-agents-client-list""]","[""licenseglobal_client_list""]"
810,Maurizio Distefano Licensing,Bravado,agent_supplied_client_listing,0.84,1,,"[""https://www.licenseglobal.com/licensing-resources/top-global-licensing-agents-client-list""]","[""licenseglobal_client_list""]"
804,Maurizio Distefano Licensing,Cloud Co,agent_supplied_client_listing,0.84,1,,"[""https://www.licenseglobal.com/licensing-resources/top-global-licensing-agents-client-list""]","[""licenseglobal_client_list""]"
806,Maurizio Distefano Licensing,Editions Albert Renee,agent_supplied_client_listing,0.84,1,,"[""https://www.licenseglobal.com/licensing-resources/top-global-licensing-agents-client-list""]","[""licenseglobal_client_list""]"
807,Maurizio Distefano Licensing,GMS,agent_supplied_client_listing,0.84,1,,"[""https://www.licenseglobal.com/licensing-resources/top-global-licensing-agents-client-list""]","[""licenseglobal_client_list""]"
813,Maurizio Distefano Licensing,ISA and People,agent_supplied_client_listing,0.84,1,,"[""https://www.licenseglobal.com/licensing-resources/top-global-licensing-agents-client-list""]","[""licenseglobal_client_list""]"
805,Maurizio Distefano Licensing,MGA,agent_supplied_client_listing,0.84,1,,"[""https://www.licenseglobal.com/licensing-resources/top-global-licensing-agents-client-list""]","[""licenseglobal_client_list""]"
600,Maurizio Distefano Licensing,Moonbug,agent_supplied_client_listing,0.84,1,,"[""https://www.licenseglobal.com/licensing-resources/top-global-licensing-agents-client-list""]","[""licenseglobal_client_list""]"
808,Maurizio Distefano Licensing,Perryscope,agent_supplied_client_listing,0.84,1,,"[""https://www.licenseglobal.com/licensing-resources/top-global-licensing-agents-client-list""]","[""licenseglobal_client_list""]"
65,Medialink,BT21,agent_supplied_client_listing,0.84,1,,"[""https://www.licenseglobal.com/licensing-resources/top-global-licensing-agents-client-list""]","[""licenseglobal_client_list""]"
838,Medialink,Bebefinn,agent_supplied_client_listing,0.84,1,,"[""https://www.licenseglobal.com/licensing-resources/top-global-licensing-agents-client-list""]","[""licenseglobal_client_list""]"
429,Medialink,Betty Boop,agent_supplied_client_listing,0.84,1,,"[""https://www.licenseglobal.com/licensing-resources/top-global-licensing-agents-client-list""]","[""licenseglobal_client_list""]"
826,Medialink,Bluey,agent_supplied_client_listing,0.84,1,,"[""https://www.licenseglobal.com/licensing-resources/top-global-licensing-agents-client-list""]","[""licenseglobal_client_list""]"
820,Medialink,CUPHEAD,agent_supplied_client_listing,0.84,1,,"[""https://www.licenseglobal.com/licensing-resources/top-global-licensing-agents-client-list""]","[""licenseglobal_client_list""]"
859,Medialink,Cardcaptor Sakura Clear Card,agent_supplied_client_listing,0.84,1,,"[""https://www.licenseglobal.com/licensing-resources/top-global-licensing-agents-client-list""]","[""licenseglobal_client_list""]"
845,Medialink,Chainsaw Man,agent_supplied_client_listing,0.84,1,,"[""https://www.licenseglobal.com/licensing-resources/top-global-licensing-agents-client-list""]","[""licenseglobal_client_list""]"
846,Medialink,City Hunter The Movie: Angel Dust,agent_supplied_client_listing,0.84,1,,"[""https://www.licenseglobal.com/licensing-resources/top-global-licensing-agents-client-list""]","[""licenseglobal_client_list""]"
847,Medialink,Dr. Stone,agent_supplied_client_listing,0.84,1,,"[""https://www.licenseglobal.com/licensing-resources/top-global-licensing-agents-client-list""]","[""licenseglobal_client_list""]"
848,Medialink,Fullmetal Alchemist,agent_supplied_client_listing,0.84,1,,"[""https://www.licenseglobal.com/licensing-resources/top-global-licensing-agents-client-list""]","[""licenseglobal_client_list""]"
861,Medialink,GACHIAKUTA,agent_supplied_client_listing,0.84,1,,"[""https://www.licenseglobal.com/licensing-resources/top-global-licensing-agents-client-list""]","[""licenseglobal_client_list""]"
818,Medialink,Garfield,agent_supplied_client_listing,0.84,1,,"[""https://www.licenseglobal.com/licensing-resources/top-global-licensing-agents-client-list""]","[""licenseglobal_client_list""]"
280,Medialink,Genshin Impact,agent_supplied_client_listing,0.84,1,,"[""https://www.licenseglobal.com/licensing-resources/top-global-licensing-agents-client-list""]","[""licenseglobal_client_list""]"
849,Medialink,Gintama,agent_supplied_client_listing,0.84,1,,"[""https://www.licenseglobal.com/licensing-resources/top-global-licensing-agents-client-list""]","[""licenseglobal_client_list""]"
862,Medialink,Godzilla,agent_supplied_client_listing,0.84,1,,"[""https://www.licenseglobal.com/licensing-resources/top-global-licensing-agents-client-list""]","[""licenseglobal_client_list""]"
850,Medialink,Haikyu!!,agent_supplied_client_listing,0.84,1,,"[""https://www.licenseglobal.com/licensing-resources/top-global-licensing-agents-client-list""]","[""licenseglobal_client_list""]"
851,Medialink,Initial D,agent_supplied_client_listing,0.84,1,,"[""https://www.licenseglobal.com/licensing-resources/top-global-licensing-agents-client-list""]","[""licenseglobal_client_list""]"
858,Medialink,JOGUMAN,agent_supplied_client_listing,0.84,1,,"[""https://www.licenseglobal.com/licensing-resources/top-global-licensing-agents-client-list""]","[""licenseglobal_client_list""]"
860,Medialink,Kaiju No. 8,agent_supplied_client_listing,0.84,1,,"[""https://www.licenseglobal.com/licensing-resources/top-global-licensing-agents-client-list""]","[""licenseglobal_client_list""]"
831,Medialink,Kawanimal,agent_supplied_client_listing,0.84,1,,"[""https://www.licenseglobal.com/licensing-resources/top-global-licensing-agents-client-list""]","[""licenseglobal_client_list""]"
870,Medialink,Kowloon Generic Romance,agent_supplied_client_listing,0.84,1,,"[""https://www.licenseglobal.com/licensing-resources/top-global-licensing-agents-client-list""]","[""licenseglobal_client_list""]"
852,Medialink,Kuroko's Basketball,agent_supplied_client_listing,0.84,1,,"[""https://www.licenseglobal.com/licensing-resources/top-global-licensing-agents-client-list""]","[""licenseglobal_client_list""]"
853,Medialink,Laid-Back Camp,agent_supplied_client_listing,0.84,1,,"[""https://www.licenseglobal.com/licensing-resources/top-global-licensing-agents-client-list""]","[""licenseglobal_client_list""]"
816,Medialink,Le Petit Prince,agent_supplied_client_listing,0.84,1,,"[""https://www.licenseglobal.com/licensing-resources/top-global-licensing-agents-client-list""]","[""licenseglobal_client_list""]"
95,Medialink,Line Friends,agent_supplied_client_listing,0.84,1,https://www.joesterloriagroup.com/portfolio/project-three-sng7y-jkgxx-kmlk5-64gk3-28jj6-whllz-628j9-wrfjk-lw89h-2swne-p255j-d2dde-cyaj6-jgdfh,"[""https://www.licenseglobal.com/licensing-resources/top-global-licensing-agents-client-list""]","[""licenseglobal_client_list""]"
825,Medialink,Lychee and Friends,agent_supplied_client_listing,0.84,1,,"[""https://www.licenseglobal.com/licensing-resources/top-global-licensing-agents-client-list""]","[""licenseglobal_client_list""]"
837,Medialink,Mobile Suit Gundam,agent_supplied_client_listing,0.84,1,,"[""https://www.licenseglobal.com/licensing-resources/top-global-licensing-agents-client-list""]","[""licenseglobal_client_list""]"
836,Medialink,Mobile Suit Gundam Seed,agent_supplied_client_listing,0.84,1,,"[""https://www.licenseglobal.com/licensing-resources/top-global-licensing-agents-client-list""]","[""licenseglobal_client_list""]"
835,Medialink,Mobile Suit Gundam UC,agent_supplied_client_listing,0.84,1,,"[""https://www.licenseglobal.com/licensing-resources/top-global-licensing-agents-client-list""]","[""licenseglobal_client_list""]"
827,Medialink,Mr Men and Little Miss,agent_supplied_client_listing,0.84,1,,"[""https://www.licenseglobal.com/licensing-resources/top-global-licensing-agents-client-list""]","[""licenseglobal_client_list""]"
854,Medialink,My Hero Academia,agent_supplied_client_listing,0.84,1,,"[""https://www.licenseglobal.com/licensing-resources/top-global-licensing-agents-client-list""]","[""licenseglobal_client_list""]"
833,Medialink,Nailoong,agent_supplied_client_listing,0.84,1,,"[""https://www.licenseglobal.com/licensing-resources/top-global-licensing-agents-client-list""]","[""licenseglobal_client_list""]"
866,Medialink,OVERLORD,agent_supplied_client_listing,0.84,1,,"[""https://www.licenseglobal.com/licensing-resources/top-global-licensing-agents-client-list""]","[""licenseglobal_client_list""]"
832,Medialink,Ohigenopon,agent_supplied_client_listing,0.84,1,,"[""https://www.licenseglobal.com/licensing-resources/top-global-licensing-agents-client-list""]","[""licenseglobal_client_list""]"
844,Medialink,Oshi No Ko,agent_supplied_client_listing,0.84,1,,"[""https://www.licenseglobal.com/licensing-resources/top-global-licensing-agents-client-list""]","[""licenseglobal_client_list""]"
248,Medialink,Popeye,agent_supplied_client_listing,0.84,1,https://rightsandbrands.com/brands/popeye/,"[""https://www.licenseglobal.com/licensing-resources/top-global-licensing-agents-client-list""]","[""licenseglobal_client_list""]"
834,Medialink,Quby,agent_supplied_client_listing,0.84,1,,"[""https://www.licenseglobal.com/licensing-resources/top-global-licensing-agents-client-list""]","[""licenseglobal_client_list""]"
828,Medialink,Robocar Poli,agent_supplied_client_listing,0.84,1,,"[""https://www.licenseglobal.com/licensing-resources/top-global-licensing-agents-client-list""]","[""licenseglobal_client_list""]"
239,Medialink,Sesame Street,agent_supplied_client_listing,0.84,1,,"[""https://www.licenseglobal.com/licensing-resources/top-global-licensing-agents-client-list""]","[""licenseglobal_client_list""]"
817,Medialink,Sesame Street Mecha Builders,agent_supplied_client_listing,0.84,1,,"[""https://www.licenseglobal.com/licensing-resources/top-global-licensing-agents-client-list""]","[""licenseglobal_client_list""]"
829,Medialink,Shewsheep,agent_supplied_client_listing,0.84,1,,"[""https://www.licenseglobal.com/licensing-resources/top-global-licensing-agents-client-list""]","[""licenseglobal_client_list""]"
856,Medialink,Solo Leveling,agent_supplied_client_listing,0.84,1,,"[""https://www.licenseglobal.com/licensing-resources/top-global-licensing-agents-client-list""]","[""licenseglobal_client_list""]"
819,Medialink,Star Trek,agent_supplied_client_listing,0.84,1,,"[""https://www.licenseglobal.com/licensing-resources/top-global-licensing-agents-client-list""]","[""licenseglobal_client_list""]"
830,Medialink,Sunlemon,agent_supplied_client_listing,0.84,1,,"[""https://www.licenseglobal.com/licensing-resources/top-global-licensing-agents-client-list""]","[""licenseglobal_client_list""]"
869,Medialink,Takopi's original sin,agent_supplied_client_listing,0.84,1,,"[""https://www.licenseglobal.com/licensing-resources/top-global-licensing-agents-client-list""]","[""licenseglobal_client_list""]"
840,Medialink,Tears of Themis,agent_supplied_client_listing,0.84,1,,"[""https://www.licenseglobal.com/licensing-resources/top-global-licensing-agents-client-list""]","[""licenseglobal_client_list""]"
823,Medialink,The Little Prince and Friends,agent_supplied_client_listing,0.84,1,,"[""https://www.licenseglobal.com/licensing-resources/top-global-licensing-agents-client-list""]","[""licenseglobal_client_list""]"
867,Medialink,UMAMUSUME Pretty Derby,agent_supplied_client_listing,0.84,1,,"[""https://www.licenseglobal.com/licensing-resources/top-global-licensing-agents-client-list""]","[""licenseglobal_client_list""]"
824,Medialink,Usagyuuun,agent_supplied_client_listing,0.84,1,,"[""https://www.licenseglobal.com/licensing-resources/top-global-licensing-agents-client-list""]","[""licenseglobal_client_list""]"
863,Medialink,Yu Yu Hakusho,agent_supplied_client_listing,0.84,1,,"[""https://www.licenseglobal.com/licensing-resources/top-global-licensing-agents-client-list""]","[""licenseglobal_client_list""]"
855,Medialink,Yu-Gi-Oh!,agent_supplied_client_listing,0.84,1,,"[""https://www.licenseglobal.com/licensing-resources/top-global-licensing-agents-client-list""]","[""licenseglobal_client_list""]"
868,Medialink,Yuru Camp,agent_supplied_client_listing,0.84,1,,"[""https://www.licenseglobal.com/licensing-resources/top-global-licensing-agents-client-list""]","[""licenseglobal_client_list""]"
841,Medialink,Zenless Zone Zero,agent_supplied_client_listing,0.84,1,,"[""https://www.licenseglobal.com/licensing-resources/top-global-licensing-agents-client-list""]","[""licenseglobal_client_list""]"
814,Medialink,emoji,agent_supplied_client_listing,0.84,1,,"[""https://www.licenseglobal.com/licensing-resources/top-global-licensing-agents-client-list""]","[""licenseglobal_client_list""]"
857,Medialink,hololive,agent_supplied_client_listing,0.84,1,,"[""https://www.licenseglobal.com/licensing-resources/top-global-licensing-agents-client-list""]","[""licenseglobal_client_list""]"
864,Medialink,“Evangelion,agent_supplied_client_listing,0.84,1,,"[""https://www.licenseglobal.com/licensing-resources/top-global-licensing-agents-client-list""]","[""licenseglobal_client_list""]"
842,Medialink,“Jujutsu Kaisen,agent_supplied_client_listing,0.84,1,,"[""https://www.licenseglobal.com/licensing-resources/top-global-licensing-agents-client-list""]","[""licenseglobal_client_list""]"
821,Medialink,“THE CUPHEAD SHOW,agent_supplied_client_listing,0.84,1,,"[""https://www.licenseglobal.com/licensing-resources/top-global-licensing-agents-client-list""]","[""licenseglobal_client_list""]"
843,Medialink,” Blue Lock,agent_supplied_client_listing,0.84,1,,"[""https://www.licenseglobal.com/licensing-resources/top-global-licensing-agents-client-list""]","[""licenseglobal_client_list""]"
839,Medialink,” Honkai Star Rail,agent_supplied_client_listing,0.84,1,,"[""https://www.licenseglobal.com/licensing-resources/top-global-licensing-agents-client-list""]","[""licenseglobal_client_list""]"
865,Medialink,” MASHLE MAGIC AND MUSCLES,agent_supplied_client_listing,0.84,1,,"[""https://www.licenseglobal.com/licensing-resources/top-global-licensing-agents-client-list""]","[""licenseglobal_client_list""]"
822,Medialink,” Pinkfong World & Pinkfong Baby Shark,agent_supplied_client_listing,0.84,1,,"[""https://www.licenseglobal.com/licensing-resources/top-global-licensing-agents-client-list""]","[""licenseglobal_client_list""]"
1858,Mediatoon Licensing,All our brands,first_party_portfolio_presence,0.74,1,,"[""https://mediatoon-licensing.com/en/""]","[""portfolio_card""]"
1860,Mediatoon Licensing,Assassination Classroom,first_party_portfolio_presence,0.82,1,https://mediatoon-licensing.com/en/licence/assassination-classroom/,"[""https://mediatoon-licensing.com/en/""]","[""semantic_anchor""]"
1861,Mediatoon Licensing,Blake Et Mortimer,first_party_portfolio_presence,0.82,1,https://mediatoon-licensing.com/en/licence/blake-et-mortimer/,"[""https://mediatoon-licensing.com/en/""]","[""semantic_anchor""]"
1862,Mediatoon Licensing,Dad,first_party_portfolio_presence,0.82,1,https://mediatoon-licensing.com/en/licence/dad/,"[""https://mediatoon-licensing.com/en/""]","[""semantic_anchor""]"
1865,Mediatoon Licensing,Hunter X Hunter,first_party_portfolio_presence,0.82,1,https://mediatoon-licensing.com/en/licence/hunter-x-hunter/,"[""https://mediatoon-licensing.com/en/""]","[""semantic_anchor""]"
1866,Mediatoon Licensing,Lucky Luke,first_party_portfolio_presence,0.82,1,https://mediatoon-licensing.com/en/licence/lucky-luke/,"[""https://mediatoon-licensing.com/en/""]","[""semantic_anchor""]"
1863,Mediatoon Licensing,Marsupilami,first_party_portfolio_presence,0.82,1,https://mediatoon-licensing.com/en/licence/marsupilami/,"[""https://mediatoon-licensing.com/en/""]","[""semantic_anchor""]"
1864,Mediatoon Licensing,Naruto,first_party_portfolio_presence,0.82,1,https://mediatoon-licensing.com/en/licence/naruto/,"[""https://mediatoon-licensing.com/en/""]","[""semantic_anchor""]"
1867,Mediatoon Licensing,Naruto Shippuden,first_party_portfolio_presence,0.82,1,https://mediatoon-licensing.com/en/licence/naruto-shippuden/,"[""https://mediatoon-licensing.com/en/""]","[""semantic_anchor""]"
1868,Mediatoon Licensing,Switch to English,first_party_portfolio_presence,0.74,1,,"[""https://mediatoon-licensing.com/en/brands/""]","[""portfolio_card""]"
1859,Mediatoon Licensing,Yakari,first_party_portfolio_presence,0.82,1,https://mediatoon-licensing.com/en/licence/yakari/,"[""https://mediatoon-licensing.com/en/""]","[""semantic_anchor""]"
871,Merchantwise,Aardman,agent_supplied_client_listing,0.84,1,,"[""https://www.licenseglobal.com/licensing-resources/top-global-licensing-agents-client-list""]","[""licenseglobal_client_list""]"
872,Merchantwise,Activision Blizzard,agent_supplied_client_listing,0.84,1,,"[""https://www.licenseglobal.com/licensing-resources/top-global-licensing-agents-client-list""]","[""licenseglobal_client_list""]"
873,Merchantwise,Apple Corp,agent_supplied_client_listing,0.84,1,,"[""https://www.licenseglobal.com/licensing-resources/top-global-licensing-agents-client-list""]","[""licenseglobal_client_list""]"
894,Merchantwise,Asahi,agent_supplied_client_listing,0.84,1,,"[""https://www.licenseglobal.com/licensing-resources/top-global-licensing-agents-client-list""]","[""licenseglobal_client_list""]"
874,Merchantwise,Australian Olympic Committee,agent_supplied_client_listing,0.84,1,,"[""https://www.licenseglobal.com/licensing-resources/top-global-licensing-agents-client-list""]","[""licenseglobal_client_list""]"
875,Merchantwise,Bandai Namco,agent_supplied_client_listing,0.84,1,,"[""https://www.licenseglobal.com/licensing-resources/top-global-licensing-agents-client-list""]","[""licenseglobal_client_list""]"
876,Merchantwise,Bethesda,agent_supplied_client_listing,0.84,1,,"[""https://www.licenseglobal.com/licensing-resources/top-global-licensing-agents-client-list""]","[""licenseglobal_client_list""]"
877,Merchantwise,Ceremony of Roses (Sony Music),agent_supplied_client_listing,0.84,1,,"[""https://www.licenseglobal.com/licensing-resources/top-global-licensing-agents-client-list""]","[""licenseglobal_client_list""]"
70,Merchantwise,Cinnabon,agent_supplied_client_listing,0.84,1,,"[""https://www.licenseglobal.com/licensing-resources/top-global-licensing-agents-client-list""]","[""licenseglobal_client_list""]"
895,Merchantwise,Cola-Cola Company,agent_supplied_client_listing,0.84,1,,"[""https://www.licenseglobal.com/licensing-resources/top-global-licensing-agents-client-list""]","[""licenseglobal_client_list""]"
896,Merchantwise,Diageo,agent_supplied_client_listing,0.84,1,,"[""https://www.licenseglobal.com/licensing-resources/top-global-licensing-agents-client-list""]","[""licenseglobal_client_list""]"
878,Merchantwise,Easy Partners,agent_supplied_client_listing,0.84,1,,"[""https://www.licenseglobal.com/licensing-resources/top-global-licensing-agents-client-list""]","[""licenseglobal_client_list""]"
879,Merchantwise,Flying Bark/Studio 100,agent_supplied_client_listing,0.84,1,,"[""https://www.licenseglobal.com/licensing-resources/top-global-licensing-agents-client-list""]","[""licenseglobal_client_list""]"
880,Merchantwise,Future Shirts,agent_supplied_client_listing,0.84,1,,"[""https://www.licenseglobal.com/licensing-resources/top-global-licensing-agents-client-list""]","[""licenseglobal_client_list""]"
881,Merchantwise,Graeme Base,agent_supplied_client_listing,0.84,1,,"[""https://www.licenseglobal.com/licensing-resources/top-global-licensing-agents-client-list""]","[""licenseglobal_client_list""]"
663,Merchantwise,Hasbro,agent_supplied_client_listing,0.84,1,,"[""https://www.licenseglobal.com/licensing-resources/top-global-licensing-agents-client-list""]","[""licenseglobal_client_list""]"
898,Merchantwise,KIKKOMAN,agent_supplied_client_listing,0.84,1,https://www.glg-brands.com/brand-licensing7/kikkoman,"[""https://www.licenseglobal.com/licensing-resources/top-global-licensing-agents-client-list""]","[""licenseglobal_client_list""]"
882,Merchantwise,Legendary Entertainment,agent_supplied_client_listing,0.84,1,,"[""https://www.licenseglobal.com/licensing-resources/top-global-licensing-agents-client-list""]","[""licenseglobal_client_list""]"
884,Merchantwise,Magic Light Pictures,agent_supplied_client_listing,0.84,1,,"[""https://www.licenseglobal.com/licensing-resources/top-global-licensing-agents-client-list""]","[""licenseglobal_client_list""]"
885,Merchantwise,Manhead Merch,agent_supplied_client_listing,0.84,1,,"[""https://www.licenseglobal.com/licensing-resources/top-global-licensing-agents-client-list""]","[""licenseglobal_client_list""]"
897,Merchantwise,Mars,agent_supplied_client_listing,0.84,1,,"[""https://www.licenseglobal.com/licensing-resources/top-global-licensing-agents-client-list""]","[""licenseglobal_client_list""]"
532,Merchantwise,McCormick,agent_supplied_client_listing,0.84,1,,"[""https://www.licenseglobal.com/licensing-resources/top-global-licensing-agents-client-list""]","[""licenseglobal_client_list""]"
902,Merchantwise,Menz,agent_supplied_client_listing,0.84,1,,"[""https://www.licenseglobal.com/licensing-resources/top-global-licensing-agents-client-list""]","[""licenseglobal_client_list""]"
886,Merchantwise,Microsoft,agent_supplied_client_listing,0.84,1,,"[""https://www.licenseglobal.com/licensing-resources/top-global-licensing-agents-client-list""]","[""licenseglobal_client_list""]"
906,Merchantwise,Moulin Rouge,agent_supplied_client_listing,0.84,1,,"[""https://www.licenseglobal.com/licensing-resources/top-global-licensing-agents-client-list""]","[""licenseglobal_client_list""]"
291,Merchantwise,Netflix,agent_supplied_client_listing,0.84,1,,"[""https://www.licenseglobal.com/licensing-resources/top-global-licensing-agents-client-list""]","[""licenseglobal_client_list""]"
903,Merchantwise,Perfetti Van Melle,agent_supplied_client_listing,0.84,1,,"[""https://www.licenseglobal.com/licensing-resources/top-global-licensing-agents-client-list""]","[""licenseglobal_client_list""]"
809,Merchantwise,Perryscope,agent_supplied_client_listing,0.84,1,,"[""https://www.licenseglobal.com/licensing-resources/top-global-licensing-agents-client-list""]","[""licenseglobal_client_list""]"
907,Merchantwise,Rip Curl International and Cath Kidston,agent_supplied_client_listing,0.84,1,,"[""https://www.licenseglobal.com/licensing-resources/top-global-licensing-agents-client-list""]","[""licenseglobal_client_list""]"
43,Merchantwise,SEGA,agent_supplied_client_listing,0.84,1,,"[""https://www.licenseglobal.com/licensing-resources/top-global-licensing-agents-client-list""]","[""licenseglobal_client_list""]"
887,Merchantwise,Sony Film,agent_supplied_client_listing,0.84,1,,"[""https://www.licenseglobal.com/licensing-resources/top-global-licensing-agents-client-list""]","[""licenseglobal_client_list""]"
888,Merchantwise,Sony TV,agent_supplied_client_listing,0.84,1,,"[""https://www.licenseglobal.com/licensing-resources/top-global-licensing-agents-client-list""]","[""licenseglobal_client_list""]"
901,Merchantwise,The Cheesecake Shop,agent_supplied_client_listing,0.84,1,,"[""https://www.licenseglobal.com/licensing-resources/top-global-licensing-agents-client-list""]","[""licenseglobal_client_list""]"
889,Merchantwise,The Lumistella Company,agent_supplied_client_listing,0.84,1,,"[""https://www.licenseglobal.com/licensing-resources/top-global-licensing-agents-client-list""]","[""licenseglobal_client_list""]"
905,Merchantwise,The Magnum Ice Cream Company,agent_supplied_client_listing,0.84,1,,"[""https://www.licenseglobal.com/licensing-resources/top-global-licensing-agents-client-list""]","[""licenseglobal_client_list""]"
890,Merchantwise,The Northcott Society/Cerebral Palsy Alliance,agent_supplied_client_listing,0.84,1,,"[""https://www.licenseglobal.com/licensing-resources/top-global-licensing-agents-client-list""]","[""licenseglobal_client_list""]"
891,Merchantwise,Toho,agent_supplied_client_listing,0.84,1,,"[""https://www.licenseglobal.com/licensing-resources/top-global-licensing-agents-client-list""]","[""licenseglobal_client_list""]"
893,Merchantwise,WMX,agent_supplied_client_listing,0.84,1,,"[""https://www.licenseglobal.com/licensing-resources/top-global-licensing-agents-client-list""]","[""licenseglobal_client_list""]"
892,Merchantwise,WildBrain,agent_supplied_client_listing,0.84,1,,"[""https://www.licenseglobal.com/licensing-resources/top-global-licensing-agents-client-list""]","[""licenseglobal_client_list""]"
815,Merchantwise,emoji,agent_supplied_client_listing,0.84,1,,"[""https://www.licenseglobal.com/licensing-resources/top-global-licensing-agents-client-list""]","[""licenseglobal_client_list""]"
1836,Merchantwise,kids,first_party_portfolio_presence,0.74,1,,"[""https://merchantwise.com/""]","[""portfolio_card""]"
1837,Merchantwise,kids entertainment,first_party_portfolio_presence,0.74,1,,"[""https://merchantwise.com/""]","[""portfolio_card""]"
971,Mix Licensing Group,Fabletics,agent_supplied_client_listing,0.84,1,,"[""https://www.licenseglobal.com/licensing-resources/top-global-licensing-agents-client-list""]","[""licenseglobal_client_list""]"
972,Mix Licensing Group,Jay Franco,agent_supplied_client_listing,0.84,1,,"[""https://www.licenseglobal.com/licensing-resources/top-global-licensing-agents-client-list""]","[""licenseglobal_client_list""]"
973,Mix Licensing Group,Jerry Leigh,agent_supplied_client_listing,0.84,1,,"[""https://www.licenseglobal.com/licensing-resources/top-global-licensing-agents-client-list""]","[""licenseglobal_client_list""]"
974,Mix Licensing Group,Nugget and Crafthub,agent_supplied_client_listing,0.84,1,,"[""https://www.licenseglobal.com/licensing-resources/top-global-licensing-agents-client-list""]","[""licenseglobal_client_list""]"
1485,Mix Licensing Group,Skip to Content,first_party_portfolio_presence,0.63,2,,"[""https://www.mixlicensing.com/"", ""https://www.mixlicensing.com/our-clients""]","[""semantic_anchor""]"
23,Mix Licensing Group,Work with us,first_party_portfolio_presence,0.63,1,,"[""https://www.mixlicensing.com/""]","[""semantic_anchor""]"
1835,Movantia,BRAND & LICENZIATARI,first_party_portfolio_presence,0.74,1,,"[""https://www.movantia.com/eng/meeting/""]","[""portfolio_card""]"
1822,Movantia,Brand Licensing,first_party_portfolio_presence,0.74,2,,"[""https://www.movantia.com/eng/brand-licensing-agency/"", ""https://www.movantia.com/eng/meeting/""]","[""portfolio_card""]"
1834,Movantia,Brand Owners & Licensees,first_party_portfolio_presence,0.74,1,,"[""https://www.movantia.com/eng/brand-licensing-agency/""]","[""portfolio_card""]"
1605,Movantia,Conte of Florence,first_party_portfolio_presence,0.78,1,https://www.glg-brands.com/brand-licensing1/conte-of-florence,"[""https://www.movantia.com/eng/brand-licensing-agency/""]","[""portfolio_image_alt""]"
683,Movantia,Ducati,first_party_portfolio_presence,0.78,1,https://imglicensing.com/brands/ducati/,"[""https://www.movantia.com/eng/brand-licensing-agency/""]","[""portfolio_image_alt""]"
699,Movantia,MV Agusta,first_party_portfolio_presence,0.78,1,https://imglicensing.com/brands/mv-agusta/,"[""https://www.movantia.com/eng/brand-licensing-agency/""]","[""portfolio_image_alt""]"
984,Moxie and Company,Cubeely Paris and A Smyth,agent_supplied_client_listing,0.84,1,,"[""https://www.licenseglobal.com/licensing-resources/top-global-licensing-agents-client-list""]","[""licenseglobal_client_list""]"
976,Moxie and Company,Hamilton Beach Brands,agent_supplied_client_listing,0.84,1,,"[""https://www.licenseglobal.com/licensing-resources/top-global-licensing-agents-client-list""]","[""licenseglobal_client_list""]"
978,Moxie and Company,Iconoclast,agent_supplied_client_listing,0.84,1,,"[""https://www.licenseglobal.com/licensing-resources/top-global-licensing-agents-client-list""]","[""licenseglobal_client_list""]"
979,Moxie and Company,Lauren Roberts Powerless,agent_supplied_client_listing,0.84,1,,"[""https://www.licenseglobal.com/licensing-resources/top-global-licensing-agents-client-list""]","[""licenseglobal_client_list""]"
980,Moxie and Company,Navessa Allen - Into Darkness,agent_supplied_client_listing,0.84,1,,"[""https://www.licenseglobal.com/licensing-resources/top-global-licensing-agents-client-list""]","[""licenseglobal_client_list""]"
975,Moxie and Company,Simon & Schuster,agent_supplied_client_listing,0.84,1,,"[""https://www.licenseglobal.com/licensing-resources/top-global-licensing-agents-client-list""]","[""licenseglobal_client_list""]"
981,Moxie and Company,Soccerpets,agent_supplied_client_listing,0.84,1,,"[""https://www.licenseglobal.com/licensing-resources/top-global-licensing-agents-client-list""]","[""licenseglobal_client_list""]"
983,Moxie and Company,Thomas Paul,agent_supplied_client_listing,0.84,1,,"[""https://www.licenseglobal.com/licensing-resources/top-global-licensing-agents-client-list""]","[""licenseglobal_client_list""]"
977,Moxie and Company,WGBH,agent_supplied_client_listing,0.84,1,,"[""https://www.licenseglobal.com/licensing-resources/top-global-licensing-agents-client-list""]","[""licenseglobal_client_list""]"
982,Moxie and Company,Yvonne Ellen,agent_supplied_client_listing,0.84,1,,"[""https://www.licenseglobal.com/licensing-resources/top-global-licensing-agents-client-list""]","[""licenseglobal_client_list""]"
989,Peaks Partners,Armani,agent_supplied_client_listing,0.84,1,,"[""https://www.licenseglobal.com/licensing-resources/top-global-licensing-agents-client-list""]","[""licenseglobal_client_list""]"
1025,Peaks Partners,Aspinal London,agent_supplied_client_listing,0.84,1,,"[""https://www.licenseglobal.com/licensing-resources/top-global-licensing-agents-client-list""]","[""licenseglobal_client_list""]"
1019,Peaks Partners,Autry,agent_supplied_client_listing,0.84,1,,"[""https://www.licenseglobal.com/licensing-resources/top-global-licensing-agents-client-list""]","[""licenseglobal_client_list""]"
1006,Peaks Partners,Ben Sherman,agent_supplied_client_listing,0.84,1,,"[""https://www.licenseglobal.com/licensing-resources/top-global-licensing-agents-client-list""]","[""licenseglobal_client_list""]"
985,Peaks Partners,Boggi,agent_supplied_client_listing,0.84,1,,"[""https://www.licenseglobal.com/licensing-resources/top-global-licensing-agents-client-list""]","[""licenseglobal_client_list""]"
988,Peaks Partners,Caovilla,agent_supplied_client_listing,0.84,1,,"[""https://www.licenseglobal.com/licensing-resources/top-global-licensing-agents-client-list""]","[""licenseglobal_client_list""]"
993,Peaks Partners,Cardio Bunny,agent_supplied_client_listing,0.84,1,,"[""https://www.licenseglobal.com/licensing-resources/top-global-licensing-agents-client-list""]","[""licenseglobal_client_list""]"
1024,Peaks Partners,Charles Tyrwhitt,agent_supplied_client_listing,0.84,1,,"[""https://www.licenseglobal.com/licensing-resources/top-global-licensing-agents-client-list""]","[""licenseglobal_client_list""]"
1022,Peaks Partners,Etro,agent_supplied_client_listing,0.84,1,,"[""https://www.licenseglobal.com/licensing-resources/top-global-licensing-agents-client-list""]","[""licenseglobal_client_list""]"
1011,Peaks Partners,Fiorucci,agent_supplied_client_listing,0.84,1,https://www.glg-brands.com/brand-licensing3/fiorucci,"[""https://www.licenseglobal.com/licensing-resources/top-global-licensing-agents-client-list""]","[""licenseglobal_client_list""]"
1021,Peaks Partners,Freddy,agent_supplied_client_listing,0.84,1,,"[""https://www.licenseglobal.com/licensing-resources/top-global-licensing-agents-client-list""]","[""licenseglobal_client_list""]"
1004,Peaks Partners,French Connection,agent_supplied_client_listing,0.84,1,,"[""https://www.licenseglobal.com/licensing-resources/top-global-licensing-agents-client-list""]","[""licenseglobal_client_list""]"
1002,Peaks Partners,G-STAR RAW,agent_supplied_client_listing,0.84,1,https://www.glg-brands.com/brand-licensing3/g-star-raw,"[""https://www.licenseglobal.com/licensing-resources/top-global-licensing-agents-client-list""]","[""licenseglobal_client_list""]"
1017,Peaks Partners,Giuseppe Zanotti,agent_supplied_client_listing,0.84,1,,"[""https://www.licenseglobal.com/licensing-resources/top-global-licensing-agents-client-list""]","[""licenseglobal_client_list""]"
1013,Peaks Partners,Gola,agent_supplied_client_listing,0.84,1,https://imglicensing.com/brands/gola/,"[""https://www.licenseglobal.com/licensing-resources/top-global-licensing-agents-client-list""]","[""licenseglobal_client_list""]"
1026,Peaks Partners,Harmont & Blaine,agent_supplied_client_listing,0.84,1,,"[""https://www.licenseglobal.com/licensing-resources/top-global-licensing-agents-client-list""]","[""licenseglobal_client_list""]"
1018,Peaks Partners,IRO Paris,agent_supplied_client_listing,0.84,1,,"[""https://www.licenseglobal.com/licensing-resources/top-global-licensing-agents-client-list""]","[""licenseglobal_client_list""]"
1027,Peaks Partners,ISABEL MARANT,agent_supplied_client_listing,0.84,1,,"[""https://www.licenseglobal.com/licensing-resources/top-global-licensing-agents-client-list""]","[""licenseglobal_client_list""]"
1016,Peaks Partners,ISAIA,agent_supplied_client_listing,0.84,1,,"[""https://www.licenseglobal.com/licensing-resources/top-global-licensing-agents-client-list""]","[""licenseglobal_client_list""]"
1028,Peaks Partners,Just Cavalli,agent_supplied_client_listing,0.84,1,,"[""https://www.licenseglobal.com/licensing-resources/top-global-licensing-agents-client-list""]","[""licenseglobal_client_list""]"
990,Peaks Partners,Kiton,agent_supplied_client_listing,0.84,1,,"[""https://www.licenseglobal.com/licensing-resources/top-global-licensing-agents-client-list""]","[""licenseglobal_client_list""]"
991,Peaks Partners,Lancel,agent_supplied_client_listing,0.84,1,,"[""https://www.licenseglobal.com/licensing-resources/top-global-licensing-agents-client-list""]","[""licenseglobal_client_list""]"
986,Peaks Partners,Lyle & Scott,agent_supplied_client_listing,0.84,1,,"[""https://www.licenseglobal.com/licensing-resources/top-global-licensing-agents-client-list""]","[""licenseglobal_client_list""]"
1029,Peaks Partners,Marni and Santoni,agent_supplied_client_listing,0.84,1,,"[""https://www.licenseglobal.com/licensing-resources/top-global-licensing-agents-client-list""]","[""licenseglobal_client_list""]"
1023,Peaks Partners,Michael Kors,agent_supplied_client_listing,0.84,1,,"[""https://www.licenseglobal.com/licensing-resources/top-global-licensing-agents-client-list""]","[""licenseglobal_client_list""]"
1020,Peaks Partners,Moschino,agent_supplied_client_listing,0.84,1,,"[""https://www.licenseglobal.com/licensing-resources/top-global-licensing-agents-client-list""]","[""licenseglobal_client_list""]"
992,Peaks Partners,Mulberry,agent_supplied_client_listing,0.84,1,,"[""https://www.licenseglobal.com/licensing-resources/top-global-licensing-agents-client-list""]","[""licenseglobal_client_list""]"
1000,Peaks Partners,Off,agent_supplied_client_listing,0.84,1,,"[""https://www.licenseglobal.com/licensing-resources/top-global-licensing-agents-client-list""]","[""licenseglobal_client_list""]"
997,Peaks Partners,Palm Angels,agent_supplied_client_listing,0.84,1,,"[""https://www.licenseglobal.com/licensing-resources/top-global-licensing-agents-client-list""]","[""licenseglobal_client_list""]"
987,Peaks Partners,Pinko,agent_supplied_client_listing,0.84,1,,"[""https://www.licenseglobal.com/licensing-resources/top-global-licensing-agents-client-list""]","[""licenseglobal_client_list""]"
1005,Peaks Partners,Sister Jane,agent_supplied_client_listing,0.84,1,,"[""https://www.licenseglobal.com/licensing-resources/top-global-licensing-agents-client-list""]","[""licenseglobal_client_list""]"
998,Peaks Partners,Sporty & Rich,agent_supplied_client_listing,0.84,1,,"[""https://www.licenseglobal.com/licensing-resources/top-global-licensing-agents-client-list""]","[""licenseglobal_client_list""]"
1001,Peaks Partners,Stefanel,agent_supplied_client_listing,0.84,1,,"[""https://www.licenseglobal.com/licensing-resources/top-global-licensing-agents-client-list""]","[""licenseglobal_client_list""]"
1010,Peaks Partners,Tally Weijl,agent_supplied_client_listing,0.84,1,,"[""https://www.licenseglobal.com/licensing-resources/top-global-licensing-agents-client-list""]","[""licenseglobal_client_list""]"
996,Peaks Partners,Thomas Pink,agent_supplied_client_listing,0.84,1,,"[""https://www.licenseglobal.com/licensing-resources/top-global-licensing-agents-client-list""]","[""licenseglobal_client_list""]"
1008,Peaks Partners,True Religion,agent_supplied_client_listing,0.84,1,,"[""https://www.licenseglobal.com/licensing-resources/top-global-licensing-agents-client-list""]","[""licenseglobal_client_list""]"
1015,Peaks Partners,Vivienne Westwood,agent_supplied_client_listing,0.84,1,,"[""https://www.licenseglobal.com/licensing-resources/top-global-licensing-agents-client-list""]","[""licenseglobal_client_list""]"
995,Peaks Partners,Von Dutch,agent_supplied_client_listing,0.84,1,,"[""https://www.licenseglobal.com/licensing-resources/top-global-licensing-agents-client-list""]","[""licenseglobal_client_list""]"
999,Peaks Partners,White Stuff,agent_supplied_client_listing,0.84,1,,"[""https://www.licenseglobal.com/licensing-resources/top-global-licensing-agents-client-list""]","[""licenseglobal_client_list""]"
1039,Pure Brands,ALFRED SUNG and ZEISS,agent_supplied_client_listing,0.84,1,,"[""https://www.licenseglobal.com/licensing-resources/top-global-licensing-agents-client-list""]","[""licenseglobal_client_list""]"
426,Pure Brands,Automobili Lamborghini,agent_supplied_client_listing,0.84,1,,"[""https://www.licenseglobal.com/licensing-resources/top-global-licensing-agents-client-list""]","[""licenseglobal_client_list""]"
1034,Pure Brands,DEUTZ-FAHR,agent_supplied_client_listing,0.84,1,,"[""https://www.licenseglobal.com/licensing-resources/top-global-licensing-agents-client-list""]","[""licenseglobal_client_list""]"
1037,Pure Brands,ESCADA,agent_supplied_client_listing,0.84,1,,"[""https://www.licenseglobal.com/licensing-resources/top-global-licensing-agents-client-list""]","[""licenseglobal_client_list""]"
1032,Pure Brands,KETTLER,agent_supplied_client_listing,0.84,1,,"[""https://www.licenseglobal.com/licensing-resources/top-global-licensing-agents-client-list""]","[""licenseglobal_client_list""]"
1035,Pure Brands,LIEBHERR,agent_supplied_client_listing,0.84,1,,"[""https://www.licenseglobal.com/licensing-resources/top-global-licensing-agents-client-list""]","[""licenseglobal_client_list""]"
1030,Pure Brands,Mercedes-Benz,agent_supplied_client_listing,0.84,1,,"[""https://www.licenseglobal.com/licensing-resources/top-global-licensing-agents-client-list""]","[""licenseglobal_client_list""]"
1033,Pure Brands,Nilu,agent_supplied_client_listing,0.84,1,,"[""https://www.licenseglobal.com/licensing-resources/top-global-licensing-agents-client-list""]","[""licenseglobal_client_list""]"
704,Pure Brands,Pininfarina,agent_supplied_client_listing,0.84,1,https://imglicensing.com/brands/pininfarina/,"[""https://www.licenseglobal.com/licensing-resources/top-global-licensing-agents-client-list""]","[""licenseglobal_client_list""]"
1031,Pure Brands,RUF,agent_supplied_client_listing,0.84,1,,"[""https://www.licenseglobal.com/licensing-resources/top-global-licensing-agents-client-list""]","[""licenseglobal_client_list""]"
1036,Pure Brands,St. Moritz,agent_supplied_client_listing,0.84,1,,"[""https://www.licenseglobal.com/licensing-resources/top-global-licensing-agents-client-list""]","[""licenseglobal_client_list""]"
1038,Pure Brands,Strenesse,agent_supplied_client_listing,0.84,1,,"[""https://www.licenseglobal.com/licensing-resources/top-global-licensing-agents-client-list""]","[""licenseglobal_client_list""]"
811,Redibra,Bravado,agent_supplied_client_listing,0.84,1,,"[""https://www.licenseglobal.com/licensing-resources/top-global-licensing-agents-client-list""]","[""licenseglobal_client_list""]"
252,Redibra,Care Bears,agent_supplied_client_listing,0.84,1,https://imglicensing.com/brands/care-bears/,"[""https://www.licenseglobal.com/licensing-resources/top-global-licensing-agents-client-list""]","[""licenseglobal_client_list""]"
271,Redibra,Coca-Cola,agent_supplied_client_listing,0.84,1,,"[""https://www.licenseglobal.com/licensing-resources/top-global-licensing-agents-client-list""]","[""licenseglobal_client_list""]"
1041,Redibra,General Motors,agent_supplied_client_listing,0.84,1,,"[""https://www.licenseglobal.com/licensing-resources/top-global-licensing-agents-client-list""]","[""licenseglobal_client_list""]"
601,Redibra,Moonbug,agent_supplied_client_listing,0.84,1,,"[""https://www.licenseglobal.com/licensing-resources/top-global-licensing-agents-client-list""]","[""licenseglobal_client_list""]"
292,Redibra,Netflix,agent_supplied_client_listing,0.84,1,,"[""https://www.licenseglobal.com/licensing-resources/top-global-licensing-agents-client-list""]","[""licenseglobal_client_list""]"
1040,Redibra,Nintendo,agent_supplied_client_listing,0.84,1,,"[""https://www.licenseglobal.com/licensing-resources/top-global-licensing-agents-client-list""]","[""licenseglobal_client_list""]"
1042,Redibra,Paul Frank and Galinha Pintadinha,agent_supplied_client_listing,0.84,1,,"[""https://www.licenseglobal.com/licensing-resources/top-global-licensing-agents-client-list""]","[""licenseglobal_client_list""]"
351,Redibra,Spin Master,agent_supplied_client_listing,0.84,1,,"[""https://www.licenseglobal.com/licensing-resources/top-global-licensing-agents-client-list""]","[""licenseglobal_client_list""]"
1043,Retail Monster,Dr Seuss (Retail),agent_supplied_client_listing,0.84,1,,"[""https://www.licenseglobal.com/licensing-resources/top-global-licensing-agents-client-list""]","[""licenseglobal_client_list""]"
1050,Retail Monster,Electronic Arts,agent_supplied_client_listing,0.84,1,,"[""https://www.licenseglobal.com/licensing-resources/top-global-licensing-agents-client-list""]","[""licenseglobal_client_list""]"
1051,Retail Monster,Fall Guys (Devolver Digital),agent_supplied_client_listing,0.84,1,,"[""https://www.licenseglobal.com/licensing-resources/top-global-licensing-agents-client-list""]","[""licenseglobal_client_list""]"
1053,Retail Monster,Foundation Media Partners,agent_supplied_client_listing,0.84,1,,"[""https://www.licenseglobal.com/licensing-resources/top-global-licensing-agents-client-list""]","[""licenseglobal_client_list""]"
1052,Retail Monster,Fuggler (Libertas Brands),agent_supplied_client_listing,0.84,1,,"[""https://www.licenseglobal.com/licensing-resources/top-global-licensing-agents-client-list""]","[""licenseglobal_client_list""]"
1054,Retail Monster,Happy Nest,agent_supplied_client_listing,0.84,1,,"[""https://www.licenseglobal.com/licensing-resources/top-global-licensing-agents-client-list""]","[""licenseglobal_client_list""]"
1055,Retail Monster,Hari Studios,agent_supplied_client_listing,0.84,1,,"[""https://www.licenseglobal.com/licensing-resources/top-global-licensing-agents-client-list""]","[""licenseglobal_client_list""]"
1044,Retail Monster,Hasbro (Retail),agent_supplied_client_listing,0.84,1,,"[""https://www.licenseglobal.com/licensing-resources/top-global-licensing-agents-client-list""]","[""licenseglobal_client_list""]"
1056,Retail Monster,Hidden Pigeon Company,agent_supplied_client_listing,0.84,1,,"[""https://www.licenseglobal.com/licensing-resources/top-global-licensing-agents-client-list""]","[""licenseglobal_client_list""]"
1045,Retail Monster,Minecraft (Retail),agent_supplied_client_listing,0.84,1,,"[""https://www.licenseglobal.com/licensing-resources/top-global-licensing-agents-client-list""]","[""licenseglobal_client_list""]"
1046,Retail Monster,Moonbug (Retail),agent_supplied_client_listing,0.84,1,,"[""https://www.licenseglobal.com/licensing-resources/top-global-licensing-agents-client-list""]","[""licenseglobal_client_list""]"
1047,Retail Monster,Netflix (Retail),agent_supplied_client_listing,0.84,1,,"[""https://www.licenseglobal.com/licensing-resources/top-global-licensing-agents-client-list""]","[""licenseglobal_client_list""]"
1057,Retail Monster,Paddington (Studio Canal Kids & Family),agent_supplied_client_listing,0.84,1,,"[""https://www.licenseglobal.com/licensing-resources/top-global-licensing-agents-client-list""]","[""licenseglobal_client_list""]"
1048,Retail Monster,Sega (Retail - U.K.),agent_supplied_client_listing,0.84,1,,"[""https://www.licenseglobal.com/licensing-resources/top-global-licensing-agents-client-list""]","[""licenseglobal_client_list""]"
1058,Retail Monster,Slumberkins,agent_supplied_client_listing,0.84,1,,"[""https://www.licenseglobal.com/licensing-resources/top-global-licensing-agents-client-list""]","[""licenseglobal_client_list""]"
1063,Retail Monster,SnapBrands and TY,agent_supplied_client_listing,0.84,1,,"[""https://www.licenseglobal.com/licensing-resources/top-global-licensing-agents-client-list""]","[""licenseglobal_client_list""]"
1049,Retail Monster,Sony (Retail),agent_supplied_client_listing,0.84,1,,"[""https://www.licenseglobal.com/licensing-resources/top-global-licensing-agents-client-list""]","[""licenseglobal_client_list""]"
1062,Retail Monster,Surprise Drinks,agent_supplied_client_listing,0.84,1,,"[""https://www.licenseglobal.com/licensing-resources/top-global-licensing-agents-client-list""]","[""licenseglobal_client_list""]"
1059,Retail Monster,Voltron,agent_supplied_client_listing,0.84,1,,"[""https://www.licenseglobal.com/licensing-resources/top-global-licensing-agents-client-list""]","[""licenseglobal_client_list""]"
1060,Retail Monster,Warrior Cats (Coolabi),agent_supplied_client_listing,0.84,1,,"[""https://www.licenseglobal.com/licensing-resources/top-global-licensing-agents-client-list""]","[""licenseglobal_client_list""]"
1061,Retail Monster,Youtooz,agent_supplied_client_listing,0.84,1,,"[""https://www.licenseglobal.com/licensing-resources/top-global-licensing-agents-client-list""]","[""licenseglobal_client_list""]"
1506,Rights and Brands,Alfie Atkins,first_party_portfolio_presence,0.91,1,https://rightsandbrands.com/brands/alfie-atkins/,"[""https://rightsandbrands.com/brands/""]","[""portfolio_card""]"
1508,Rights and Brands,Arnie Alligator,first_party_portfolio_presence,0.91,1,https://rightsandbrands.com/brands/arnie-alligator/,"[""https://rightsandbrands.com/brands/""]","[""portfolio_card""]"
1507,Rights and Brands,Astrid Lindgren,first_party_portfolio_presence,0.91,1,https://rightsandbrands.com/brands/astrid-lindgren/,"[""https://rightsandbrands.com/brands/""]","[""portfolio_card""]"
1509,Rights and Brands,Bamse,first_party_portfolio_presence,0.91,1,https://rightsandbrands.com/brands/bamse/,"[""https://rightsandbrands.com/brands/""]","[""portfolio_card""]"
1510,Rights and Brands,Carl Karin Larsson Carl Larsson Garden Sundborn,first_party_portfolio_presence,0.91,2,https://rightsandbrands.com/brands/carl-karin-larsson-carl-larsson-garden-sundborn/,"[""https://rightsandbrands.com/brands/"", ""https://rightsandbrands.com/how-licensing-works/""]","[""portfolio_card""]"
1552,Rights and Brands,Click to see our full portfolio of brands,first_party_portfolio_presence,0.74,1,,"[""https://rightsandbrands.com/how-licensing-works/""]","[""portfolio_card""]"
1511,Rights and Brands,Emil In Lonneberga,first_party_portfolio_presence,0.91,1,https://rightsandbrands.com/brands/emil-in-lonneberga/,"[""https://rightsandbrands.com/brands/""]","[""portfolio_card""]"
1512,Rights and Brands,Flaklypa,first_party_portfolio_presence,0.91,1,https://rightsandbrands.com/brands/flaklypa/,"[""https://rightsandbrands.com/brands/""]","[""portfolio_card""]"
1514,Rights and Brands,Halge,first_party_portfolio_presence,0.91,1,https://rightsandbrands.com/brands/halge/,"[""https://rightsandbrands.com/brands/""]","[""portfolio_card""]"
1513,Rights and Brands,Hans Arnold,first_party_portfolio_presence,0.91,1,https://rightsandbrands.com/brands/hans-arnold/,"[""https://rightsandbrands.com/brands/""]","[""portfolio_card""]"
1515,Rights and Brands,Ilon Wikland,first_party_portfolio_presence,0.91,3,https://rightsandbrands.com/brands/ilon-wikland/,"[""https://rightsandbrands.com/brands/"", ""https://rightsandbrands.com/how-licensing-works/""]","[""portfolio_card""]"
1516,Rights and Brands,Jean Sibelius,first_party_portfolio_presence,0.91,1,https://rightsandbrands.com/brands/jean-sibelius/,"[""https://rightsandbrands.com/brands/""]","[""portfolio_card""]"
1517,Rights and Brands,Karlsson On The Roof,first_party_portfolio_presence,0.91,1,https://rightsandbrands.com/brands/karlsson-on-the-roof/,"[""https://rightsandbrands.com/brands/""]","[""portfolio_card""]"
1067,Rights and Brands,King Features,agent_supplied_client_listing,0.84,1,,"[""https://www.licenseglobal.com/licensing-resources/top-global-licensing-agents-client-list""]","[""licenseglobal_client_list""]"
1518,Rights and Brands,Little Anna,first_party_portfolio_presence,0.91,1,https://rightsandbrands.com/brands/little-anna/,"[""https://rightsandbrands.com/brands/""]","[""portfolio_card""]"
1519,Rights and Brands,Little Ghost Laban,first_party_portfolio_presence,0.91,1,https://rightsandbrands.com/brands/little-ghost-laban/,"[""https://rightsandbrands.com/brands/""]","[""portfolio_card""]"
1520,Rights and Brands,Little Pink And Brokiga,first_party_portfolio_presence,0.91,1,https://rightsandbrands.com/brands/little-pink-and-brokiga/,"[""https://rightsandbrands.com/brands/""]","[""portfolio_card""]"
1521,Rights and Brands,Lollo Bernie,first_party_portfolio_presence,0.91,1,https://rightsandbrands.com/brands/lollo-bernie/,"[""https://rightsandbrands.com/brands/""]","[""portfolio_card""]"
1522,Rights and Brands,Lotta On Troublemaker Street,first_party_portfolio_presence,0.91,1,https://rightsandbrands.com/brands/lotta-on-troublemaker-street/,"[""https://rightsandbrands.com/brands/""]","[""portfolio_card""]"
1523,Rights and Brands,Madicken,first_party_portfolio_presence,0.91,1,https://rightsandbrands.com/brands/madicken/,"[""https://rightsandbrands.com/brands/""]","[""portfolio_card""]"
1524,Rights and Brands,Mamma Moo And Crow,first_party_portfolio_presence,0.91,1,https://rightsandbrands.com/brands/mamma-moo-and-crow/,"[""https://rightsandbrands.com/brands/""]","[""portfolio_card""]"
1525,Rights and Brands,Moomin,first_party_portfolio_presence,0.91,2,https://rightsandbrands.com/brands/moomin/,"[""https://rightsandbrands.com/brands/"", ""https://rightsandbrands.com/how-licensing-works/""]","[""portfolio_card""]"
1064,Rights and Brands,Moomin Characters,agent_supplied_client_listing,0.84,1,,"[""https://www.licenseglobal.com/licensing-resources/top-global-licensing-agents-client-list""]","[""licenseglobal_client_list""]"
1526,Rights and Brands,Pettson Findus,first_party_portfolio_presence,0.91,1,https://rightsandbrands.com/brands/pettson-findus/,"[""https://rightsandbrands.com/brands/""]","[""portfolio_card""]"
1066,Rights and Brands,Peyo,agent_supplied_client_listing,0.84,1,,"[""https://www.licenseglobal.com/licensing-resources/top-global-licensing-agents-client-list""]","[""licenseglobal_client_list""]"
1527,Rights and Brands,Pippi Longstocking,first_party_portfolio_presence,0.91,2,https://rightsandbrands.com/brands/pippi-longstocking/,"[""https://rightsandbrands.com/brands/"", ""https://rightsandbrands.com/how-licensing-works/""]","[""portfolio_card""]"
249,Rights and Brands,Popeye,first_party_portfolio_presence,0.91,1,https://rightsandbrands.com/brands/popeye/,"[""https://rightsandbrands.com/brands/""]","[""portfolio_card""]"
1529,Rights and Brands,Ronja The Robbers Daughter,first_party_portfolio_presence,0.91,1,https://rightsandbrands.com/brands/ronja-the-robbers-daughter/,"[""https://rightsandbrands.com/brands/""]","[""portfolio_card""]"
1528,Rights and Brands,Roobarb And Custard,first_party_portfolio_presence,0.91,1,https://rightsandbrands.com/brands/roobarb-and-custard/,"[""https://rightsandbrands.com/brands/""]","[""portfolio_card""]"
1069,Rights and Brands,Sam Wilde,first_party_portfolio_presence,0.91,4,https://rightsandbrands.com/brands/sam-wilde/,"[""https://rightsandbrands.com/brands/"", ""https://rightsandbrands.com/how-licensing-works/"", ""https://www.licenseglobal.com/licensing-resources/top-global-licensing-agents-client-list""]","[""licenseglobal_client_list"", ""portfolio_card""]"
1530,Rights and Brands,Seacrow Island Saltkrakan,first_party_portfolio_presence,0.91,1,https://rightsandbrands.com/brands/seacrow-island-saltkrakan/,"[""https://rightsandbrands.com/brands/""]","[""portfolio_card""]"
1548,Rights and Brands,Search our complete list of Brands,first_party_portfolio_presence,0.74,1,,"[""https://rightsandbrands.com/brands/""]","[""portfolio_card""]"
1533,Rights and Brands,Star Stable,first_party_portfolio_presence,0.91,1,https://rightsandbrands.com/brands/star-stable/,"[""https://rightsandbrands.com/brands/""]","[""portfolio_card""]"
1071,Rights and Brands,Star Stable and The Carl & Karin Larsson Estate,agent_supplied_client_listing,0.84,1,,"[""https://www.licenseglobal.com/licensing-resources/top-global-licensing-agents-client-list""]","[""licenseglobal_client_list""]"
1531,Rights and Brands,Stig Lindberg,first_party_portfolio_presence,0.91,2,https://rightsandbrands.com/brands/stig-lindberg/,"[""https://rightsandbrands.com/brands/"", ""https://rightsandbrands.com/how-licensing-works/""]","[""portfolio_card""]"
1070,Rights and Brands,Stig Lindberg Design,agent_supplied_client_listing,0.84,1,,"[""https://www.licenseglobal.com/licensing-resources/top-global-licensing-agents-client-list""]","[""licenseglobal_client_list""]"
1532,Rights and Brands,Super Charlie,first_party_portfolio_presence,0.91,1,https://rightsandbrands.com/brands/super-charlie/,"[""https://rightsandbrands.com/brands/""]","[""portfolio_card""]"
1534,Rights and Brands,Teemu Jarvi,first_party_portfolio_presence,0.91,1,https://rightsandbrands.com/brands/teemu-jarvi/,"[""https://rightsandbrands.com/brands/""]","[""portfolio_card""]"
1065,Rights and Brands,The Astrid Lindgren Company,agent_supplied_client_listing,0.84,1,,"[""https://www.licenseglobal.com/licensing-resources/top-global-licensing-agents-client-list""]","[""licenseglobal_client_list""]"
1535,Rights and Brands,The Beatles,first_party_portfolio_presence,0.91,4,https://rightsandbrands.com/brands/the-beatles/,"[""https://rightsandbrands.com/brands/"", ""https://rightsandbrands.com/how-licensing-works/""]","[""portfolio_card"", ""portfolio_image_alt""]"
1536,Rights and Brands,The Beatles Yellow Submarine,first_party_portfolio_presence,0.91,1,https://rightsandbrands.com/brands/the-beatles-yellow-submarine/,"[""https://rightsandbrands.com/brands/""]","[""portfolio_card""]"
1537,Rights and Brands,The Brothers Gruff,first_party_portfolio_presence,0.91,1,https://rightsandbrands.com/brands/the-brothers-gruff/,"[""https://rightsandbrands.com/brands/""]","[""portfolio_card""]"
1538,Rights and Brands,The Brothers Lionheart,first_party_portfolio_presence,0.91,1,https://rightsandbrands.com/brands/the-brothers-lionheart/,"[""https://rightsandbrands.com/brands/""]","[""portfolio_card""]"
1539,Rights and Brands,The Children Of Noisy Village,first_party_portfolio_presence,0.91,1,https://rightsandbrands.com/brands/the-children-of-noisy-village/,"[""https://rightsandbrands.com/brands/""]","[""portfolio_card""]"
1540,Rights and Brands,The Jerrymaya Detective Agency,first_party_portfolio_presence,0.91,1,https://rightsandbrands.com/brands/the-jerrymaya-detective-agency/,"[""https://rightsandbrands.com/brands/""]","[""portfolio_card""]"
1543,Rights and Brands,The Phantom,first_party_portfolio_presence,0.91,1,https://rightsandbrands.com/brands/the-phantom/,"[""https://rightsandbrands.com/brands/""]","[""portfolio_card""]"
1541,Rights and Brands,The Smurfs,first_party_portfolio_presence,0.91,1,https://rightsandbrands.com/brands/the-smurfs/,"[""https://rightsandbrands.com/brands/""]","[""portfolio_card""]"
1544,Rights and Brands,Thumbkin,first_party_portfolio_presence,0.91,1,https://rightsandbrands.com/brands/thumbkin/,"[""https://rightsandbrands.com/brands/""]","[""portfolio_card""]"
1545,Rights and Brands,Tomteboskogen,first_party_portfolio_presence,0.91,1,https://rightsandbrands.com/brands/tomteboskogen/,"[""https://rightsandbrands.com/brands/""]","[""portfolio_card""]"
1547,Rights and Brands,Vera Ville,first_party_portfolio_presence,0.91,1,https://rightsandbrands.com/brands/vera-ville/,"[""https://rightsandbrands.com/brands/""]","[""portfolio_card""]"
1546,Rights and Brands,Who Vem,first_party_portfolio_presence,0.91,1,https://rightsandbrands.com/brands/who-vem/,"[""https://rightsandbrands.com/brands/""]","[""portfolio_card""]"
22,Rights and Brands,Work with us,first_party_portfolio_presence,0.63,2,,"[""https://rightsandbrands.com/brands/"", ""https://rightsandbrands.com/how-licensing-works/""]","[""semantic_anchor""]"
1072,Rocket Licensing,Acamar Films,agent_supplied_client_listing,0.84,1,,"[""https://www.licenseglobal.com/licensing-resources/top-global-licensing-agents-client-list""]","[""licenseglobal_client_list""]"
1073,Rocket Licensing,Amazon MGM Studios,agent_supplied_client_listing,0.84,1,,"[""https://www.licenseglobal.com/licensing-resources/top-global-licensing-agents-client-list""]","[""licenseglobal_client_list""]"
1075,Rocket Licensing,BocPix,agent_supplied_client_listing,0.84,1,,"[""https://www.licenseglobal.com/licensing-resources/top-global-licensing-agents-client-list""]","[""licenseglobal_client_list""]"
1076,Rocket Licensing,Eastman Kodak Co,agent_supplied_client_listing,0.84,1,,"[""https://www.licenseglobal.com/licensing-resources/top-global-licensing-agents-client-list""]","[""licenseglobal_client_list""]"
1078,Rocket Licensing,Joester Loria Group for “Dog Man,agent_supplied_client_listing,0.84,1,,"[""https://www.licenseglobal.com/licensing-resources/top-global-licensing-agents-client-list""]","[""licenseglobal_client_list""]"
883,Rocket Licensing,Legendary Entertainment,agent_supplied_client_listing,0.84,1,,"[""https://www.licenseglobal.com/licensing-resources/top-global-licensing-agents-client-list""]","[""licenseglobal_client_list""]"
1079,Rocket Licensing,Mercis,agent_supplied_client_listing,0.84,1,,"[""https://www.licenseglobal.com/licensing-resources/top-global-licensing-agents-client-list""]","[""licenseglobal_client_list""]"
1080,Rocket Licensing,Scholastic and The Lumistella Company,agent_supplied_client_listing,0.84,1,,"[""https://www.licenseglobal.com/licensing-resources/top-global-licensing-agents-client-list""]","[""licenseglobal_client_list""]"
1077,Rocket Licensing,The European Space Agency (ESA),agent_supplied_client_listing,0.84,1,,"[""https://www.licenseglobal.com/licensing-resources/top-global-licensing-agents-client-list""]","[""licenseglobal_client_list""]"
1228,SEMK Global Marketing,B Duck,first_party_portfolio_presence,0.74,1,,"[""https://www.semk.net/sc/brands.aspx""]","[""portfolio_card""]"
1129,SEMK Global Marketing,BTS Thailand,agent_supplied_client_listing,0.84,1,,"[""https://www.licenseglobal.com/licensing-resources/top-global-licensing-agents-client-list""]","[""licenseglobal_client_list""]"
1127,SEMK Global Marketing,CEB Credit Card,agent_supplied_client_listing,0.84,1,,"[""https://www.licenseglobal.com/licensing-resources/top-global-licensing-agents-client-list""]","[""licenseglobal_client_list""]"
1123,SEMK Global Marketing,Casablanca,agent_supplied_client_listing,0.84,1,,"[""https://www.licenseglobal.com/licensing-resources/top-global-licensing-agents-client-list""]","[""licenseglobal_client_list""]"
1117,SEMK Global Marketing,Casio,agent_supplied_client_listing,0.84,1,,"[""https://www.licenseglobal.com/licensing-resources/top-global-licensing-agents-client-list""]","[""licenseglobal_client_list""]"
1130,SEMK Global Marketing,Central World Bangkok,agent_supplied_client_listing,0.84,1,,"[""https://www.licenseglobal.com/licensing-resources/top-global-licensing-agents-client-list""]","[""licenseglobal_client_list""]"
1126,SEMK Global Marketing,Chery,agent_supplied_client_listing,0.84,1,,"[""https://www.licenseglobal.com/licensing-resources/top-global-licensing-agents-client-list""]","[""licenseglobal_client_list""]"
487,SEMK Global Marketing,Chow Tai Fook,agent_supplied_client_listing,0.84,1,,"[""https://www.licenseglobal.com/licensing-resources/top-global-licensing-agents-client-list""]","[""licenseglobal_client_list""]"
1133,SEMK Global Marketing,City of Dream Macau,agent_supplied_client_listing,0.84,1,,"[""https://www.licenseglobal.com/licensing-resources/top-global-licensing-agents-client-list""]","[""licenseglobal_client_list""]"
1112,SEMK Global Marketing,Ctrip,agent_supplied_client_listing,0.84,1,,"[""https://www.licenseglobal.com/licensing-resources/top-global-licensing-agents-client-list""]","[""licenseglobal_client_list""]"
1124,SEMK Global Marketing,Darlie,agent_supplied_client_listing,0.84,1,,"[""https://www.licenseglobal.com/licensing-resources/top-global-licensing-agents-client-list""]","[""licenseglobal_client_list""]"
1135,SEMK Global Marketing,Family Mart,agent_supplied_client_listing,0.84,1,,"[""https://www.licenseglobal.com/licensing-resources/top-global-licensing-agents-client-list""]","[""licenseglobal_client_list""]"
1118,SEMK Global Marketing,FujiFlim,agent_supplied_client_listing,0.84,1,,"[""https://www.licenseglobal.com/licensing-resources/top-global-licensing-agents-client-list""]","[""licenseglobal_client_list""]"
1132,SEMK Global Marketing,Hong Kong Ocean Park,agent_supplied_client_listing,0.84,1,,"[""https://www.licenseglobal.com/licensing-resources/top-global-licensing-agents-client-list""]","[""licenseglobal_client_list""]"
1128,SEMK Global Marketing,Huawei,agent_supplied_client_listing,0.84,1,,"[""https://www.licenseglobal.com/licensing-resources/top-global-licensing-agents-client-list""]","[""licenseglobal_client_list""]"
1131,SEMK Global Marketing,IconSiam Bangkok,agent_supplied_client_listing,0.84,1,,"[""https://www.licenseglobal.com/licensing-resources/top-global-licensing-agents-client-list""]","[""licenseglobal_client_list""]"
1122,SEMK Global Marketing,Listerine,agent_supplied_client_listing,0.84,1,,"[""https://www.licenseglobal.com/licensing-resources/top-global-licensing-agents-client-list""]","[""licenseglobal_client_list""]"
40,SEMK Global Marketing,McDonald’s,agent_supplied_client_listing,0.84,1,https://imglicensing.com/brands/mcdonalds/,"[""https://www.licenseglobal.com/licensing-resources/top-global-licensing-agents-client-list""]","[""licenseglobal_client_list""]"
1125,SEMK Global Marketing,MeadJohnson,agent_supplied_client_listing,0.84,1,,"[""https://www.licenseglobal.com/licensing-resources/top-global-licensing-agents-client-list""]","[""licenseglobal_client_list""]"
1115,SEMK Global Marketing,Milkana,agent_supplied_client_listing,0.84,1,,"[""https://www.licenseglobal.com/licensing-resources/top-global-licensing-agents-client-list""]","[""licenseglobal_client_list""]"
1120,SEMK Global Marketing,Nivea,agent_supplied_client_listing,0.84,1,,"[""https://www.licenseglobal.com/licensing-resources/top-global-licensing-agents-client-list""]","[""licenseglobal_client_list""]"
1114,SEMK Global Marketing,OTC Happy Valley,agent_supplied_client_listing,0.84,1,,"[""https://www.licenseglobal.com/licensing-resources/top-global-licensing-agents-client-list""]","[""licenseglobal_client_list""]"
1116,SEMK Global Marketing,Pizza Hut,agent_supplied_client_listing,0.84,1,,"[""https://www.licenseglobal.com/licensing-resources/top-global-licensing-agents-client-list""]","[""licenseglobal_client_list""]"
1113,SEMK Global Marketing,Popmart,agent_supplied_client_listing,0.84,1,,"[""https://www.licenseglobal.com/licensing-resources/top-global-licensing-agents-client-list""]","[""licenseglobal_client_list""]"
49,SEMK Global Marketing,THERMOS,agent_supplied_client_listing,0.84,1,,"[""https://www.licenseglobal.com/licensing-resources/top-global-licensing-agents-client-list""]","[""licenseglobal_client_list""]"
1136,SEMK Global Marketing,Tencent and NetEase,agent_supplied_client_listing,0.84,1,,"[""https://www.licenseglobal.com/licensing-resources/top-global-licensing-agents-client-list""]","[""licenseglobal_client_list""]"
1134,SEMK Global Marketing,Tesco Thailand,agent_supplied_client_listing,0.84,1,,"[""https://www.licenseglobal.com/licensing-resources/top-global-licensing-agents-client-list""]","[""licenseglobal_client_list""]"
1121,SEMK Global Marketing,Vinda,agent_supplied_client_listing,0.84,1,,"[""https://www.licenseglobal.com/licensing-resources/top-global-licensing-agents-client-list""]","[""licenseglobal_client_list""]"
577,SEMK Global Marketing,Watsons,agent_supplied_client_listing,0.84,1,,"[""https://www.licenseglobal.com/licensing-resources/top-global-licensing-agents-client-list""]","[""licenseglobal_client_list""]"
1103,SEMK Global Marketing,Zippo,agent_supplied_client_listing,0.84,1,,"[""https://www.licenseglobal.com/licensing-resources/top-global-licensing-agents-client-list""]","[""licenseglobal_client_list""]"
1119,SEMK Global Marketing,momax,agent_supplied_client_listing,0.84,1,,"[""https://www.licenseglobal.com/licensing-resources/top-global-licensing-agents-client-list""]","[""licenseglobal_client_list""]"
1100,Seltzer Licensing Group,Almond Breeze,agent_supplied_client_listing,0.84,1,,"[""https://www.licenseglobal.com/licensing-resources/top-global-licensing-agents-client-list""]","[""licenseglobal_client_list""]"
1097,Seltzer Licensing Group,American Red Cross,agent_supplied_client_listing,0.84,1,,"[""https://www.licenseglobal.com/licensing-resources/top-global-licensing-agents-client-list""]","[""licenseglobal_client_list""]"
1082,Seltzer Licensing Group,Axe,agent_supplied_client_listing,0.84,1,,"[""https://www.licenseglobal.com/licensing-resources/top-global-licensing-agents-client-list""]","[""licenseglobal_client_list""]"
1085,Seltzer Licensing Group,Ben & Jerrys,agent_supplied_client_listing,0.84,1,,"[""https://www.licenseglobal.com/licensing-resources/top-global-licensing-agents-client-list""]","[""licenseglobal_client_list""]"
1099,Seltzer Licensing Group,Blue Diamond,agent_supplied_client_listing,0.84,1,,"[""https://www.licenseglobal.com/licensing-resources/top-global-licensing-agents-client-list""]","[""licenseglobal_client_list""]"
1107,Seltzer Licensing Group,Bravo (“The Real Housewives”),agent_supplied_client_listing,0.84,1,,"[""https://www.licenseglobal.com/licensing-resources/top-global-licensing-agents-client-list""]","[""licenseglobal_client_list""]"
1086,Seltzer Licensing Group,Breyers,agent_supplied_client_listing,0.84,1,,"[""https://www.licenseglobal.com/licensing-resources/top-global-licensing-agents-client-list""]","[""licenseglobal_client_list""]"
267,Seltzer Licensing Group,California Pizza Kitchen,agent_supplied_client_listing,0.84,1,,"[""https://www.licenseglobal.com/licensing-resources/top-global-licensing-agents-client-list""]","[""licenseglobal_client_list""]"
1101,Seltzer Licensing Group,Checkers/Rally's,agent_supplied_client_listing,0.84,1,,"[""https://www.licenseglobal.com/licensing-resources/top-global-licensing-agents-client-list""]","[""licenseglobal_client_list""]"
1090,Seltzer Licensing Group,Cornetto,agent_supplied_client_listing,0.84,1,,"[""https://www.licenseglobal.com/licensing-resources/top-global-licensing-agents-client-list""]","[""licenseglobal_client_list""]"
1089,Seltzer Licensing Group,Good Humor,agent_supplied_client_listing,0.84,1,,"[""https://www.licenseglobal.com/licensing-resources/top-global-licensing-agents-client-list""]","[""licenseglobal_client_list""]"
1110,Seltzer Licensing Group,Harvest Hill including Sunny D and Juicy Juice,agent_supplied_client_listing,0.84,1,,"[""https://www.licenseglobal.com/licensing-resources/top-global-licensing-agents-client-list""]","[""licenseglobal_client_list""]"
1083,Seltzer Licensing Group,Hellmann's and Vaseline,agent_supplied_client_listing,0.84,1,,"[""https://www.licenseglobal.com/licensing-resources/top-global-licensing-agents-client-list""]","[""licenseglobal_client_list""]"
1087,Seltzer Licensing Group,Klondike,agent_supplied_client_listing,0.84,1,,"[""https://www.licenseglobal.com/licensing-resources/top-global-licensing-agents-client-list""]","[""licenseglobal_client_list""]"
1111,Seltzer Licensing Group,Mack Truck and Empire State Building,agent_supplied_client_listing,0.84,1,,"[""https://www.licenseglobal.com/licensing-resources/top-global-licensing-agents-client-list""]","[""licenseglobal_client_list""]"
1095,Seltzer Licensing Group,Miracle-Gro,agent_supplied_client_listing,0.84,1,,"[""https://www.licenseglobal.com/licensing-resources/top-global-licensing-agents-client-list""]","[""licenseglobal_client_list""]"
1105,Seltzer Licensing Group,NBC (“American Ninja Warrior”),agent_supplied_client_listing,0.84,1,,"[""https://www.licenseglobal.com/licensing-resources/top-global-licensing-agents-client-list""]","[""licenseglobal_client_list""]"
1108,Seltzer Licensing Group,National Parks Foundation,agent_supplied_client_listing,0.84,1,,"[""https://www.licenseglobal.com/licensing-resources/top-global-licensing-agents-client-list""]","[""licenseglobal_client_list""]"
1109,Seltzer Licensing Group,Perfetti Van Melle's AirHeads,agent_supplied_client_listing,0.84,1,,"[""https://www.licenseglobal.com/licensing-resources/top-global-licensing-agents-client-list""]","[""licenseglobal_client_list""]"
1092,Seltzer Licensing Group,Perio (Barbasol),agent_supplied_client_listing,0.84,1,,"[""https://www.licenseglobal.com/licensing-resources/top-global-licensing-agents-client-list""]","[""licenseglobal_client_list""]"
1088,Seltzer Licensing Group,Popsicle,agent_supplied_client_listing,0.84,1,,"[""https://www.licenseglobal.com/licensing-resources/top-global-licensing-agents-client-list""]","[""licenseglobal_client_list""]"
1098,Seltzer Licensing Group,Rust-Oleum,agent_supplied_client_listing,0.84,1,,"[""https://www.licenseglobal.com/licensing-resources/top-global-licensing-agents-client-list""]","[""licenseglobal_client_list""]"
1093,Seltzer Licensing Group,Scotts,agent_supplied_client_listing,0.84,1,,"[""https://www.licenseglobal.com/licensing-resources/top-global-licensing-agents-client-list""]","[""licenseglobal_client_list""]"
1084,Seltzer Licensing Group,The Magnum Ice Cream Company (formerly part of Unilever) and their brands,agent_supplied_client_listing,0.84,1,,"[""https://www.licenseglobal.com/licensing-resources/top-global-licensing-agents-client-list""]","[""licenseglobal_client_list""]"
1091,Seltzer Licensing Group,The Suave Brands Company (Suave for Kids),agent_supplied_client_listing,0.84,1,,"[""https://www.licenseglobal.com/licensing-resources/top-global-licensing-agents-client-list""]","[""licenseglobal_client_list""]"
1104,Seltzer Licensing Group,UPS,agent_supplied_client_listing,0.84,1,,"[""https://www.licenseglobal.com/licensing-resources/top-global-licensing-agents-client-list""]","[""licenseglobal_client_list""]"
1081,Seltzer Licensing Group,Unilever including their brands Dove,agent_supplied_client_listing,0.84,1,,"[""https://www.licenseglobal.com/licensing-resources/top-global-licensing-agents-client-list""]","[""licenseglobal_client_list""]"
1106,Seltzer Licensing Group,Wolf (“Law & Order”),agent_supplied_client_listing,0.84,1,,"[""https://www.licenseglobal.com/licensing-resources/top-global-licensing-agents-client-list""]","[""licenseglobal_client_list""]"
1102,Seltzer Licensing Group,Zippo,agent_supplied_client_listing,0.84,1,,"[""https://www.licenseglobal.com/licensing-resources/top-global-licensing-agents-client-list""]","[""licenseglobal_client_list""]"
1161,Starwood Brands,Aquafina and many more,agent_supplied_client_listing,0.84,1,,"[""https://www.licenseglobal.com/licensing-resources/top-global-licensing-agents-client-list""]","[""licenseglobal_client_list""]"
1151,Starwood Brands,BCBG,agent_supplied_client_listing,0.84,1,,"[""https://www.licenseglobal.com/licensing-resources/top-global-licensing-agents-client-list""]","[""licenseglobal_client_list""]"
1007,Starwood Brands,Ben Sherman,agent_supplied_client_listing,0.84,1,,"[""https://www.licenseglobal.com/licensing-resources/top-global-licensing-agents-client-list""]","[""licenseglobal_client_list""]"
1144,Starwood Brands,Billabong,agent_supplied_client_listing,0.84,1,,"[""https://www.licenseglobal.com/licensing-resources/top-global-licensing-agents-client-list""]","[""licenseglobal_client_list""]"
1154,Starwood Brands,Brookstone,agent_supplied_client_listing,0.84,1,https://www.glg-brands.com/brand-licensing5/brookstone,"[""https://www.licenseglobal.com/licensing-resources/top-global-licensing-agents-client-list""]","[""licenseglobal_client_list""]"
1156,Starwood Brands,Disney,agent_supplied_client_listing,0.84,1,,"[""https://www.licenseglobal.com/licensing-resources/top-global-licensing-agents-client-list""]","[""licenseglobal_client_list""]"
1149,Starwood Brands,Express,agent_supplied_client_listing,0.84,1,https://www.glg-brands.com/brand-licensing2/express,"[""https://www.licenseglobal.com/licensing-resources/top-global-licensing-agents-client-list""]","[""licenseglobal_client_list""]"
1141,Starwood Brands,FIFA,agent_supplied_client_listing,0.84,1,,"[""https://www.licenseglobal.com/licensing-resources/top-global-licensing-agents-client-list""]","[""licenseglobal_client_list""]"
1153,Starwood Brands,Fruit of the Loom,agent_supplied_client_listing,0.84,1,,"[""https://www.licenseglobal.com/licensing-resources/top-global-licensing-agents-client-list""]","[""licenseglobal_client_list""]"
172,Starwood Brands,Gaiam,agent_supplied_client_listing,0.84,1,,"[""https://www.licenseglobal.com/licensing-resources/top-global-licensing-agents-client-list""]","[""licenseglobal_client_list""]"
192,Starwood Brands,General Mills,agent_supplied_client_listing,0.84,1,,"[""https://www.licenseglobal.com/licensing-resources/top-global-licensing-agents-client-list""]","[""licenseglobal_client_list""]"
1142,Starwood Brands,Hurley,agent_supplied_client_listing,0.84,1,https://www.glg-brands.com/brand-licensing3/hurley,"[""https://www.licenseglobal.com/licensing-resources/top-global-licensing-agents-client-list""]","[""licenseglobal_client_list""]"
1140,Starwood Brands,MLB,agent_supplied_client_listing,0.84,1,,"[""https://www.licenseglobal.com/licensing-resources/top-global-licensing-agents-client-list""]","[""licenseglobal_client_list""]"
1096,Starwood Brands,Miracle-Gro,agent_supplied_client_listing,0.84,1,,"[""https://www.licenseglobal.com/licensing-resources/top-global-licensing-agents-client-list""]","[""licenseglobal_client_list""]"
602,Starwood Brands,Moonbug,agent_supplied_client_listing,0.84,1,,"[""https://www.licenseglobal.com/licensing-resources/top-global-licensing-agents-client-list""]","[""licenseglobal_client_list""]"
1146,Starwood Brands,Nautica,agent_supplied_client_listing,0.84,1,,"[""https://www.licenseglobal.com/licensing-resources/top-global-licensing-agents-client-list""]","[""licenseglobal_client_list""]"
1158,Starwood Brands,Nickelodeon,agent_supplied_client_listing,0.84,1,,"[""https://www.licenseglobal.com/licensing-resources/top-global-licensing-agents-client-list""]","[""licenseglobal_client_list""]"
1147,Starwood Brands,Original Penguin,agent_supplied_client_listing,0.84,1,https://www.glg-brands.com/brand-licensing1/original-penguin,"[""https://www.licenseglobal.com/licensing-resources/top-global-licensing-agents-client-list""]","[""licenseglobal_client_list""]"
793,Starwood Brands,RCA,agent_supplied_client_listing,0.84,1,https://www.glg-brands.com/brand-licensing4/rca,"[""https://www.licenseglobal.com/licensing-resources/top-global-licensing-agents-client-list""]","[""licenseglobal_client_list""]"
1145,Starwood Brands,Ralph Lauren,agent_supplied_client_listing,0.84,1,,"[""https://www.licenseglobal.com/licensing-resources/top-global-licensing-agents-client-list""]","[""licenseglobal_client_list""]"
1138,Starwood Brands,Reebok,agent_supplied_client_listing,0.84,1,,"[""https://www.licenseglobal.com/licensing-resources/top-global-licensing-agents-client-list""]","[""licenseglobal_client_list""]"
1139,Starwood Brands,Russell,agent_supplied_client_listing,0.84,1,,"[""https://www.licenseglobal.com/licensing-resources/top-global-licensing-agents-client-list""]","[""licenseglobal_client_list""]"
1094,Starwood Brands,Scotts,agent_supplied_client_listing,0.84,1,,"[""https://www.licenseglobal.com/licensing-resources/top-global-licensing-agents-client-list""]","[""licenseglobal_client_list""]"
309,Starwood Brands,Spalding,agent_supplied_client_listing,0.84,1,,"[""https://www.licenseglobal.com/licensing-resources/top-global-licensing-agents-client-list""]","[""licenseglobal_client_list""]"
1160,Starwood Brands,Squishmallows,agent_supplied_client_listing,0.84,1,,"[""https://www.licenseglobal.com/licensing-resources/top-global-licensing-agents-client-list""]","[""licenseglobal_client_list""]"
1152,Starwood Brands,Vigoss,agent_supplied_client_listing,0.84,1,,"[""https://www.licenseglobal.com/licensing-resources/top-global-licensing-agents-client-list""]","[""licenseglobal_client_list""]"
1137,Starwood Brands,adidas,agent_supplied_client_listing,0.84,1,,"[""https://www.licenseglobal.com/licensing-resources/top-global-licensing-agents-client-list""]","[""licenseglobal_client_list""]"
1163,Striker Entertainment,AMC Networks,agent_supplied_client_listing,0.84,1,,"[""https://www.licenseglobal.com/licensing-resources/top-global-licensing-agents-client-list""]","[""licenseglobal_client_list""]"
1173,Striker Entertainment,Alcon Entertainment,agent_supplied_client_listing,0.84,1,,"[""https://www.licenseglobal.com/licensing-resources/top-global-licensing-agents-client-list""]","[""licenseglobal_client_list""]"
1168,Striker Entertainment,Blumhouse,agent_supplied_client_listing,0.84,1,,"[""https://www.licenseglobal.com/licensing-resources/top-global-licensing-agents-client-list""]","[""licenseglobal_client_list""]"
1169,Striker Entertainment,Cosmic Debris,agent_supplied_client_listing,0.84,1,,"[""https://www.licenseglobal.com/licensing-resources/top-global-licensing-agents-client-list""]","[""licenseglobal_client_list""]"
1174,Striker Entertainment,Evoke Entertainment,agent_supplied_client_listing,0.84,1,,"[""https://www.licenseglobal.com/licensing-resources/top-global-licensing-agents-client-list""]","[""licenseglobal_client_list""]"
1175,Striker Entertainment,HazeLight,agent_supplied_client_listing,0.84,1,,"[""https://www.licenseglobal.com/licensing-resources/top-global-licensing-agents-client-list""]","[""licenseglobal_client_list""]"
1165,Striker Entertainment,Horror,agent_supplied_client_listing,0.84,1,,"[""https://www.licenseglobal.com/licensing-resources/top-global-licensing-agents-client-list""]","[""licenseglobal_client_list""]"
1166,Striker Entertainment,Inc,agent_supplied_client_listing,0.84,1,,"[""https://www.licenseglobal.com/licensing-resources/top-global-licensing-agents-client-list""]","[""licenseglobal_client_list""]"
1164,Striker Entertainment,Media Rights Capital,agent_supplied_client_listing,0.84,1,,"[""https://www.licenseglobal.com/licensing-resources/top-global-licensing-agents-client-list""]","[""licenseglobal_client_list""]"
1171,Striker Entertainment,NHK Japan,agent_supplied_client_listing,0.84,1,,"[""https://www.licenseglobal.com/licensing-resources/top-global-licensing-agents-client-list""]","[""licenseglobal_client_list""]"
1170,Striker Entertainment,Nuggetverse,agent_supplied_client_listing,0.84,1,,"[""https://www.licenseglobal.com/licensing-resources/top-global-licensing-agents-client-list""]","[""licenseglobal_client_list""]"
1172,Striker Entertainment,Orange Comet,agent_supplied_client_listing,0.84,1,,"[""https://www.licenseglobal.com/licensing-resources/top-global-licensing-agents-client-list""]","[""licenseglobal_client_list""]"
1176,Striker Entertainment,Relatable and Taurus,agent_supplied_client_listing,0.84,1,,"[""https://www.licenseglobal.com/licensing-resources/top-global-licensing-agents-client-list""]","[""licenseglobal_client_list""]"
1162,Striker Entertainment,Scottgames,agent_supplied_client_listing,0.84,1,,"[""https://www.licenseglobal.com/licensing-resources/top-global-licensing-agents-client-list""]","[""licenseglobal_client_list""]"
1167,Striker Entertainment,Squanch Games,agent_supplied_client_listing,0.84,1,,"[""https://www.licenseglobal.com/licensing-resources/top-global-licensing-agents-client-list""]","[""licenseglobal_client_list""]"
1190,SunGate Partners,American Folk Art Museum,agent_supplied_client_listing,0.84,1,,"[""https://www.licenseglobal.com/licensing-resources/top-global-licensing-agents-client-list""]","[""licenseglobal_client_list""]"
1189,SunGate Partners,BleuLife Media,agent_supplied_client_listing,0.84,1,,"[""https://www.licenseglobal.com/licensing-resources/top-global-licensing-agents-client-list""]","[""licenseglobal_client_list""]"
1177,SunGate Partners,Dann Foley,agent_supplied_client_listing,0.84,1,,"[""https://www.licenseglobal.com/licensing-resources/top-global-licensing-agents-client-list""]","[""licenseglobal_client_list""]"
1178,SunGate Partners,Erinn Valencich,agent_supplied_client_listing,0.84,1,,"[""https://www.licenseglobal.com/licensing-resources/top-global-licensing-agents-client-list""]","[""licenseglobal_client_list""]"
1191,SunGate Partners,Fast Company Magazine,agent_supplied_client_listing,0.84,1,,"[""https://www.licenseglobal.com/licensing-resources/top-global-licensing-agents-client-list""]","[""licenseglobal_client_list""]"
1193,SunGate Partners,French Culinary Institute and Natural Gourmet Institute,agent_supplied_client_listing,0.84,1,,"[""https://www.licenseglobal.com/licensing-resources/top-global-licensing-agents-client-list""]","[""licenseglobal_client_list""]"
1192,SunGate Partners,Inc. Magazine,agent_supplied_client_listing,0.84,1,,"[""https://www.licenseglobal.com/licensing-resources/top-global-licensing-agents-client-list""]","[""licenseglobal_client_list""]"
1183,SunGate Partners,Jennifer Maune,agent_supplied_client_listing,0.84,1,,"[""https://www.licenseglobal.com/licensing-resources/top-global-licensing-agents-client-list""]","[""licenseglobal_client_list""]"
1187,SunGate Partners,Mark Zunino,agent_supplied_client_listing,0.84,1,,"[""https://www.licenseglobal.com/licensing-resources/top-global-licensing-agents-client-list""]","[""licenseglobal_client_list""]"
1185,SunGate Partners,Mary Elizabeth Marvin,agent_supplied_client_listing,0.84,1,,"[""https://www.licenseglobal.com/licensing-resources/top-global-licensing-agents-client-list""]","[""licenseglobal_client_list""]"
1181,SunGate Partners,Mat Sanders,agent_supplied_client_listing,0.84,1,,"[""https://www.licenseglobal.com/licensing-resources/top-global-licensing-agents-client-list""]","[""licenseglobal_client_list""]"
1186,SunGate Partners,Michael McHale,agent_supplied_client_listing,0.84,1,,"[""https://www.licenseglobal.com/licensing-resources/top-global-licensing-agents-client-list""]","[""licenseglobal_client_list""]"
1184,SunGate Partners,Pavarini Design,agent_supplied_client_listing,0.84,1,,"[""https://www.licenseglobal.com/licensing-resources/top-global-licensing-agents-client-list""]","[""licenseglobal_client_list""]"
1182,SunGate Partners,Shayla Copas,agent_supplied_client_listing,0.84,1,,"[""https://www.licenseglobal.com/licensing-resources/top-global-licensing-agents-client-list""]","[""licenseglobal_client_list""]"
1180,SunGate Partners,Taniya Nayak,agent_supplied_client_listing,0.84,1,,"[""https://www.licenseglobal.com/licensing-resources/top-global-licensing-agents-client-list""]","[""licenseglobal_client_list""]"
1188,SunGate Partners,The New York Post,agent_supplied_client_listing,0.84,1,,"[""https://www.licenseglobal.com/licensing-resources/top-global-licensing-agents-client-list""]","[""licenseglobal_client_list""]"
1179,SunGate Partners,Vanessa Deleon,agent_supplied_client_listing,0.84,1,,"[""https://www.licenseglobal.com/licensing-resources/top-global-licensing-agents-client-list""]","[""licenseglobal_client_list""]"
1854,Surge Brands,View all clients,first_party_portfolio_presence,0.74,1,,"[""https://www.surge-brands.com/about""]","[""portfolio_card""]"
1243,TSG Brands,Ann Klein,agent_supplied_client_listing,0.84,1,,"[""https://www.licenseglobal.com/licensing-resources/top-global-licensing-agents-client-list""]","[""licenseglobal_client_list""]"
633,TSG Brands,Ann Taylor,agent_supplied_client_listing,0.84,1,https://imglicensing.com/brands/ann-taylor/,"[""https://www.licenseglobal.com/licensing-resources/top-global-licensing-agents-client-list""]","[""licenseglobal_client_list""]"
1239,TSG Brands,Champion,agent_supplied_client_listing,0.84,1,,"[""https://www.licenseglobal.com/licensing-resources/top-global-licensing-agents-client-list""]","[""licenseglobal_client_list""]"
1236,TSG Brands,Crocs,agent_supplied_client_listing,0.84,1,,"[""https://www.licenseglobal.com/licensing-resources/top-global-licensing-agents-client-list""]","[""licenseglobal_client_list""]"
1241,TSG Brands,Everlast,agent_supplied_client_listing,0.84,1,,"[""https://www.licenseglobal.com/licensing-resources/top-global-licensing-agents-client-list""]","[""licenseglobal_client_list""]"
1233,TSG Brands,Head,agent_supplied_client_listing,0.84,1,,"[""https://www.licenseglobal.com/licensing-resources/top-global-licensing-agents-client-list""]","[""licenseglobal_client_list""]"
1247,TSG Brands,Hudson and more,agent_supplied_client_listing,0.84,1,,"[""https://www.licenseglobal.com/licensing-resources/top-global-licensing-agents-client-list""]","[""licenseglobal_client_list""]"
1240,TSG Brands,Lands'end,agent_supplied_client_listing,0.84,1,,"[""https://www.licenseglobal.com/licensing-resources/top-global-licensing-agents-client-list""]","[""licenseglobal_client_list""]"
1237,TSG Brands,New Balance,agent_supplied_client_listing,0.84,1,,"[""https://www.licenseglobal.com/licensing-resources/top-global-licensing-agents-client-list""]","[""licenseglobal_client_list""]"
597,TSG Brands,Penguin,agent_supplied_client_listing,0.84,1,,"[""https://www.licenseglobal.com/licensing-resources/top-global-licensing-agents-client-list""]","[""licenseglobal_client_list""]"
1245,TSG Brands,Perry Ellis,agent_supplied_client_listing,0.84,1,https://www.glg-brands.com/brand-licensing1/perry-ellis,"[""https://www.licenseglobal.com/licensing-resources/top-global-licensing-agents-client-list""]","[""licenseglobal_client_list""]"
1244,TSG Brands,Rachel Zoe,agent_supplied_client_listing,0.84,1,,"[""https://www.licenseglobal.com/licensing-resources/top-global-licensing-agents-client-list""]","[""licenseglobal_client_list""]"
1242,TSG Brands,Steve Madden,agent_supplied_client_listing,0.84,1,,"[""https://www.licenseglobal.com/licensing-resources/top-global-licensing-agents-client-list""]","[""licenseglobal_client_list""]"
1009,TSG Brands,True Religion,agent_supplied_client_listing,0.84,1,,"[""https://www.licenseglobal.com/licensing-resources/top-global-licensing-agents-client-list""]","[""licenseglobal_client_list""]"
1238,TSG Brands,Wilson,agent_supplied_client_listing,0.84,1,,"[""https://www.licenseglobal.com/licensing-resources/top-global-licensing-agents-client-list""]","[""licenseglobal_client_list""]"
1207,The Brand Liaison,BUM Equipment,agent_supplied_client_listing,0.84,1,,"[""https://www.licenseglobal.com/licensing-resources/top-global-licensing-agents-client-list""]","[""licenseglobal_client_list""]"
1201,The Brand Liaison,Bearpaw,first_party_portfolio_presence,0.84,2,,"[""https://thebrandliaison.com/"", ""https://www.licenseglobal.com/licensing-resources/top-global-licensing-agents-client-list""]","[""licenseglobal_client_list"", ""semantic_anchor""]"
1209,The Brand Liaison,Bench,first_party_portfolio_presence,0.84,2,https://www.glg-brands.com/brand-licensing1/bench,"[""https://thebrandliaison.com/"", ""https://www.licenseglobal.com/licensing-resources/top-global-licensing-agents-client-list""]","[""licenseglobal_client_list"", ""semantic_anchor""]"
1203,The Brand Liaison,Betsey Johnson,first_party_portfolio_presence,0.84,2,,"[""https://thebrandliaison.com/"", ""https://www.licenseglobal.com/licensing-resources/top-global-licensing-agents-client-list""]","[""licenseglobal_client_list"", ""semantic_anchor""]"
1802,The Brand Liaison,Brand Representation,first_party_portfolio_presence,0.63,2,,"[""https://thebrandliaison.com/"", ""https://thebrandliaison.com/clients/""]","[""semantic_anchor""]"
1216,The Brand Liaison,Built,first_party_portfolio_presence,0.84,2,,"[""https://thebrandliaison.com/"", ""https://www.licenseglobal.com/licensing-resources/top-global-licensing-agents-client-list""]","[""licenseglobal_client_list"", ""semantic_anchor""]"
994,The Brand Liaison,Cardio Bunny,first_party_portfolio_presence,0.84,2,,"[""https://thebrandliaison.com/"", ""https://www.licenseglobal.com/licensing-resources/top-global-licensing-agents-client-list""]","[""licenseglobal_client_list"", ""semantic_anchor""]"
1222,The Brand Liaison,Christopher Knight,first_party_portfolio_presence,0.84,2,,"[""https://thebrandliaison.com/"", ""https://www.licenseglobal.com/licensing-resources/top-global-licensing-agents-client-list""]","[""licenseglobal_client_list"", ""semantic_anchor""]"
1221,The Brand Liaison,Criss Angel,agent_supplied_client_listing,0.84,1,,"[""https://www.licenseglobal.com/licensing-resources/top-global-licensing-agents-client-list""]","[""licenseglobal_client_list""]"
1220,The Brand Liaison,David Tutera,first_party_portfolio_presence,0.84,2,,"[""https://thebrandliaison.com/"", ""https://www.licenseglobal.com/licensing-resources/top-global-licensing-agents-client-list""]","[""licenseglobal_client_list"", ""semantic_anchor""]"
1218,The Brand Liaison,Daymond John,first_party_portfolio_presence,0.84,2,,"[""https://thebrandliaison.com/"", ""https://www.licenseglobal.com/licensing-resources/top-global-licensing-agents-client-list""]","[""licenseglobal_client_list"", ""semantic_anchor""]"
1200,The Brand Liaison,Detroit vs Everybody,agent_supplied_client_listing,0.84,1,,"[""https://www.licenseglobal.com/licensing-resources/top-global-licensing-agents-client-list""]","[""licenseglobal_client_list""]"
1215,The Brand Liaison,Dorel Juvenile Group,agent_supplied_client_listing,0.84,1,,"[""https://www.licenseglobal.com/licensing-resources/top-global-licensing-agents-client-list""]","[""licenseglobal_client_list""]"
1219,The Brand Liaison,Elaine Swann,first_party_portfolio_presence,0.84,2,,"[""https://thebrandliaison.com/"", ""https://www.licenseglobal.com/licensing-resources/top-global-licensing-agents-client-list""]","[""licenseglobal_client_list"", ""semantic_anchor""]"
1205,The Brand Liaison,Etonic,agent_supplied_client_listing,0.84,1,,"[""https://www.licenseglobal.com/licensing-resources/top-global-licensing-agents-client-list""]","[""licenseglobal_client_list""]"
1204,The Brand Liaison,FUBU,first_party_portfolio_presence,0.84,2,,"[""https://thebrandliaison.com/"", ""https://www.licenseglobal.com/licensing-resources/top-global-licensing-agents-client-list""]","[""licenseglobal_client_list"", ""semantic_anchor""]"
1213,The Brand Liaison,Fantasy,first_party_portfolio_presence,0.84,2,,"[""https://thebrandliaison.com/"", ""https://www.licenseglobal.com/licensing-resources/top-global-licensing-agents-client-list""]","[""licenseglobal_client_list"", ""semantic_anchor""]"
1214,The Brand Liaison,Fisher Electronics,agent_supplied_client_listing,0.84,1,,"[""https://www.licenseglobal.com/licensing-resources/top-global-licensing-agents-client-list""]","[""licenseglobal_client_list""]"
1208,The Brand Liaison,Gloria Vanderbilt,first_party_portfolio_presence,0.84,2,,"[""https://thebrandliaison.com/"", ""https://www.licenseglobal.com/licensing-resources/top-global-licensing-agents-client-list""]","[""licenseglobal_client_list"", ""semantic_anchor""]"
1199,The Brand Liaison,Hoonigan Racing,agent_supplied_client_listing,0.84,1,,"[""https://www.licenseglobal.com/licensing-resources/top-global-licensing-agents-client-list""]","[""licenseglobal_client_list""]"
1212,The Brand Liaison,JACHS NY,agent_supplied_client_listing,0.84,1,,"[""https://www.licenseglobal.com/licensing-resources/top-global-licensing-agents-client-list""]","[""licenseglobal_client_list""]"
1202,The Brand Liaison,Jason Wu,agent_supplied_client_listing,0.84,1,,"[""https://www.licenseglobal.com/licensing-resources/top-global-licensing-agents-client-list""]","[""licenseglobal_client_list""]"
1224,The Brand Liaison,Jon Taffer and more,agent_supplied_client_listing,0.84,1,,"[""https://www.licenseglobal.com/licensing-resources/top-global-licensing-agents-client-list""]","[""licenseglobal_client_list""]"
1197,The Brand Liaison,KissCam,agent_supplied_client_listing,0.84,1,,"[""https://www.licenseglobal.com/licensing-resources/top-global-licensing-agents-client-list""]","[""licenseglobal_client_list""]"
630,The Brand Liaison,Laura Ashley,first_party_portfolio_presence,0.63,1,,"[""https://thebrandliaison.com/""]","[""semantic_anchor""]"
1206,The Brand Liaison,Lifeguard,first_party_portfolio_presence,0.84,2,,"[""https://thebrandliaison.com/"", ""https://www.licenseglobal.com/licensing-resources/top-global-licensing-agents-client-list""]","[""licenseglobal_client_list"", ""semantic_anchor""]"
233,The Brand Liaison,Me to You,first_party_portfolio_presence,0.63,1,,"[""https://thebrandliaison.com/""]","[""semantic_anchor""]"
1198,The Brand Liaison,National Day Calendar,first_party_portfolio_presence,0.84,2,,"[""https://thebrandliaison.com/"", ""https://www.licenseglobal.com/licensing-resources/top-global-licensing-agents-client-list""]","[""licenseglobal_client_list"", ""semantic_anchor""]"
17,The Brand Liaison,Our Services,first_party_portfolio_presence,0.63,2,,"[""https://thebrandliaison.com/"", ""https://thebrandliaison.com/clients/""]","[""semantic_anchor""]"
1824,The Brand Liaison,Our team,first_party_portfolio_presence,0.63,2,,"[""https://thebrandliaison.com/"", ""https://thebrandliaison.com/clients/""]","[""semantic_anchor""]"
1195,The Brand Liaison,Overtime Sports,agent_supplied_client_listing,0.84,1,,"[""https://www.licenseglobal.com/licensing-resources/top-global-licensing-agents-client-list""]","[""licenseglobal_client_list""]"
794,The Brand Liaison,RCA,first_party_portfolio_presence,0.84,2,https://www.glg-brands.com/brand-licensing4/rca,"[""https://thebrandliaison.com/"", ""https://www.licenseglobal.com/licensing-resources/top-global-licensing-agents-client-list""]","[""licenseglobal_client_list"", ""semantic_anchor""]"
1223,The Brand Liaison,Robert Irvine,first_party_portfolio_presence,0.84,2,,"[""https://thebrandliaison.com/"", ""https://www.licenseglobal.com/licensing-resources/top-global-licensing-agents-client-list""]","[""licenseglobal_client_list"", ""semantic_anchor""]"
1217,The Brand Liaison,S'Well,agent_supplied_client_listing,0.84,1,,"[""https://www.licenseglobal.com/licensing-resources/top-global-licensing-agents-client-list""]","[""licenseglobal_client_list""]"
1196,The Brand Liaison,Safety 1st,first_party_portfolio_presence,0.84,2,,"[""https://thebrandliaison.com/"", ""https://www.licenseglobal.com/licensing-resources/top-global-licensing-agents-client-list""]","[""licenseglobal_client_list"", ""semantic_anchor""]"
1211,The Brand Liaison,Savile Row,agent_supplied_client_listing,0.84,1,,"[""https://www.licenseglobal.com/licensing-resources/top-global-licensing-agents-client-list""]","[""licenseglobal_client_list""]"
1480,The Brand Liaison,Skip to Content,first_party_portfolio_presence,0.63,2,,"[""https://thebrandliaison.com/"", ""https://thebrandliaison.com/clients/""]","[""semantic_anchor""]"
1194,The Brand Liaison,celebrity and pop culture brands including 7-Eleven,agent_supplied_client_listing,0.84,1,,"[""https://www.licenseglobal.com/licensing-resources/top-global-licensing-agents-client-list""]","[""licenseglobal_client_list""]"
1804,The Joester Loria Group,9Lives,first_party_portfolio_presence,0.91,2,https://www.joesterloriagroup.com/portfolio/project-three-sng7y-jkgxx-kmlk5-64gk3-28jj6-whllz-628j9-wrfjk-lw89h-2swne-p255j-d2dde-rslw5-tyw7z,"[""https://www.joesterloriagroup.com/"", ""https://www.joesterloriagroup.com/our-clients""]","[""portfolio_card""]"
1805,The Joester Loria Group,CaptainUnderpants,first_party_portfolio_presence,0.91,2,https://www.joesterloriagroup.com/portfolio/project-three-sng7y-jkgxx-kmlk5-64gk3-28jj6-whllz-628j9-wrfjk-lw89h-2swne-p255j-d2dde-ew3r5-jwrmk-jrzdj,"[""https://www.joesterloriagroup.com/"", ""https://www.joesterloriagroup.com/our-clients""]","[""portfolio_card""]"
1806,The Joester Loria Group,CatKid,first_party_portfolio_presence,0.91,2,https://www.joesterloriagroup.com/portfolio/project-three-sng7y-jkgxx-kmlk5-64gk3-28jj6-whllz-628j9-wrfjk-lw89h-2swne-p255j-d2dde-ew3r5,"[""https://www.joesterloriagroup.com/"", ""https://www.joesterloriagroup.com/our-clients""]","[""portfolio_card""]"
1807,The Joester Loria Group,CheezIt,first_party_portfolio_presence,0.91,2,https://www.joesterloriagroup.com/portfolio/project-three-sng7y-jkgxx-kmlk5-64gk3-28jj6-whllz-628j9-wrfjk-lw89h-2swne-p255j-d2dde-3k8jk,"[""https://www.joesterloriagroup.com/"", ""https://www.joesterloriagroup.com/our-clients""]","[""portfolio_card""]"
738,The Joester Loria Group,Chiquita,first_party_portfolio_presence,0.91,3,https://www.joesterloriagroup.com/portfolio/project-three-sng7y-jkgxx-kmlk5-64gk3-28jj6-whllz-628j9-wrfjk-lw89h-2swne,"[""https://www.joesterloriagroup.com/"", ""https://www.joesterloriagroup.com/our-clients"", ""https://www.licenseglobal.com/licensing-resources/top-global-licensing-agents-client-list""]","[""licenseglobal_client_list"", ""portfolio_card""]"
737,The Joester Loria Group,Constellation Brands,agent_supplied_client_listing,0.84,1,,"[""https://www.licenseglobal.com/licensing-resources/top-global-licensing-agents-client-list""]","[""licenseglobal_client_list""]"
1808,The Joester Loria Group,Corona,first_party_portfolio_presence,0.91,2,https://www.joesterloriagroup.com/portfolio/project-three-sng7y-jkgxx-kmlk5-64gk3-28jj6-whllz-628j9-wrfjk-cj4lk,"[""https://www.joesterloriagroup.com/"", ""https://www.joesterloriagroup.com/our-clients""]","[""portfolio_card""]"
744,The Joester Loria Group,"Dav Pilkey (“Dog Man,” “Captain Underpants”) and Van Holten",agent_supplied_client_listing,0.84,1,,"[""https://www.licenseglobal.com/licensing-resources/top-global-licensing-agents-client-list""]","[""licenseglobal_client_list""]"
1809,The Joester Loria Group,DogMan,first_party_portfolio_presence,0.91,2,https://www.joesterloriagroup.com/portfolio/project-three-sng7y-jkgxx-kmlk5-64gk3-28jj6-whllz-628j9-wrfjk-lw89h-2swne-p255j-d2dde-ew3r5-jwrmk,"[""https://www.joesterloriagroup.com/"", ""https://www.joesterloriagroup.com/our-clients""]","[""portfolio_card""]"
87,The Joester Loria Group,Eggo,first_party_portfolio_presence,0.91,2,https://www.joesterloriagroup.com/portfolio/project-three-sng7y-jkgxx-kmlk5-64gk3-28jj6-whllz-628j9-wrfjk-lw89h-2swne-p255j-d2dde-cyaj6-wtjy9-sm384-zbh6p,"[""https://www.joesterloriagroup.com/"", ""https://www.joesterloriagroup.com/our-clients""]","[""portfolio_card""]"
743,The Joester Loria Group,Eric Carle,agent_supplied_client_listing,0.84,1,,"[""https://www.licenseglobal.com/licensing-resources/top-global-licensing-agents-client-list""]","[""licenseglobal_client_list""]"
1810,The Joester Loria Group,EricCarle,first_party_portfolio_presence,0.91,2,https://www.joesterloriagroup.com/portfolio/project-three-sng7y-jkgxx-kmlk5-64gk3-28jj6-whllz-628j9-wrfjk-lw89h-2swne-p255j-d2dde-mexdz-phmz4-s8l84,"[""https://www.joesterloriagroup.com/"", ""https://www.joesterloriagroup.com/our-clients""]","[""portfolio_card""]"
1811,The Joester Loria Group,HoneyBunchesofOats,first_party_portfolio_presence,0.91,2,https://www.joesterloriagroup.com/portfolio/project-three-sng7y-jkgxx-kmlk5-64gk3-28jj6-whllz-628j9-wrfjk-lw89h-2swne-p255j-d2dde-rslw5,"[""https://www.joesterloriagroup.com/"", ""https://www.joesterloriagroup.com/our-clients""]","[""portfolio_card""]"
4,The Joester Loria Group,Kellanova,agent_supplied_client_listing,0.84,1,https://www.beanstalk.com/client/kellanova,"[""https://www.licenseglobal.com/licensing-resources/top-global-licensing-agents-client-list""]","[""licenseglobal_client_list""]"
1812,The Joester Loria Group,KibblesNBits,first_party_portfolio_presence,0.91,2,https://www.joesterloriagroup.com/portfolio/project-three-sng7y-jkgxx-kmlk5-64gk3-28jj6-whllz-628j9-wrfjk-lw89h-2swne-p255j-d2dde-jmyjx-r6tr3,"[""https://www.joesterloriagroup.com/"", ""https://www.joesterloriagroup.com/our-clients""]","[""portfolio_card""]"
96,The Joester Loria Group,Line Friends,first_party_portfolio_presence,0.91,2,https://www.joesterloriagroup.com/portfolio/project-three-sng7y-jkgxx-kmlk5-64gk3-28jj6-whllz-628j9-wrfjk-lw89h-2swne-p255j-d2dde-cyaj6-jgdfh,"[""https://www.joesterloriagroup.com/"", ""https://www.joesterloriagroup.com/our-clients""]","[""portfolio_card""]"
287,The Joester Loria Group,Miffy,first_party_portfolio_presence,0.91,3,https://www.joesterloriagroup.com/portfolio/project-three-sng7y-jkgxx-kmlk5-64gk3-28jj6-whllz-628j9,"[""https://www.joesterloriagroup.com/"", ""https://www.joesterloriagroup.com/our-clients"", ""https://www.licenseglobal.com/licensing-resources/top-global-licensing-agents-client-list""]","[""licenseglobal_client_list"", ""portfolio_card""]"
1813,The Joester Loria Group,Modelo,first_party_portfolio_presence,0.91,2,https://www.joesterloriagroup.com/portfolio/project-three-sng7y-jkgxx-kmlk5-64gk3-28jj6-whllz-628j9-wrfjk-lw89h,"[""https://www.joesterloriagroup.com/"", ""https://www.joesterloriagroup.com/our-clients""]","[""portfolio_card""]"
16,The Joester Loria Group,Our Services,first_party_portfolio_presence,0.63,2,,"[""https://www.joesterloriagroup.com/"", ""https://www.joesterloriagroup.com/our-clients""]","[""semantic_anchor""]"
1814,The Joester Loria Group,Pacifico,first_party_portfolio_presence,0.91,2,https://www.joesterloriagroup.com/portfolio/project-three-sng7y-jkgxx-kmlk5-64gk3-28jj6-whllz-628j9-wrfjk,"[""https://www.joesterloriagroup.com/"", ""https://www.joesterloriagroup.com/our-clients""]","[""portfolio_card""]"
742,The Joester Loria Group,Papyrus,first_party_portfolio_presence,0.91,3,https://www.joesterloriagroup.com/portfolio/project-three-sng7y-jkgxx-kmlk5-64gk3-28jj6-whllz-628j9-wrfjk-lw89h-2swne-p255j,"[""https://www.joesterloriagroup.com/"", ""https://www.joesterloriagroup.com/our-clients"", ""https://www.licenseglobal.com/licensing-resources/top-global-licensing-agents-client-list""]","[""licenseglobal_client_list"", ""portfolio_card""]"
702,The Joester Loria Group,PepsiCo,agent_supplied_client_listing,0.84,1,,"[""https://www.licenseglobal.com/licensing-resources/top-global-licensing-agents-client-list""]","[""licenseglobal_client_list""]"
1815,The Joester Loria Group,PopTarts,first_party_portfolio_presence,0.91,2,https://www.joesterloriagroup.com/portfolio/project-three-sng7y-jkgxx-kmlk5-64gk3-28jj6-whllz-628j9-wrfjk-lw89h-2swne-p255j-d2dde-cyaj6,"[""https://www.joesterloriagroup.com/"", ""https://www.joesterloriagroup.com/our-clients""]","[""portfolio_card""]"
739,The Joester Loria Group,Post Holdings,agent_supplied_client_listing,0.84,1,,"[""https://www.licenseglobal.com/licensing-resources/top-global-licensing-agents-client-list""]","[""licenseglobal_client_list""]"
91,The Joester Loria Group,Pringles,first_party_portfolio_presence,0.91,2,https://www.joesterloriagroup.com/portfolio/project-three-sng7y-jkgxx-kmlk5-64gk3-28jj6-whllz-628j9-wrfjk-lw89h-2swne-p255j-d2dde-cyaj6-wtjy9-sm384,"[""https://www.joesterloriagroup.com/"", ""https://www.joesterloriagroup.com/our-clients""]","[""portfolio_card""]"
93,The Joester Loria Group,Rice Krispies Treats,first_party_portfolio_presence,0.91,2,https://www.joesterloriagroup.com/portfolio/project-three-sng7y-jkgxx-kmlk5-64gk3-28jj6-whllz-628j9-wrfjk-lw89h-2swne-p255j-d2dde-cyaj6-wtjy9,"[""https://www.joesterloriagroup.com/"", ""https://www.joesterloriagroup.com/our-clients""]","[""portfolio_card""]"
1479,The Joester Loria Group,Skip to Content,first_party_portfolio_presence,0.63,2,,"[""https://www.joesterloriagroup.com/"", ""https://www.joesterloriagroup.com/our-clients""]","[""semantic_anchor""]"
1816,The Joester Loria Group,Sparkling Ice,first_party_portfolio_presence,0.91,2,https://www.joesterloriagroup.com/portfolio/project-three-sng7y-jkgxx-kmlk5-64gk3-28jj6-whllz-628j9-wrfjk-lw89h-2swne-p255j-d2dde-t9py8,"[""https://www.joesterloriagroup.com/"", ""https://www.joesterloriagroup.com/our-clients""]","[""portfolio_card""]"
740,The Joester Loria Group,Talking Rain,agent_supplied_client_listing,0.84,1,,"[""https://www.licenseglobal.com/licensing-resources/top-global-licensing-agents-client-list""]","[""licenseglobal_client_list""]"
741,The Joester Loria Group,Toyota,first_party_portfolio_presence,0.91,3,https://www.joesterloriagroup.com/portfolio/project-three-sng7y-jkgxx-kmlk5-64gk3-28jj6-whllz-628j9-wrfjk-lw89h-2swne-p255j-d2dde-mexdz,"[""https://www.joesterloriagroup.com/"", ""https://www.joesterloriagroup.com/our-clients"", ""https://www.licenseglobal.com/licensing-resources/top-global-licensing-agents-client-list""]","[""licenseglobal_client_list"", ""portfolio_card""]"
1817,The Joester Loria Group,Van Holtens,first_party_portfolio_presence,0.91,2,https://www.joesterloriagroup.com/portfolio/project-three-sng7y-jkgxx-kmlk5-64gk3-28jj6-whllz-628j9-wrfjk-lw89h-2swne-p255j-d2dde-mexdz-phmz4,"[""https://www.joesterloriagroup.com/"", ""https://www.joesterloriagroup.com/our-clients""]","[""portfolio_card""]"
1818,The Joester Loria Group,Victoria,first_party_portfolio_presence,0.91,2,https://www.joesterloriagroup.com/portfolio/project-three-sng7y-jkgxx-kmlk5-64gk3-28jj6-whllz-628j9-wrfjk-lw89h-2swne-p255j-d2dde-hsr42,"[""https://www.joesterloriagroup.com/"", ""https://www.joesterloriagroup.com/our-clients""]","[""portfolio_card""]"
1819,The Joester Loria Group,WingsOfFire,first_party_portfolio_presence,0.91,2,https://www.joesterloriagroup.com/portfolio/project-three-sng7y-jkgxx-kmlk5-64gk3-28jj6-whllz-628j9-wrfjk-lw89h-2swne-p255j-d2dde-hsr42-f7kzt,"[""https://www.joesterloriagroup.com/"", ""https://www.joesterloriagroup.com/our-clients""]","[""portfolio_card""]"
1231,TreImage,Afro Goddess Warriors,agent_supplied_client_listing,0.84,1,,"[""https://www.licenseglobal.com/licensing-resources/top-global-licensing-agents-client-list""]","[""licenseglobal_client_list""]"
1227,TreImage,B Duck,agent_supplied_client_listing,0.84,1,,"[""https://www.licenseglobal.com/licensing-resources/top-global-licensing-agents-client-list""]","[""licenseglobal_client_list""]"
1229,TreImage,Fan Cup,agent_supplied_client_listing,0.84,1,,"[""https://www.licenseglobal.com/licensing-resources/top-global-licensing-agents-client-list""]","[""licenseglobal_client_list""]"
1869,TreImage,Go to Brands,first_party_portfolio_presence,0.74,2,,"[""https://treimage.com/"", ""https://treimage.com/pages/licensing-branding""]","[""portfolio_card""]"
1871,TreImage,Go to Clients,first_party_portfolio_presence,0.74,2,,"[""https://treimage.com/"", ""https://treimage.com/pages/licensing-branding""]","[""portfolio_card""]"
1232,TreImage,Head,agent_supplied_client_listing,0.84,1,,"[""https://www.licenseglobal.com/licensing-resources/top-global-licensing-agents-client-list""]","[""licenseglobal_client_list""]"
1235,TreImage,Ja Rule and Solider Boy,agent_supplied_client_listing,0.84,1,,"[""https://www.licenseglobal.com/licensing-resources/top-global-licensing-agents-client-list""]","[""licenseglobal_client_list""]"
1230,TreImage,Knuckle Heads,agent_supplied_client_listing,0.84,1,,"[""https://www.licenseglobal.com/licensing-resources/top-global-licensing-agents-client-list""]","[""licenseglobal_client_list""]"
1234,TreImage,Master P,agent_supplied_client_listing,0.84,1,,"[""https://www.licenseglobal.com/licensing-resources/top-global-licensing-agents-client-list""]","[""licenseglobal_client_list""]"
1226,TreImage,Pipeline,agent_supplied_client_listing,0.84,1,,"[""https://www.licenseglobal.com/licensing-resources/top-global-licensing-agents-client-list""]","[""licenseglobal_client_list""]"
1225,TreImage,Sunkist,agent_supplied_client_listing,0.84,1,,"[""https://www.licenseglobal.com/licensing-resources/top-global-licensing-agents-client-list""]","[""licenseglobal_client_list""]"
1870,TreImage,View All Brands,first_party_portfolio_presence,0.74,1,,"[""https://treimage.com/""]","[""portfolio_card""]"
1855,TreImage,View all clients,first_party_portfolio_presence,0.74,1,,"[""https://treimage.com/""]","[""portfolio_card""]"
1250,Tycoon Enterprises,BBC Company,agent_supplied_client_listing,0.84,1,,"[""https://www.licenseglobal.com/licensing-resources/top-global-licensing-agents-client-list""]","[""licenseglobal_client_list""]"
357,Tycoon Enterprises,Cloudco Entertainment,agent_supplied_client_listing,0.84,1,,"[""https://www.licenseglobal.com/licensing-resources/top-global-licensing-agents-client-list""]","[""licenseglobal_client_list""]"
1252,Tycoon Enterprises,FC Barcelona and Real Madrid,agent_supplied_client_listing,0.84,1,,"[""https://www.licenseglobal.com/licensing-resources/top-global-licensing-agents-client-list""]","[""licenseglobal_client_list""]"
1857,Tycoon Enterprises,Marcas,first_party_portfolio_presence,0.74,1,,"[""https://tycoon.mx/brands/""]","[""portfolio_card""]"
1248,Tycoon Enterprises,NBC Universal,agent_supplied_client_listing,0.84,1,,"[""https://www.licenseglobal.com/licensing-resources/top-global-licensing-agents-client-list""]","[""licenseglobal_client_list""]"
589,Tycoon Enterprises,Paramount,agent_supplied_client_listing,0.84,1,,"[""https://www.licenseglobal.com/licensing-resources/top-global-licensing-agents-client-list""]","[""licenseglobal_client_list""]"
586,Tycoon Enterprises,Sanrio,agent_supplied_client_listing,0.84,1,,"[""https://www.licenseglobal.com/licensing-resources/top-global-licensing-agents-client-list""]","[""licenseglobal_client_list""]"
163,Tycoon Enterprises,The Hershey Company,agent_supplied_client_listing,0.84,1,,"[""https://www.licenseglobal.com/licensing-resources/top-global-licensing-agents-client-list""]","[""licenseglobal_client_list""]"
1251,Tycoon Enterprises,VIZ Media,agent_supplied_client_listing,0.84,1,,"[""https://www.licenseglobal.com/licensing-resources/top-global-licensing-agents-client-list""]","[""licenseglobal_client_list""]"
1249,Tycoon Enterprises,Warner Brothers,agent_supplied_client_listing,0.84,1,,"[""https://www.licenseglobal.com/licensing-resources/top-global-licensing-agents-client-list""]","[""licenseglobal_client_list""]"
1262,VIZ Media,Bandai Namco Filmworks,agent_supplied_client_listing,0.84,1,,"[""https://www.licenseglobal.com/licensing-resources/top-global-licensing-agents-client-list""]","[""licenseglobal_client_list""]"
1263,VIZ Media,MBS,agent_supplied_client_listing,0.84,1,,"[""https://www.licenseglobal.com/licensing-resources/top-global-licensing-agents-client-list""]","[""licenseglobal_client_list""]"
1259,VIZ Media,NTV,agent_supplied_client_listing,0.84,1,,"[""https://www.licenseglobal.com/licensing-resources/top-global-licensing-agents-client-list""]","[""licenseglobal_client_list""]"
1264,VIZ Media,SanX and others,agent_supplied_client_listing,0.84,1,,"[""https://www.licenseglobal.com/licensing-resources/top-global-licensing-agents-client-list""]","[""licenseglobal_client_list""]"
1258,VIZ Media,ShoPro,agent_supplied_client_listing,0.84,1,,"[""https://www.licenseglobal.com/licensing-resources/top-global-licensing-agents-client-list""]","[""licenseglobal_client_list""]"
1260,VIZ Media,Shueisha,agent_supplied_client_listing,0.84,1,,"[""https://www.licenseglobal.com/licensing-resources/top-global-licensing-agents-client-list""]","[""licenseglobal_client_list""]"
1257,VIZ Media,TV Tokyo,agent_supplied_client_listing,0.84,1,,"[""https://www.licenseglobal.com/licensing-resources/top-global-licensing-agents-client-list""]","[""licenseglobal_client_list""]"
1261,VIZ Media,Warner Bros Japan,agent_supplied_client_listing,0.84,1,,"[""https://www.licenseglobal.com/licensing-resources/top-global-licensing-agents-client-list""]","[""licenseglobal_client_list""]"
1253,Valen Group,Red Robin Gourmet Burgers,agent_supplied_client_listing,0.84,1,,"[""https://www.licenseglobal.com/licensing-resources/top-global-licensing-agents-client-list""]","[""licenseglobal_client_list""]"
1254,Valen Group,Steak-umm,agent_supplied_client_listing,0.84,1,,"[""https://www.licenseglobal.com/licensing-resources/top-global-licensing-agents-client-list""]","[""licenseglobal_client_list""]"
1255,Valen Group,TELEFUNKEN,agent_supplied_client_listing,0.84,1,,"[""https://www.licenseglobal.com/licensing-resources/top-global-licensing-agents-client-list""]","[""licenseglobal_client_list""]"
1256,Valen Group,The Paleo Diet and Tree Top Juice,agent_supplied_client_listing,0.84,1,,"[""https://www.licenseglobal.com/licensing-resources/top-global-licensing-agents-client-list""]","[""licenseglobal_client_list""]"
1265,Whiteflock Brand Management,ATT,agent_supplied_client_listing,0.84,1,,"[""https://www.licenseglobal.com/licensing-resources/top-global-licensing-agents-client-list""]","[""licenseglobal_client_list""]"
1267,Whiteflock Brand Management,Cherokee USA,agent_supplied_client_listing,0.84,1,,"[""https://www.licenseglobal.com/licensing-resources/top-global-licensing-agents-client-list""]","[""licenseglobal_client_list""]"
1266,Whiteflock Brand Management,Lamborghini Oleodinamica,agent_supplied_client_listing,0.84,1,,"[""https://www.licenseglobal.com/licensing-resources/top-global-licensing-agents-client-list""]","[""licenseglobal_client_list""]"
1270,Whiteflock Brand Management,Monte Carlo Gourmet and Riviera Lifestyle,agent_supplied_client_listing,0.84,1,,"[""https://www.licenseglobal.com/licensing-resources/top-global-licensing-agents-client-list""]","[""licenseglobal_client_list""]"
1268,Whiteflock Brand Management,Original Stormtrooper,agent_supplied_client_listing,0.84,1,,"[""https://www.licenseglobal.com/licensing-resources/top-global-licensing-agents-client-list""]","[""licenseglobal_client_list""]"
1269,Whiteflock Brand Management,Romano’s Macaroni Grill,agent_supplied_client_listing,0.84,1,,"[""https://www.licenseglobal.com/licensing-resources/top-global-licensing-agents-client-list""]","[""licenseglobal_client_list""]"
143,Whiteflock Brand Management,Tonino Lamborghini,agent_supplied_client_listing,0.84,1,,"[""https://www.licenseglobal.com/licensing-resources/top-global-licensing-agents-client-list""]","[""licenseglobal_client_list""]"
1074,WildBrain CPLG,Amazon MGM Studios,agent_supplied_client_listing,0.84,1,,"[""https://www.licenseglobal.com/licensing-resources/top-global-licensing-agents-client-list""]","[""licenseglobal_client_list""]"
1283,WildBrain CPLG,Casa de Batllo,agent_supplied_client_listing,0.84,1,,"[""https://www.licenseglobal.com/licensing-resources/top-global-licensing-agents-client-list""]","[""licenseglobal_client_list""]"
594,WildBrain CPLG,Dr Seuss Enterprises,agent_supplied_client_listing,0.84,1,,"[""https://www.licenseglobal.com/licensing-resources/top-global-licensing-agents-client-list""]","[""licenseglobal_client_list""]"
1286,WildBrain CPLG,FC Barcelona and Paris Saint Germain FC,agent_supplied_client_listing,0.84,1,,"[""https://www.licenseglobal.com/licensing-resources/top-global-licensing-agents-client-list""]","[""licenseglobal_client_list""]"
1284,WildBrain CPLG,Harvard,agent_supplied_client_listing,0.84,1,,"[""https://www.licenseglobal.com/licensing-resources/top-global-licensing-agents-client-list""]","[""licenseglobal_client_list""]"
664,WildBrain CPLG,Hasbro,agent_supplied_client_listing,0.84,1,,"[""https://www.licenseglobal.com/licensing-resources/top-global-licensing-agents-client-list""]","[""licenseglobal_client_list""]"
899,WildBrain CPLG,KIKKOMAN,agent_supplied_client_listing,0.84,1,https://www.glg-brands.com/brand-licensing7/kikkoman,"[""https://www.licenseglobal.com/licensing-resources/top-global-licensing-agents-client-list""]","[""licenseglobal_client_list""]"
1282,WildBrain CPLG,Master Lock,agent_supplied_client_listing,0.84,1,,"[""https://www.licenseglobal.com/licensing-resources/top-global-licensing-agents-client-list""]","[""licenseglobal_client_list""]"
1278,WildBrain CPLG,Mercis BV,agent_supplied_client_listing,0.84,1,,"[""https://www.licenseglobal.com/licensing-resources/top-global-licensing-agents-client-list""]","[""licenseglobal_client_list""]"
1274,WildBrain CPLG,Miraculous,agent_supplied_client_listing,0.84,1,,"[""https://www.licenseglobal.com/licensing-resources/top-global-licensing-agents-client-list""]","[""licenseglobal_client_list""]"
1272,WildBrain CPLG,PLAYMOBIL,agent_supplied_client_listing,0.84,1,,"[""https://www.licenseglobal.com/licensing-resources/top-global-licensing-agents-client-list""]","[""licenseglobal_client_list""]"
590,WildBrain CPLG,Paramount,agent_supplied_client_listing,0.84,1,,"[""https://www.licenseglobal.com/licensing-resources/top-global-licensing-agents-client-list""]","[""licenseglobal_client_list""]"
1271,WildBrain CPLG,Peanuts Worldwide,agent_supplied_client_listing,0.84,1,,"[""https://www.licenseglobal.com/licensing-resources/top-global-licensing-agents-client-list""]","[""licenseglobal_client_list""]"
1276,WildBrain CPLG,Penguin Ventures,agent_supplied_client_listing,0.84,1,,"[""https://www.licenseglobal.com/licensing-resources/top-global-licensing-agents-client-list""]","[""licenseglobal_client_list""]"
904,WildBrain CPLG,Perfetti Van Melle,agent_supplied_client_listing,0.84,1,,"[""https://www.licenseglobal.com/licensing-resources/top-global-licensing-agents-client-list""]","[""licenseglobal_client_list""]"
674,WildBrain CPLG,Peugeot,agent_supplied_client_listing,0.84,1,,"[""https://www.licenseglobal.com/licensing-resources/top-global-licensing-agents-client-list""]","[""licenseglobal_client_list""]"
44,WildBrain CPLG,SEGA,agent_supplied_client_listing,0.84,1,,"[""https://www.licenseglobal.com/licensing-resources/top-global-licensing-agents-client-list""]","[""licenseglobal_client_list""]"
587,WildBrain CPLG,Sanrio,agent_supplied_client_listing,0.84,1,,"[""https://www.licenseglobal.com/licensing-resources/top-global-licensing-agents-client-list""]","[""licenseglobal_client_list""]"
307,WildBrain CPLG,Sony Pictures,agent_supplied_client_listing,0.84,1,,"[""https://www.licenseglobal.com/licensing-resources/top-global-licensing-agents-client-list""]","[""licenseglobal_client_list""]"
352,WildBrain CPLG,Spin Master,agent_supplied_client_listing,0.84,1,,"[""https://www.licenseglobal.com/licensing-resources/top-global-licensing-agents-client-list""]","[""licenseglobal_client_list""]"
1273,WildBrain CPLG,Supercell,agent_supplied_client_listing,0.84,1,,"[""https://www.licenseglobal.com/licensing-resources/top-global-licensing-agents-client-list""]","[""licenseglobal_client_list""]"
1279,WildBrain CPLG,Van Gogh Museum,agent_supplied_client_listing,0.84,1,https://imglicensing.com/brands/van-gogh-museum/,"[""https://www.licenseglobal.com/licensing-resources/top-global-licensing-agents-client-list""]","[""licenseglobal_client_list""]"
1285,WildBrain CPLG,Yale,agent_supplied_client_listing,0.84,1,,"[""https://www.licenseglobal.com/licensing-resources/top-global-licensing-agents-client-list""]","[""licenseglobal_client_list""]"
1287,WildBrain CPLG,amongst others,agent_supplied_client_listing,0.84,1,,"[""https://www.licenseglobal.com/licensing-resources/top-global-licensing-agents-client-list""]","[""licenseglobal_client_list""]"
